timestamp,instrument,epic,direction,size,open_level,current_price,profit_loss,currency,deal_id
2026-05-10 01:44:53.977147,Bitcoin ($0.1),CS.D.BITCOIN.CFBMU.IP,SELL,10.0,78714.0,80819.5,-21055.0,USD,DIAAAAXC5UQ2UAQ
2026-05-10 01:45:04.550674,Bitcoin ($0.1),CS.D.BITCOIN.CFBMU.IP,SELL,10.0,78714.0,80814.5,-21005.0,USD,DIAAAAXC5UQ2UAQ
2026-05-10 01:45:15.271717,Bitcoin ($0.1),CS.D.BITCOIN.CFBMU.IP,SELL,10.0,78714.0,80813.5,-20995.0,USD,DIAAAAXC5UQ2UAQ
2026-05-10 01:45:25.942724,Bitcoin ($0.1),CS.D.BITCOIN.CFBMU.IP,SELL,10.0,78714.0,80813.5,-20995.0,USD,DIAAAAXC5UQ2UAQ
2026-05-10 01:45:36.557606,Bitcoin ($0.1),CS.D.BITCOIN.CFBMU.IP,SELL,10.0,78714.0,80809.5,-20955.0,USD,DIAAAAXC5UQ2UAQ
2026-05-10 01:45:47.105116,Bitcoin ($0.1),CS.D.BITCOIN.CFBMU.IP,SELL,10.0,78714.0,80809.5,-20955.0,USD,DIAAAAXC5UQ2UAQ
2026-05-10 01:45:57.652073,Bitcoin ($0.1),CS.D.BITCOIN.CFBMU.IP,SELL,10.0,78714.0,80807.5,-20935.0,USD,DIAAAAXC5UQ2UAQ
2026-05-10 01:46:08.256029,Bitcoin ($0.1),CS.D.BITCOIN.CFBMU.IP,SELL,10.0,78714.0,80807.5,-20935.0,USD,DIAAAAXC5UQ2UAQ
2026-05-10 01:46:18.804640,Bitcoin ($0.1),CS.D.BITCOIN.CFBMU.IP,SELL,10.0,78714.0,80818.5,-21045.0,USD,DIAAAAXC5UQ2UAQ
2026-05-10 01:46:29.363231,Bitcoin ($0.1),CS.D.BITCOIN.CFBMU.IP,SELL,10.0,78714.0,80824.5,-21105.0,USD,DIAAAAXC5UQ2UAQ
2026-05-10 01:46:39.922602,Bitcoin ($0.1),CS.D.BITCOIN.CFBMU.IP,SELL,10.0,78714.0,80824.5,-21105.0,USD,DIAAAAXC5UQ2UAQ
2026-05-10 01:46:50.490212,Bitcoin ($0.1),CS.D.BITCOIN.CFBMU.IP,SELL,10.0,78714.0,80819.5,-21055.0,USD,DIAAAAXC5UQ2UAQ
2026-05-10 01:47:01.050304,Bitcoin ($0.1),CS.D.BITCOIN.CFBMU.IP,SELL,10.0,78714.0,80823.5,-21095.0,USD,DIAAAAXC5UQ2UAQ
2026-05-10 01:47:11.927293,Bitcoin ($0.1),CS.D.BITCOIN.CFBMU.IP,SELL,10.0,78714.0,80823.5,-21095.0,USD,DIAAAAXC5UQ2UAQ
2026-05-10 01:47:22.582565,Bitcoin ($0.1),CS.D.BITCOIN.CFBMU.IP,SELL,10.0,78714.0,80823.5,-21095.0,USD,DIAAAAXC5UQ2UAQ
2026-05-10 01:47:33.128714,Bitcoin ($0.1),CS.D.BITCOIN.CFBMU.IP,SELL,10.0,78714.0,80823.5,-21095.0,USD,DIAAAAXC5UQ2UAQ
2026-05-10 01:47:43.672389,Bitcoin ($0.1),CS.D.BITCOIN.CFBMU.IP,SELL,10.0,78714.0,80823.5,-21095.0,USD,DIAAAAXC5UQ2UAQ
2026-05-10 01:47:54.228268,Bitcoin ($0.1),CS.D.BITCOIN.CFBMU.IP,SELL,10.0,78714.0,80823.5,-21095.0,USD,DIAAAAXC5UQ2UAQ
2026-05-10 01:48:04.781024,Bitcoin ($0.1),CS.D.BITCOIN.CFBMU.IP,SELL,10.0,78714.0,80827.5,-21135.0,USD,DIAAAAXC5UQ2UAQ
2026-05-10 01:48:15.321202,Bitcoin ($0.1),CS.D.BITCOIN.CFBMU.IP,SELL,10.0,78714.0,80827.5,-21135.0,USD,DIAAAAXC5UQ2UAQ
2026-05-10 01:54:09.739546,Bitcoin ($0.1),CS.D.BITCOIN.CFBMU.IP,SELL,10.0,78714.0,80793.5,-20795.0,USD,DIAAAAXC5UQ2UAQ
2026-05-10 01:56:08.267924,Bitcoin ($0.1),CS.D.BITCOIN.CFBMU.IP,SELL,10.0,78714.0,80778.5,-20645.0,USD,DIAAAAXC5UQ2UAQ
2026-05-10 02:22:48.316793,Bitcoin ($0.1),CS.D.BITCOIN.CFBMU.IP,BUY,10.0,80857.0,80837.5,-195.0,USD,DIAAAAXE844UWA3
2026-05-10 02:30:09.176965,Bitcoin ($0.1),CS.D.BITCOIN.CFBMU.IP,BUY,10.0,80845.0,80838.5,-65.0,USD,DIAAAAXE868NLAY
2026-05-10 02:30:09.449792,Weekend Oil - US Crude ($1),IX.D.SUNCL.BMU.IP,BUY,10.0,9473.0,9425.5,-475.0,USD,DIAAAAXE84FF6A4
2026-05-10 02:30:40.019698,Bitcoin ($0.1),CS.D.BITCOIN.CFBMU.IP,BUY,10.0,80845.0,80840.5,-45.0,USD,DIAAAAXE868NLAY
2026-05-10 02:30:40.290096,Weekend Oil - US Crude ($1),IX.D.SUNCL.BMU.IP,BUY,10.0,9473.0,9425.5,-475.0,USD,DIAAAAXE84FF6A4
2026-05-10 02:31:10.902450,Bitcoin ($0.1),CS.D.BITCOIN.CFBMU.IP,BUY,10.0,80845.0,80831.5,-135.0,USD,DIAAAAXE868NLAY
2026-05-10 02:31:11.188892,Weekend Oil - US Crude ($1),IX.D.SUNCL.BMU.IP,BUY,10.0,9473.0,9425.5,-475.0,USD,DIAAAAXE84FF6A4
2026-05-10 02:31:41.742810,Bitcoin ($0.1),CS.D.BITCOIN.CFBMU.IP,BUY,10.0,80845.0,80831.5,-135.0,USD,DIAAAAXE868NLAY
2026-05-10 02:31:42.018588,Weekend Oil - US Crude ($1),IX.D.SUNCL.BMU.IP,BUY,10.0,9473.0,9425.5,-475.0,USD,DIAAAAXE84FF6A4
2026-05-10 02:32:12.956576,Bitcoin ($0.1),CS.D.BITCOIN.CFBMU.IP,BUY,10.0,80845.0,80838.5,-65.0,USD,DIAAAAXE868NLAY
2026-05-10 02:32:13.224123,Weekend Oil - US Crude ($1),IX.D.SUNCL.BMU.IP,BUY,10.0,9473.0,9425.5,-475.0,USD,DIAAAAXE84FF6A4
2026-05-10 02:32:43.839577,Bitcoin ($0.1),CS.D.BITCOIN.CFBMU.IP,BUY,10.0,80845.0,80845.5,5.0,USD,DIAAAAXE868NLAY
2026-05-10 02:32:44.112127,Weekend Oil - US Crude ($1),IX.D.SUNCL.BMU.IP,BUY,10.0,9473.0,9425.5,-475.0,USD,DIAAAAXE84FF6A4
2026-05-10 02:33:14.808336,Bitcoin ($0.1),CS.D.BITCOIN.CFBMU.IP,BUY,10.0,80845.0,80849.5,45.0,USD,DIAAAAXE868NLAY
2026-05-10 02:33:15.142088,Weekend Oil - US Crude ($1),IX.D.SUNCL.BMU.IP,BUY,10.0,9473.0,9433.5,-395.0,USD,DIAAAAXE84FF6A4
2026-05-10 02:33:45.895403,Bitcoin ($0.1),CS.D.BITCOIN.CFBMU.IP,BUY,10.0,80845.0,80849.5,45.0,USD,DIAAAAXE868NLAY
2026-05-10 02:33:46.243606,Weekend Oil - US Crude ($1),IX.D.SUNCL.BMU.IP,BUY,10.0,9473.0,9433.5,-395.0,USD,DIAAAAXE84FF6A4
2026-05-10 02:38:15.313400,Bitcoin ($0.1),CS.D.BITCOIN.CFBMU.IP,BUY,10.0,80845.0,80854.5,95.0,USD,DIAAAAXE868NLAY
2026-05-10 02:38:15.661721,Weekend Oil - US Crude ($1),IX.D.SUNCL.BMU.IP,BUY,10.0,9473.0,9433.5,-395.0,USD,DIAAAAXE84FF6A4
2026-05-10 02:38:49.591759,Bitcoin ($0.1),CS.D.BITCOIN.CFBMU.IP,BUY,10.0,80845.0,80863.5,185.0,USD,DIAAAAXE868NLAY
2026-05-10 02:38:49.865658,Weekend Oil - US Crude ($1),IX.D.SUNCL.BMU.IP,BUY,10.0,9473.0,9433.5,-395.0,USD,DIAAAAXE84FF6A4
2026-05-10 02:39:38.976651,Bitcoin ($0.1),CS.D.BITCOIN.CFBMU.IP,BUY,10.0,80845.0,80860.5,155.0,USD,DIAAAAXE868NLAY
2026-05-10 02:39:39.239826,Weekend Oil - US Crude ($1),IX.D.SUNCL.BMU.IP,BUY,10.0,9473.0,9433.5,-395.0,USD,DIAAAAXE84FF6A4
2026-05-10 02:40:13.019397,Bitcoin ($0.1),CS.D.BITCOIN.CFBMU.IP,BUY,10.0,80845.0,80860.5,155.0,USD,DIAAAAXE868NLAY
2026-05-10 02:40:13.312652,Weekend Oil - US Crude ($1),IX.D.SUNCL.BMU.IP,BUY,10.0,9473.0,9433.5,-395.0,USD,DIAAAAXE84FF6A4
2026-05-10 02:40:46.616605,Bitcoin ($0.1),CS.D.BITCOIN.CFBMU.IP,BUY,10.0,80845.0,80860.5,155.0,USD,DIAAAAXE868NLAY
2026-05-10 02:40:46.899035,Weekend Oil - US Crude ($1),IX.D.SUNCL.BMU.IP,BUY,10.0,9473.0,9433.5,-395.0,USD,DIAAAAXE84FF6A4
2026-05-10 02:41:20.308075,Bitcoin ($0.1),CS.D.BITCOIN.CFBMU.IP,BUY,10.0,80845.0,80860.5,155.0,USD,DIAAAAXE868NLAY
2026-05-10 02:41:20.652965,Weekend Oil - US Crude ($1),IX.D.SUNCL.BMU.IP,BUY,10.0,9473.0,9433.5,-395.0,USD,DIAAAAXE84FF6A4
2026-05-10 02:41:53.873426,Bitcoin ($0.1),CS.D.BITCOIN.CFBMU.IP,BUY,10.0,80845.0,80860.5,155.0,USD,DIAAAAXE868NLAY
2026-05-10 02:41:54.138872,Weekend Oil - US Crude ($1),IX.D.SUNCL.BMU.IP,BUY,10.0,9473.0,9433.5,-395.0,USD,DIAAAAXE84FF6A4
2026-05-10 02:42:27.388172,Bitcoin ($0.1),CS.D.BITCOIN.CFBMU.IP,BUY,10.0,80845.0,80864.5,195.0,USD,DIAAAAXE868NLAY
2026-05-10 02:42:27.663944,Weekend Oil - US Crude ($1),IX.D.SUNCL.BMU.IP,BUY,10.0,9473.0,9433.5,-395.0,USD,DIAAAAXE84FF6A4
2026-05-10 02:47:27.822430,Bitcoin ($0.1),CS.D.BITCOIN.CFBMU.IP,BUY,10.0,80845.0,80880.5,355.0,USD,DIAAAAXE868NLAY
2026-05-10 02:47:28.102702,Weekend Oil - US Crude ($1),IX.D.SUNCL.BMU.IP,BUY,10.0,9473.0,9433.5,-395.0,USD,DIAAAAXE84FF6A4
2026-05-10 02:48:02.230889,Bitcoin ($0.1),CS.D.BITCOIN.CFBMU.IP,BUY,10.0,80845.0,80863.5,185.0,USD,DIAAAAXE868NLAY
2026-05-10 02:48:02.580524,Weekend Oil - US Crude ($1),IX.D.SUNCL.BMU.IP,BUY,10.0,9473.0,9433.5,-395.0,USD,DIAAAAXE84FF6A4
2026-05-10 02:48:35.908480,Bitcoin ($0.1),CS.D.BITCOIN.CFBMU.IP,BUY,10.0,80845.0,80863.5,185.0,USD,DIAAAAXE868NLAY
2026-05-10 02:48:36.511710,Weekend Oil - US Crude ($1),IX.D.SUNCL.BMU.IP,BUY,10.0,9473.0,9433.5,-395.0,USD,DIAAAAXE84FF6A4
2026-05-10 02:49:09.726659,Bitcoin ($0.1),CS.D.BITCOIN.CFBMU.IP,BUY,10.0,80845.0,80863.5,185.0,USD,DIAAAAXE868NLAY
2026-05-10 02:49:10.013108,Weekend Oil - US Crude ($1),IX.D.SUNCL.BMU.IP,BUY,10.0,9473.0,9433.5,-395.0,USD,DIAAAAXE84FF6A4
2026-05-10 02:49:43.702419,Bitcoin ($0.1),CS.D.BITCOIN.CFBMU.IP,BUY,10.0,80845.0,80865.5,205.0,USD,DIAAAAXE868NLAY
2026-05-10 02:49:44.045239,Weekend Oil - US Crude ($1),IX.D.SUNCL.BMU.IP,BUY,10.0,9473.0,9433.5,-395.0,USD,DIAAAAXE84FF6A4
2026-05-10 02:50:18.093233,Bitcoin ($0.1),CS.D.BITCOIN.CFBMU.IP,BUY,10.0,80845.0,80865.5,205.0,USD,DIAAAAXE868NLAY
2026-05-10 02:50:18.428833,Weekend Oil - US Crude ($1),IX.D.SUNCL.BMU.IP,BUY,10.0,9473.0,9433.5,-395.0,USD,DIAAAAXE84FF6A4
2026-05-10 02:50:52.406492,Bitcoin ($0.1),CS.D.BITCOIN.CFBMU.IP,BUY,10.0,80845.0,80856.5,115.0,USD,DIAAAAXE868NLAY
2026-05-10 02:50:52.683804,Weekend Oil - US Crude ($1),IX.D.SUNCL.BMU.IP,BUY,10.0,9473.0,9433.5,-395.0,USD,DIAAAAXE84FF6A4
2026-05-10 02:51:26.132148,Bitcoin ($0.1),CS.D.BITCOIN.CFBMU.IP,BUY,10.0,80845.0,80828.5,-165.0,USD,DIAAAAXE868NLAY
2026-05-10 02:51:26.510167,Weekend Oil - US Crude ($1),IX.D.SUNCL.BMU.IP,BUY,10.0,9473.0,9433.5,-395.0,USD,DIAAAAXE84FF6A4
2026-05-10 02:56:28.843317,Bitcoin ($0.1),CS.D.BITCOIN.CFBMU.IP,BUY,10.0,80845.0,80783.5,-615.0,USD,DIAAAAXE868NLAY
2026-05-10 02:56:30.028867,Weekend Oil - US Crude ($1),IX.D.SUNCL.BMU.IP,BUY,10.0,9473.0,9433.5,-395.0,USD,DIAAAAXE84FF6A4
2026-05-10 02:57:03.185777,Weekend Oil - US Crude ($1),IX.D.SUNCL.BMU.IP,BUY,10.0,9473.0,9433.5,-395.0,USD,DIAAAAXE84FF6A4
2026-05-10 02:57:36.347454,Weekend Oil - US Crude ($1),IX.D.SUNCL.BMU.IP,BUY,10.0,9473.0,9433.5,-395.0,USD,DIAAAAXE84FF6A4
2026-05-10 02:58:09.769363,Weekend Oil - US Crude ($1),IX.D.SUNCL.BMU.IP,BUY,10.0,9473.0,9433.5,-395.0,USD,DIAAAAXE84FF6A4
2026-05-10 02:58:43.236386,Weekend Oil - US Crude ($1),IX.D.SUNCL.BMU.IP,BUY,10.0,9473.0,9433.5,-395.0,USD,DIAAAAXE84FF6A4
2026-05-10 02:59:23.236987,Weekend Oil - US Crude ($1),IX.D.SUNCL.BMU.IP,BUY,10.0,9473.0,9433.5,-395.0,USD,DIAAAAXE84FF6A4
2026-05-10 02:59:57.132448,Weekend Oil - US Crude ($1),IX.D.SUNCL.BMU.IP,BUY,10.0,9473.0,9433.5,-395.0,USD,DIAAAAXE84FF6A4
2026-05-10 03:00:31.662083,Weekend Oil - US Crude ($1),IX.D.SUNCL.BMU.IP,BUY,10.0,9473.0,9433.5,-395.0,USD,DIAAAAXE84FF6A4
2026-05-10 03:05:35.149271,Weekend Oil - US Crude ($1),IX.D.SUNCL.BMU.IP,BUY,10.0,9473.0,9433.5,-395.0,USD,DIAAAAXE84FF6A4
2026-05-10 03:06:08.412656,Weekend Oil - US Crude ($1),IX.D.SUNCL.BMU.IP,BUY,10.0,9473.0,9433.5,-395.0,USD,DIAAAAXE84FF6A4
2026-05-10 03:06:41.885869,Weekend Oil - US Crude ($1),IX.D.SUNCL.BMU.IP,BUY,10.0,9473.0,9433.5,-395.0,USD,DIAAAAXE84FF6A4
2026-05-10 03:07:15.518218,Weekend Oil - US Crude ($1),IX.D.SUNCL.BMU.IP,BUY,10.0,9473.0,9433.5,-395.0,USD,DIAAAAXE84FF6A4
2026-05-10 03:07:49.306229,Weekend Oil - US Crude ($1),IX.D.SUNCL.BMU.IP,BUY,10.0,9473.0,9433.5,-395.0,USD,DIAAAAXE84FF6A4
2026-05-10 03:08:23.786779,Weekend Oil - US Crude ($1),IX.D.SUNCL.BMU.IP,BUY,10.0,9473.0,9433.5,-395.0,USD,DIAAAAXE84FF6A4
2026-05-10 03:08:57.906549,Weekend Oil - US Crude ($1),IX.D.SUNCL.BMU.IP,BUY,10.0,9473.0,9433.5,-395.0,USD,DIAAAAXE84FF6A4
2026-05-10 03:09:31.579592,Weekend Oil - US Crude ($1),IX.D.SUNCL.BMU.IP,BUY,10.0,9473.0,9433.5,-395.0,USD,DIAAAAXE84FF6A4
2026-05-10 03:18:31.752526,Weekend Oil - US Crude ($1),IX.D.SUNCL.BMU.IP,BUY,10.0,9473.0,9433.5,-395.0,USD,DIAAAAXE84FF6A4
2026-05-10 03:18:32.049190,Weekend US Tech 100 ($1),IX.D.SUNNAS.BMU.IP,BUY,8.18,29278.7,29251.2,-224.95,USD,DIAAAAXE857EQAZ
2026-05-10 03:22:39.631674,Weekend Oil - US Crude ($1),IX.D.SUNCL.BMU.IP,BUY,10.0,9473.0,9433.5,-395.0,USD,DIAAAAXE84FF6A4
2026-05-10 03:22:39.971162,Weekend US Tech 100 ($1),IX.D.SUNNAS.BMU.IP,BUY,8.18,29278.7,29251.2,-224.95,USD,DIAAAAXE857EQAZ
2026-05-10 03:24:06.685904,Weekend Oil - US Crude ($1),IX.D.SUNCL.BMU.IP,BUY,10.0,9473.0,9433.5,-395.0,USD,DIAAAAXE84FF6A4
2026-05-10 03:24:06.977319,Weekend US Tech 100 ($1),IX.D.SUNNAS.BMU.IP,BUY,8.18,29278.7,29251.2,-224.95,USD,DIAAAAXE857EQAZ
2026-05-10 03:24:40.265080,Weekend Oil - US Crude ($1),IX.D.SUNCL.BMU.IP,BUY,10.0,9473.0,9433.5,-395.0,USD,DIAAAAXE84FF6A4
2026-05-10 03:24:40.542022,Weekend US Tech 100 ($1),IX.D.SUNNAS.BMU.IP,BUY,8.18,29278.7,29251.2,-224.95,USD,DIAAAAXE857EQAZ
2026-05-10 03:25:14.116327,Weekend Oil - US Crude ($1),IX.D.SUNCL.BMU.IP,BUY,10.0,9473.0,9433.5,-395.0,USD,DIAAAAXE84FF6A4
2026-05-10 03:25:14.921980,Weekend US Tech 100 ($1),IX.D.SUNNAS.BMU.IP,BUY,8.18,29278.7,29251.2,-224.95,USD,DIAAAAXE857EQAZ
2026-05-10 03:25:48.218905,Weekend Oil - US Crude ($1),IX.D.SUNCL.BMU.IP,BUY,10.0,9473.0,9433.5,-395.0,USD,DIAAAAXE84FF6A4
2026-05-10 03:25:48.489913,Weekend US Tech 100 ($1),IX.D.SUNNAS.BMU.IP,BUY,8.18,29278.7,29251.2,-224.95,USD,DIAAAAXE857EQAZ
2026-05-10 03:26:21.937251,Weekend Oil - US Crude ($1),IX.D.SUNCL.BMU.IP,BUY,10.0,9473.0,9433.5,-395.0,USD,DIAAAAXE84FF6A4
2026-05-10 03:26:22.236787,Weekend US Tech 100 ($1),IX.D.SUNNAS.BMU.IP,BUY,8.18,29278.7,29251.2,-224.95,USD,DIAAAAXE857EQAZ
2026-05-10 03:26:55.597719,Weekend Oil - US Crude ($1),IX.D.SUNCL.BMU.IP,BUY,10.0,9473.0,9433.5,-395.0,USD,DIAAAAXE84FF6A4
2026-05-10 03:26:55.967869,Weekend US Tech 100 ($1),IX.D.SUNNAS.BMU.IP,BUY,8.18,29278.7,29251.2,-224.95,USD,DIAAAAXE857EQAZ
2026-05-10 03:27:30.134777,Weekend Oil - US Crude ($1),IX.D.SUNCL.BMU.IP,BUY,10.0,9473.0,9433.5,-395.0,USD,DIAAAAXE84FF6A4
2026-05-10 03:27:30.928054,Weekend US Tech 100 ($1),IX.D.SUNNAS.BMU.IP,BUY,8.18,29278.7,29251.2,-224.95,USD,DIAAAAXE857EQAZ
2026-05-10 03:28:04.417045,Weekend Oil - US Crude ($1),IX.D.SUNCL.BMU.IP,BUY,10.0,9473.0,9433.5,-395.0,USD,DIAAAAXE84FF6A4
2026-05-10 03:28:04.693012,Weekend US Tech 100 ($1),IX.D.SUNNAS.BMU.IP,BUY,8.18,29278.7,29251.2,-224.95,USD,DIAAAAXE857EQAZ
2026-05-10 03:28:37.968176,Weekend Oil - US Crude ($1),IX.D.SUNCL.BMU.IP,BUY,10.0,9473.0,9433.5,-395.0,USD,DIAAAAXE84FF6A4
2026-05-10 03:28:48.314203,Weekend US Tech 100 ($1),IX.D.SUNNAS.BMU.IP,BUY,8.18,29278.7,29251.2,-224.95,USD,DIAAAAXE857EQAZ
2026-05-10 03:29:23.820162,Weekend Oil - US Crude ($1),IX.D.SUNCL.BMU.IP,BUY,10.0,9473.0,9433.5,-395.0,USD,DIAAAAXE84FF6A4
2026-05-10 03:29:24.105773,Weekend US Tech 100 ($1),IX.D.SUNNAS.BMU.IP,BUY,8.18,29278.7,29251.2,-224.95,USD,DIAAAAXE857EQAZ
2026-05-10 03:29:57.891992,Weekend Oil - US Crude ($1),IX.D.SUNCL.BMU.IP,BUY,10.0,9473.0,9433.5,-395.0,USD,DIAAAAXE84FF6A4
2026-05-10 03:29:58.163942,Weekend US Tech 100 ($1),IX.D.SUNNAS.BMU.IP,BUY,8.18,29278.7,29251.2,-224.95,USD,DIAAAAXE857EQAZ
2026-05-10 03:30:32.019732,Weekend Oil - US Crude ($1),IX.D.SUNCL.BMU.IP,BUY,10.0,9473.0,9433.5,-395.0,USD,DIAAAAXE84FF6A4
2026-05-10 03:30:32.621700,Weekend US Tech 100 ($1),IX.D.SUNNAS.BMU.IP,BUY,8.18,29278.7,29251.2,-224.95,USD,DIAAAAXE857EQAZ
2026-05-10 03:31:05.945086,Weekend Oil - US Crude ($1),IX.D.SUNCL.BMU.IP,BUY,10.0,9473.0,9433.5,-395.0,USD,DIAAAAXE84FF6A4
2026-05-10 03:31:06.231122,Weekend US Tech 100 ($1),IX.D.SUNNAS.BMU.IP,BUY,8.18,29278.7,29251.2,-224.95,USD,DIAAAAXE857EQAZ
2026-05-10 03:31:39.500463,Weekend Oil - US Crude ($1),IX.D.SUNCL.BMU.IP,BUY,10.0,9473.0,9433.5,-395.0,USD,DIAAAAXE84FF6A4
2026-05-10 03:31:39.800906,Weekend US Tech 100 ($1),IX.D.SUNNAS.BMU.IP,BUY,8.18,29278.7,29251.2,-224.95,USD,DIAAAAXE857EQAZ
2026-05-10 03:32:13.186555,Weekend Oil - US Crude ($1),IX.D.SUNCL.BMU.IP,BUY,10.0,9473.0,9433.5,-395.0,USD,DIAAAAXE84FF6A4
2026-05-10 03:32:14.206410,Weekend US Tech 100 ($1),IX.D.SUNNAS.BMU.IP,BUY,8.18,29278.7,29251.2,-224.95,USD,DIAAAAXE857EQAZ
2026-05-10 03:32:47.658459,Weekend Oil - US Crude ($1),IX.D.SUNCL.BMU.IP,BUY,10.0,9473.0,9433.5,-395.0,USD,DIAAAAXE84FF6A4
2026-05-10 03:32:47.935083,Weekend US Tech 100 ($1),IX.D.SUNNAS.BMU.IP,BUY,8.18,29278.7,29251.2,-224.95,USD,DIAAAAXE857EQAZ
2026-05-10 03:33:22.994966,Weekend Oil - US Crude ($1),IX.D.SUNCL.BMU.IP,BUY,10.0,9473.0,9433.5,-395.0,USD,DIAAAAXE84FF6A4
2026-05-10 03:33:23.808179,Weekend US Tech 100 ($1),IX.D.SUNNAS.BMU.IP,BUY,8.18,29278.7,29251.2,-224.95,USD,DIAAAAXE857EQAZ
2026-05-10 03:33:57.081243,Weekend Oil - US Crude ($1),IX.D.SUNCL.BMU.IP,BUY,10.0,9473.0,9433.5,-395.0,USD,DIAAAAXE84FF6A4
2026-05-10 03:33:57.541402,Weekend US Tech 100 ($1),IX.D.SUNNAS.BMU.IP,BUY,8.18,29278.7,29251.2,-224.95,USD,DIAAAAXE857EQAZ
2026-05-10 03:34:30.737630,Weekend Oil - US Crude ($1),IX.D.SUNCL.BMU.IP,BUY,10.0,9473.0,9433.5,-395.0,USD,DIAAAAXE84FF6A4
2026-05-10 03:34:31.021244,Weekend US Tech 100 ($1),IX.D.SUNNAS.BMU.IP,BUY,8.18,29278.7,29251.2,-224.95,USD,DIAAAAXE857EQAZ
2026-05-10 03:35:05.146828,Weekend Oil - US Crude ($1),IX.D.SUNCL.BMU.IP,BUY,10.0,9473.0,9433.5,-395.0,USD,DIAAAAXE84FF6A4
2026-05-10 03:35:05.488212,Weekend US Tech 100 ($1),IX.D.SUNNAS.BMU.IP,BUY,8.18,29278.7,29251.2,-224.95,USD,DIAAAAXE857EQAZ
2026-05-10 03:35:38.955254,Weekend Oil - US Crude ($1),IX.D.SUNCL.BMU.IP,BUY,10.0,9473.0,9433.5,-395.0,USD,DIAAAAXE84FF6A4
2026-05-10 03:35:39.332518,Weekend US Tech 100 ($1),IX.D.SUNNAS.BMU.IP,BUY,8.18,29278.7,29251.2,-224.95,USD,DIAAAAXE857EQAZ
2026-05-10 03:37:07.128961,Weekend Oil - US Crude ($1),IX.D.SUNCL.BMU.IP,BUY,10.0,9473.0,9433.5,-395.0,USD,DIAAAAXE84FF6A4
2026-05-10 03:37:07.417839,Weekend US Tech 100 ($1),IX.D.SUNNAS.BMU.IP,BUY,8.18,29278.7,29251.2,-224.95,USD,DIAAAAXE857EQAZ
2026-05-10 03:37:41.043680,Weekend Oil - US Crude ($1),IX.D.SUNCL.BMU.IP,BUY,10.0,9473.0,9433.5,-395.0,USD,DIAAAAXE84FF6A4
2026-05-10 03:37:41.324171,Weekend US Tech 100 ($1),IX.D.SUNNAS.BMU.IP,BUY,8.18,29278.7,29251.2,-224.95,USD,DIAAAAXE857EQAZ
2026-05-10 03:37:51.861607,Weekend Oil - US Crude ($1),IX.D.SUNCL.BMU.IP,BUY,10.0,9473.0,9433.5,-395.0,USD,DIAAAAXE84FF6A4
2026-05-10 03:37:52.160046,Weekend US Tech 100 ($1),IX.D.SUNNAS.BMU.IP,BUY,8.18,29278.7,29251.2,-224.95,USD,DIAAAAXE857EQAZ
2026-05-10 03:38:26.852436,Weekend Oil - US Crude ($1),IX.D.SUNCL.BMU.IP,BUY,10.0,9473.0,9433.5,-395.0,USD,DIAAAAXE84FF6A4
2026-05-10 03:38:27.199148,Weekend US Tech 100 ($1),IX.D.SUNNAS.BMU.IP,BUY,8.18,29278.7,29251.2,-224.95,USD,DIAAAAXE857EQAZ
2026-05-10 03:39:00.557252,Weekend Oil - US Crude ($1),IX.D.SUNCL.BMU.IP,BUY,10.0,9473.0,9433.5,-395.0,USD,DIAAAAXE84FF6A4
2026-05-10 03:39:01.328745,Weekend US Tech 100 ($1),IX.D.SUNNAS.BMU.IP,BUY,8.18,29278.7,29251.2,-224.95,USD,DIAAAAXE857EQAZ
2026-05-10 03:39:34.751990,Weekend Oil - US Crude ($1),IX.D.SUNCL.BMU.IP,BUY,10.0,9473.0,9433.5,-395.0,USD,DIAAAAXE84FF6A4
2026-05-10 03:39:35.094425,Weekend US Tech 100 ($1),IX.D.SUNNAS.BMU.IP,BUY,8.18,29278.7,29251.2,-224.95,USD,DIAAAAXE857EQAZ
2026-05-10 03:40:09.269772,Weekend Oil - US Crude ($1),IX.D.SUNCL.BMU.IP,BUY,10.0,9473.0,9433.5,-395.0,USD,DIAAAAXE84FF6A4
2026-05-10 03:40:09.575577,Weekend US Tech 100 ($1),IX.D.SUNNAS.BMU.IP,BUY,8.18,29278.7,29251.2,-224.95,USD,DIAAAAXE857EQAZ
2026-05-10 03:40:42.994407,Weekend Oil - US Crude ($1),IX.D.SUNCL.BMU.IP,BUY,10.0,9473.0,9433.5,-395.0,USD,DIAAAAXE84FF6A4
2026-05-10 03:40:43.274444,Weekend US Tech 100 ($1),IX.D.SUNNAS.BMU.IP,BUY,8.18,29278.7,29251.2,-224.95,USD,DIAAAAXE857EQAZ
2026-05-10 03:41:16.700055,Weekend Oil - US Crude ($1),IX.D.SUNCL.BMU.IP,BUY,10.0,9473.0,9433.5,-395.0,USD,DIAAAAXE84FF6A4
2026-05-10 03:41:16.973986,Weekend US Tech 100 ($1),IX.D.SUNNAS.BMU.IP,BUY,8.18,29278.7,29251.2,-224.95,USD,DIAAAAXE857EQAZ
2026-05-10 03:41:50.346412,Weekend Oil - US Crude ($1),IX.D.SUNCL.BMU.IP,BUY,10.0,9473.0,9433.5,-395.0,USD,DIAAAAXE84FF6A4
2026-05-10 03:41:50.659202,Weekend US Tech 100 ($1),IX.D.SUNNAS.BMU.IP,BUY,8.18,29278.7,29251.2,-224.95,USD,DIAAAAXE857EQAZ
2026-05-10 03:42:23.829555,Weekend Oil - US Crude ($1),IX.D.SUNCL.BMU.IP,BUY,10.0,9473.0,9433.5,-395.0,USD,DIAAAAXE84FF6A4
2026-05-10 03:42:24.137724,Weekend US Tech 100 ($1),IX.D.SUNNAS.BMU.IP,BUY,8.18,29278.7,29251.2,-224.95,USD,DIAAAAXE857EQAZ
2026-05-10 03:42:57.405219,Weekend Oil - US Crude ($1),IX.D.SUNCL.BMU.IP,BUY,10.0,9473.0,9433.5,-395.0,USD,DIAAAAXE84FF6A4
2026-05-10 03:42:57.691066,Weekend US Tech 100 ($1),IX.D.SUNNAS.BMU.IP,BUY,8.18,29278.7,29251.2,-224.95,USD,DIAAAAXE857EQAZ
2026-05-10 03:43:30.945084,Weekend Oil - US Crude ($1),IX.D.SUNCL.BMU.IP,BUY,10.0,9473.0,9433.5,-395.0,USD,DIAAAAXE84FF6A4
2026-05-10 03:43:31.296122,Weekend US Tech 100 ($1),IX.D.SUNNAS.BMU.IP,BUY,8.18,29278.7,29251.2,-224.95,USD,DIAAAAXE857EQAZ
2026-05-10 03:44:04.634611,Weekend Oil - US Crude ($1),IX.D.SUNCL.BMU.IP,BUY,10.0,9473.0,9433.5,-395.0,USD,DIAAAAXE84FF6A4
2026-05-10 03:44:04.919616,Weekend US Tech 100 ($1),IX.D.SUNNAS.BMU.IP,BUY,8.18,29278.7,29251.2,-224.95,USD,DIAAAAXE857EQAZ
2026-05-10 03:44:38.406351,Weekend Oil - US Crude ($1),IX.D.SUNCL.BMU.IP,BUY,10.0,9473.0,9433.5,-395.0,USD,DIAAAAXE84FF6A4
2026-05-10 03:44:38.771633,Weekend US Tech 100 ($1),IX.D.SUNNAS.BMU.IP,BUY,8.18,29278.7,29251.2,-224.95,USD,DIAAAAXE857EQAZ
2026-05-10 03:49:58.548161,Weekend Oil - US Crude ($1),IX.D.SUNCL.BMU.IP,BUY,10.0,9473.0,9433.5,-395.0,USD,DIAAAAXE84FF6A4
2026-05-10 03:49:58.922111,Weekend US Tech 100 ($1),IX.D.SUNNAS.BMU.IP,BUY,8.18,29278.7,29251.2,-224.95,USD,DIAAAAXE857EQAZ
2026-05-10 03:50:33.275496,Weekend Oil - US Crude ($1),IX.D.SUNCL.BMU.IP,BUY,10.0,9473.0,9433.5,-395.0,USD,DIAAAAXE84FF6A4
2026-05-10 03:50:33.894191,Weekend US Tech 100 ($1),IX.D.SUNNAS.BMU.IP,BUY,8.18,29278.7,29251.2,-224.95,USD,DIAAAAXE857EQAZ
2026-05-10 03:51:07.132624,Weekend Oil - US Crude ($1),IX.D.SUNCL.BMU.IP,BUY,10.0,9473.0,9433.5,-395.0,USD,DIAAAAXE84FF6A4
2026-05-10 03:51:07.403058,Weekend US Tech 100 ($1),IX.D.SUNNAS.BMU.IP,BUY,8.18,29278.7,29251.2,-224.95,USD,DIAAAAXE857EQAZ
2026-05-10 03:51:40.649044,Weekend Oil - US Crude ($1),IX.D.SUNCL.BMU.IP,BUY,10.0,9473.0,9433.5,-395.0,USD,DIAAAAXE84FF6A4
2026-05-10 03:51:40.910097,Weekend US Tech 100 ($1),IX.D.SUNNAS.BMU.IP,BUY,8.18,29278.7,29251.2,-224.95,USD,DIAAAAXE857EQAZ
2026-05-10 03:52:14.505645,Weekend Oil - US Crude ($1),IX.D.SUNCL.BMU.IP,BUY,10.0,9473.0,9433.5,-395.0,USD,DIAAAAXE84FF6A4
2026-05-10 03:52:14.846977,Weekend US Tech 100 ($1),IX.D.SUNNAS.BMU.IP,BUY,8.18,29278.7,29251.2,-224.95,USD,DIAAAAXE857EQAZ
2026-05-10 03:52:48.234779,Weekend Oil - US Crude ($1),IX.D.SUNCL.BMU.IP,BUY,10.0,9473.0,9433.5,-395.0,USD,DIAAAAXE84FF6A4
2026-05-10 03:52:48.502140,Weekend US Tech 100 ($1),IX.D.SUNNAS.BMU.IP,BUY,8.18,29278.7,29251.2,-224.95,USD,DIAAAAXE857EQAZ
2026-05-10 03:53:21.901661,Weekend Oil - US Crude ($1),IX.D.SUNCL.BMU.IP,BUY,10.0,9473.0,9433.5,-395.0,USD,DIAAAAXE84FF6A4
2026-05-10 03:53:22.245088,Weekend US Tech 100 ($1),IX.D.SUNNAS.BMU.IP,BUY,8.18,29278.7,29251.2,-224.95,USD,DIAAAAXE857EQAZ
2026-05-10 03:57:17.301454,Weekend Oil - US Crude ($1),IX.D.SUNCL.BMU.IP,BUY,10.0,9473.0,9433.5,-395.0,USD,DIAAAAXE84FF6A4
2026-05-10 03:57:17.581653,Weekend US Tech 100 ($1),IX.D.SUNNAS.BMU.IP,BUY,8.18,29278.7,29251.2,-224.95,USD,DIAAAAXE857EQAZ
2026-05-10 03:57:49.388966,Weekend Oil - US Crude ($1),IX.D.SUNCL.BMU.IP,BUY,10.0,9473.0,9433.5,-395.0,USD,DIAAAAXE84FF6A4
2026-05-10 03:57:49.666276,Weekend US Tech 100 ($1),IX.D.SUNNAS.BMU.IP,BUY,8.18,29278.7,29251.2,-224.95,USD,DIAAAAXE857EQAZ
2026-05-10 03:57:51.356615,Weekend Oil - US Crude ($1),IX.D.SUNCL.BMU.IP,BUY,10.0,9473.0,9433.5,-395.0,USD,DIAAAAXE84FF6A4
2026-05-10 03:57:51.632636,Weekend US Tech 100 ($1),IX.D.SUNNAS.BMU.IP,BUY,8.18,29278.7,29251.2,-224.95,USD,DIAAAAXE857EQAZ
2026-05-10 03:58:24.318038,Weekend Oil - US Crude ($1),IX.D.SUNCL.BMU.IP,BUY,10.0,9473.0,9433.5,-395.0,USD,DIAAAAXE84FF6A4
2026-05-10 03:58:24.666523,Weekend US Tech 100 ($1),IX.D.SUNNAS.BMU.IP,BUY,8.18,29278.7,29251.2,-224.95,USD,DIAAAAXE857EQAZ
2026-05-10 03:58:59.194392,Weekend Oil - US Crude ($1),IX.D.SUNCL.BMU.IP,BUY,10.0,9473.0,9433.5,-395.0,USD,DIAAAAXE84FF6A4
2026-05-10 03:58:59.452756,Weekend US Tech 100 ($1),IX.D.SUNNAS.BMU.IP,BUY,8.18,29278.7,29251.2,-224.95,USD,DIAAAAXE857EQAZ
2026-05-10 03:59:17.396885,Weekend Oil - US Crude ($1),IX.D.SUNCL.BMU.IP,BUY,10.0,9473.0,9433.5,-395.0,USD,DIAAAAXE84FF6A4
2026-05-10 03:59:17.677463,Weekend US Tech 100 ($1),IX.D.SUNNAS.BMU.IP,BUY,8.18,29278.7,29251.2,-224.95,USD,DIAAAAXE857EQAZ
2026-05-10 03:59:51.455913,Weekend Oil - US Crude ($1),IX.D.SUNCL.BMU.IP,BUY,10.0,9473.0,9433.5,-395.0,USD,DIAAAAXE84FF6A4
2026-05-10 03:59:51.764059,Weekend US Tech 100 ($1),IX.D.SUNNAS.BMU.IP,BUY,8.18,29278.7,29251.2,-224.95,USD,DIAAAAXE857EQAZ
2026-05-10 04:00:25.103026,Weekend Oil - US Crude ($1),IX.D.SUNCL.BMU.IP,BUY,10.0,9473.0,9433.5,-395.0,USD,DIAAAAXE84FF6A4
2026-05-10 04:00:25.358461,Weekend US Tech 100 ($1),IX.D.SUNNAS.BMU.IP,BUY,8.18,29278.7,29251.2,-224.95,USD,DIAAAAXE857EQAZ
2026-05-10 04:00:58.734002,Weekend Oil - US Crude ($1),IX.D.SUNCL.BMU.IP,BUY,10.0,9473.0,9433.5,-395.0,USD,DIAAAAXE84FF6A4
2026-05-10 04:00:59.061656,Weekend US Tech 100 ($1),IX.D.SUNNAS.BMU.IP,BUY,8.18,29278.7,29251.2,-224.95,USD,DIAAAAXE857EQAZ
2026-05-10 04:01:32.584519,Weekend Oil - US Crude ($1),IX.D.SUNCL.BMU.IP,BUY,10.0,9473.0,9433.5,-395.0,USD,DIAAAAXE84FF6A4
2026-05-10 04:01:32.855630,Weekend US Tech 100 ($1),IX.D.SUNNAS.BMU.IP,BUY,8.18,29278.7,29251.2,-224.95,USD,DIAAAAXE857EQAZ
2026-05-10 04:02:06.256756,Weekend Oil - US Crude ($1),IX.D.SUNCL.BMU.IP,BUY,10.0,9473.0,9433.5,-395.0,USD,DIAAAAXE84FF6A4
2026-05-10 04:02:06.862386,Weekend US Tech 100 ($1),IX.D.SUNNAS.BMU.IP,BUY,8.18,29278.7,29251.2,-224.95,USD,DIAAAAXE857EQAZ
2026-05-10 04:02:40.325086,Weekend Oil - US Crude ($1),IX.D.SUNCL.BMU.IP,BUY,10.0,9473.0,9433.5,-395.0,USD,DIAAAAXE84FF6A4
2026-05-10 04:02:40.591189,Weekend US Tech 100 ($1),IX.D.SUNNAS.BMU.IP,BUY,8.18,29278.7,29251.2,-224.95,USD,DIAAAAXE857EQAZ
2026-05-10 04:04:17.726824,Weekend Oil - US Crude ($1),IX.D.SUNCL.BMU.IP,BUY,10.0,9473.0,9433.5,-395.0,USD,DIAAAAXE84FF6A4
2026-05-10 04:04:18.001059,Weekend US Tech 100 ($1),IX.D.SUNNAS.BMU.IP,BUY,8.18,29278.7,29251.2,-224.95,USD,DIAAAAXE857EQAZ
2026-05-10 04:04:18.281243,Weekend Spot Silver ($1),IX.D.SUNSILVER.BMU.IP,BUY,10.0,8055.4,8042.9,-125.0,USD,DIAAAAXE89SP2BA
2026-05-10 04:04:51.887668,Weekend Oil - US Crude ($1),IX.D.SUNCL.BMU.IP,BUY,10.0,9473.0,9433.5,-395.0,USD,DIAAAAXE84FF6A4
2026-05-10 04:04:52.164277,Weekend US Tech 100 ($1),IX.D.SUNNAS.BMU.IP,BUY,8.18,29278.7,29251.2,-224.95,USD,DIAAAAXE857EQAZ
2026-05-10 04:04:52.430019,Weekend Spot Silver ($1),IX.D.SUNSILVER.BMU.IP,BUY,10.0,8055.4,8042.9,-125.0,USD,DIAAAAXE89SP2BA
2026-05-10 04:05:25.893465,Weekend Oil - US Crude ($1),IX.D.SUNCL.BMU.IP,BUY,10.0,9473.0,9433.5,-395.0,USD,DIAAAAXE84FF6A4
2026-05-10 04:05:26.235092,Weekend US Tech 100 ($1),IX.D.SUNNAS.BMU.IP,BUY,8.18,29278.7,29251.2,-224.95,USD,DIAAAAXE857EQAZ
2026-05-10 04:05:26.588844,Weekend Spot Silver ($1),IX.D.SUNSILVER.BMU.IP,BUY,10.0,8055.4,8042.9,-125.0,USD,DIAAAAXE89SP2BA
2026-05-10 04:05:59.853595,Weekend Oil - US Crude ($1),IX.D.SUNCL.BMU.IP,BUY,10.0,9473.0,9433.5,-395.0,USD,DIAAAAXE84FF6A4
2026-05-10 04:06:00.202678,Weekend US Tech 100 ($1),IX.D.SUNNAS.BMU.IP,BUY,8.18,29278.7,29251.2,-224.95,USD,DIAAAAXE857EQAZ
2026-05-10 04:06:00.535174,Weekend Spot Silver ($1),IX.D.SUNSILVER.BMU.IP,BUY,10.0,8055.4,8042.9,-125.0,USD,DIAAAAXE89SP2BA
2026-05-10 04:06:34.179347,Weekend Oil - US Crude ($1),IX.D.SUNCL.BMU.IP,BUY,10.0,9473.0,9433.5,-395.0,USD,DIAAAAXE84FF6A4
2026-05-10 04:06:34.446500,Weekend US Tech 100 ($1),IX.D.SUNNAS.BMU.IP,BUY,8.18,29278.7,29251.2,-224.95,USD,DIAAAAXE857EQAZ
2026-05-10 04:06:34.720246,Weekend Spot Silver ($1),IX.D.SUNSILVER.BMU.IP,BUY,10.0,8055.4,8042.9,-125.0,USD,DIAAAAXE89SP2BA
2026-05-10 04:07:08.059373,Weekend Oil - US Crude ($1),IX.D.SUNCL.BMU.IP,BUY,10.0,9473.0,9433.5,-395.0,USD,DIAAAAXE84FF6A4
2026-05-10 04:07:08.329742,Weekend US Tech 100 ($1),IX.D.SUNNAS.BMU.IP,BUY,8.18,29278.7,29251.2,-224.95,USD,DIAAAAXE857EQAZ
2026-05-10 04:07:08.595963,Weekend Spot Silver ($1),IX.D.SUNSILVER.BMU.IP,BUY,10.0,8055.4,8042.9,-125.0,USD,DIAAAAXE89SP2BA
2026-05-10 04:07:41.847946,Weekend Oil - US Crude ($1),IX.D.SUNCL.BMU.IP,BUY,10.0,9473.0,9433.5,-395.0,USD,DIAAAAXE84FF6A4
2026-05-10 04:07:42.133950,Weekend US Tech 100 ($1),IX.D.SUNNAS.BMU.IP,BUY,8.18,29278.7,29251.2,-224.95,USD,DIAAAAXE857EQAZ
2026-05-10 04:07:42.428000,Weekend Spot Silver ($1),IX.D.SUNSILVER.BMU.IP,BUY,10.0,8055.4,8042.9,-125.0,USD,DIAAAAXE89SP2BA
2026-05-10 04:07:53.873733,Weekend Oil - US Crude ($1),IX.D.SUNCL.BMU.IP,BUY,10.0,9473.0,9433.5,-395.0,USD,DIAAAAXE84FF6A4
2026-05-10 04:07:54.149717,Weekend US Tech 100 ($1),IX.D.SUNNAS.BMU.IP,BUY,8.18,29278.7,29251.2,-224.95,USD,DIAAAAXE857EQAZ
2026-05-10 04:07:54.453127,Weekend Spot Silver ($1),IX.D.SUNSILVER.BMU.IP,BUY,10.0,8055.4,8042.9,-125.0,USD,DIAAAAXE89SP2BA
2026-05-10 04:08:28.799051,Weekend Oil - US Crude ($1),IX.D.SUNCL.BMU.IP,BUY,10.0,9473.0,9433.5,-395.0,USD,DIAAAAXE84FF6A4
2026-05-10 04:08:29.136428,Weekend US Tech 100 ($1),IX.D.SUNNAS.BMU.IP,BUY,8.18,29278.7,29251.2,-224.95,USD,DIAAAAXE857EQAZ
2026-05-10 04:08:29.505398,Weekend Spot Silver ($1),IX.D.SUNSILVER.BMU.IP,BUY,10.0,8055.4,8042.9,-125.0,USD,DIAAAAXE89SP2BA
2026-05-10 04:09:02.813260,Weekend Oil - US Crude ($1),IX.D.SUNCL.BMU.IP,BUY,10.0,9473.0,9433.5,-395.0,USD,DIAAAAXE84FF6A4
2026-05-10 04:09:03.074890,Weekend US Tech 100 ($1),IX.D.SUNNAS.BMU.IP,BUY,8.18,29278.7,29251.2,-224.95,USD,DIAAAAXE857EQAZ
2026-05-10 04:09:03.338865,Weekend Spot Silver ($1),IX.D.SUNSILVER.BMU.IP,BUY,10.0,8055.4,8042.9,-125.0,USD,DIAAAAXE89SP2BA
2026-05-10 04:09:36.850646,Weekend Oil - US Crude ($1),IX.D.SUNCL.BMU.IP,BUY,10.0,9473.0,9433.5,-395.0,USD,DIAAAAXE84FF6A4
2026-05-10 04:09:37.118446,Weekend US Tech 100 ($1),IX.D.SUNNAS.BMU.IP,BUY,8.18,29278.7,29251.2,-224.95,USD,DIAAAAXE857EQAZ
2026-05-10 04:09:37.377632,Weekend Spot Silver ($1),IX.D.SUNSILVER.BMU.IP,BUY,10.0,8055.4,8042.9,-125.0,USD,DIAAAAXE89SP2BA
2026-05-10 04:10:10.718044,Weekend Oil - US Crude ($1),IX.D.SUNCL.BMU.IP,BUY,10.0,9473.0,9433.5,-395.0,USD,DIAAAAXE84FF6A4
2026-05-10 04:10:10.998247,Weekend US Tech 100 ($1),IX.D.SUNNAS.BMU.IP,BUY,8.18,29278.7,29251.2,-224.95,USD,DIAAAAXE857EQAZ
2026-05-10 04:10:11.273839,Weekend Spot Silver ($1),IX.D.SUNSILVER.BMU.IP,BUY,10.0,8055.4,8042.9,-125.0,USD,DIAAAAXE89SP2BA
2026-05-10 04:10:44.625520,Weekend Oil - US Crude ($1),IX.D.SUNCL.BMU.IP,BUY,10.0,9473.0,9433.5,-395.0,USD,DIAAAAXE84FF6A4
2026-05-10 04:10:44.972153,Weekend US Tech 100 ($1),IX.D.SUNNAS.BMU.IP,BUY,8.18,29278.7,29251.2,-224.95,USD,DIAAAAXE857EQAZ
2026-05-10 04:10:45.575038,Weekend Spot Silver ($1),IX.D.SUNSILVER.BMU.IP,BUY,10.0,8055.4,8042.9,-125.0,USD,DIAAAAXE89SP2BA
2026-05-10 04:11:19.089953,Weekend Oil - US Crude ($1),IX.D.SUNCL.BMU.IP,BUY,10.0,9473.0,9433.5,-395.0,USD,DIAAAAXE84FF6A4
2026-05-10 04:11:19.364885,Weekend US Tech 100 ($1),IX.D.SUNNAS.BMU.IP,BUY,8.18,29278.7,29251.2,-224.95,USD,DIAAAAXE857EQAZ
2026-05-10 04:11:19.709124,Weekend Spot Silver ($1),IX.D.SUNSILVER.BMU.IP,BUY,10.0,8055.4,8042.9,-125.0,USD,DIAAAAXE89SP2BA
2026-05-10 04:11:53.166347,Weekend Oil - US Crude ($1),IX.D.SUNCL.BMU.IP,BUY,10.0,9473.0,9433.5,-395.0,USD,DIAAAAXE84FF6A4
2026-05-10 04:11:53.525898,Weekend US Tech 100 ($1),IX.D.SUNNAS.BMU.IP,BUY,8.18,29278.7,29251.2,-224.95,USD,DIAAAAXE857EQAZ
2026-05-10 04:11:55.452639,Weekend Spot Silver ($1),IX.D.SUNSILVER.BMU.IP,BUY,10.0,8055.4,8042.9,-125.0,USD,DIAAAAXE89SP2BA
2026-05-10 04:13:32.327536,Weekend Oil - US Crude ($1),IX.D.SUNCL.BMU.IP,BUY,10.0,9473.0,9433.5,-395.0,USD,DIAAAAXE84FF6A4
2026-05-10 04:13:32.600649,Weekend US Tech 100 ($1),IX.D.SUNNAS.BMU.IP,BUY,8.18,29278.7,29251.2,-224.95,USD,DIAAAAXE857EQAZ
2026-05-10 04:13:32.887846,Weekend Spot Silver ($1),IX.D.SUNSILVER.BMU.IP,BUY,10.0,8055.4,8042.9,-125.0,USD,DIAAAAXE89SP2BA
2026-05-10 04:14:06.380843,Weekend Oil - US Crude ($1),IX.D.SUNCL.BMU.IP,BUY,10.0,9473.0,9433.5,-395.0,USD,DIAAAAXE84FF6A4
2026-05-10 04:14:07.198421,Weekend US Tech 100 ($1),IX.D.SUNNAS.BMU.IP,BUY,8.18,29278.7,29251.2,-224.95,USD,DIAAAAXE857EQAZ
2026-05-10 04:14:08.014042,Weekend Spot Silver ($1),IX.D.SUNSILVER.BMU.IP,BUY,10.0,8055.4,8042.9,-125.0,USD,DIAAAAXE89SP2BA
2026-05-10 04:14:41.300930,Weekend Oil - US Crude ($1),IX.D.SUNCL.BMU.IP,BUY,10.0,9473.0,9433.5,-395.0,USD,DIAAAAXE84FF6A4
2026-05-10 04:14:41.564212,Weekend US Tech 100 ($1),IX.D.SUNNAS.BMU.IP,BUY,8.18,29278.7,29251.2,-224.95,USD,DIAAAAXE857EQAZ
2026-05-10 04:14:41.842257,Weekend Spot Silver ($1),IX.D.SUNSILVER.BMU.IP,BUY,10.0,8055.4,8042.9,-125.0,USD,DIAAAAXE89SP2BA
2026-05-10 04:15:11.037396,Weekend Oil - US Crude ($1),IX.D.SUNCL.BMU.IP,BUY,10.0,9473.0,9433.5,-395.0,USD,DIAAAAXE84FF6A4
2026-05-10 04:15:11.302143,Weekend US Tech 100 ($1),IX.D.SUNNAS.BMU.IP,BUY,8.18,29278.7,29251.2,-224.95,USD,DIAAAAXE857EQAZ
2026-05-10 04:15:12.155215,Weekend Spot Silver ($1),IX.D.SUNSILVER.BMU.IP,BUY,10.0,8055.4,8042.9,-125.0,USD,DIAAAAXE89SP2BA
2026-05-10 07:04:42.824238,Weekend Oil - US Crude ($1),IX.D.SUNCL.BMU.IP,BUY,10.0,9473.0,9433.5,-395.0,USD,DIAAAAXE84FF6A4
2026-05-10 07:04:43.179792,Weekend US Tech 100 ($1),IX.D.SUNNAS.BMU.IP,BUY,8.18,29278.7,29251.2,-224.95,USD,DIAAAAXE857EQAZ
2026-05-10 07:04:43.536962,Weekend Spot Silver ($1),IX.D.SUNSILVER.BMU.IP,BUY,10.0,8055.4,8042.9,-125.0,USD,DIAAAAXE89SP2BA
2026-05-10 07:05:33.409540,Weekend Oil - US Crude ($1),IX.D.SUNCL.BMU.IP,BUY,10.0,9473.0,9433.5,-395.0,USD,DIAAAAXE84FF6A4
2026-05-10 07:05:33.757914,Weekend US Tech 100 ($1),IX.D.SUNNAS.BMU.IP,BUY,8.18,29278.7,29251.2,-224.95,USD,DIAAAAXE857EQAZ
2026-05-10 07:05:34.108723,Weekend Spot Silver ($1),IX.D.SUNSILVER.BMU.IP,BUY,10.0,8055.4,8042.9,-125.0,USD,DIAAAAXE89SP2BA
2026-05-10 16:38:56,Weekend Oil - US Crude ($1),IX.D.SUNCL.BMU.IP,BUY,10.0,9473.0,9433.5,-395.0,USD,DIAAAAXE84FF6A4
2026-05-10 16:38:56,Weekend US Tech 100 ($1),IX.D.SUNNAS.BMU.IP,BUY,8.18,29278.7,29255.2,-192.23,USD,DIAAAAXE857EQAZ
2026-05-10 16:38:56,Weekend Spot Silver ($1),IX.D.SUNSILVER.BMU.IP,BUY,10.0,8055.4,8042.9,-125.0,USD,DIAAAAXE89SP2BA
2026-05-10 16:39:45,Weekend Oil - US Crude ($1),IX.D.SUNCL.BMU.IP,BUY,10.0,9473.0,9433.5,-395.0,USD,DIAAAAXE84FF6A4
2026-05-10 16:39:46,Weekend US Tech 100 ($1),IX.D.SUNNAS.BMU.IP,BUY,8.18,29278.7,29255.2,-192.23,USD,DIAAAAXE857EQAZ
2026-05-10 16:39:46,Weekend Spot Silver ($1),IX.D.SUNSILVER.BMU.IP,BUY,10.0,8055.4,8042.9,-125.0,USD,DIAAAAXE89SP2BA
2026-05-10 16:40:35,Weekend Oil - US Crude ($1),IX.D.SUNCL.BMU.IP,BUY,10.0,9473.0,9433.5,-395.0,USD,DIAAAAXE84FF6A4
2026-05-10 16:40:36,Weekend US Tech 100 ($1),IX.D.SUNNAS.BMU.IP,BUY,8.18,29278.7,29255.2,-192.23,USD,DIAAAAXE857EQAZ
2026-05-10 16:40:36,Weekend Spot Silver ($1),IX.D.SUNSILVER.BMU.IP,BUY,10.0,8055.4,8042.9,-125.0,USD,DIAAAAXE89SP2BA
2026-05-10 16:41:25,Weekend Oil - US Crude ($1),IX.D.SUNCL.BMU.IP,BUY,10.0,9473.0,9433.5,-395.0,USD,DIAAAAXE84FF6A4
2026-05-10 16:41:25,Weekend US Tech 100 ($1),IX.D.SUNNAS.BMU.IP,BUY,8.18,29278.7,29255.2,-192.23,USD,DIAAAAXE857EQAZ
2026-05-10 16:41:25,Weekend Spot Silver ($1),IX.D.SUNSILVER.BMU.IP,BUY,10.0,8055.4,8042.9,-125.0,USD,DIAAAAXE89SP2BA
2026-05-10 16:42:15,Weekend Oil - US Crude ($1),IX.D.SUNCL.BMU.IP,BUY,10.0,9473.0,9433.5,-395.0,USD,DIAAAAXE84FF6A4
2026-05-10 16:42:16,Weekend US Tech 100 ($1),IX.D.SUNNAS.BMU.IP,BUY,8.18,29278.7,29255.2,-192.23,USD,DIAAAAXE857EQAZ
2026-05-10 16:42:16,Weekend Spot Silver ($1),IX.D.SUNSILVER.BMU.IP,BUY,10.0,8055.4,8042.9,-125.0,USD,DIAAAAXE89SP2BA
2026-05-10 16:43:05,Weekend Oil - US Crude ($1),IX.D.SUNCL.BMU.IP,BUY,10.0,9473.0,9433.5,-395.0,USD,DIAAAAXE84FF6A4
2026-05-10 16:43:05,Weekend US Tech 100 ($1),IX.D.SUNNAS.BMU.IP,BUY,8.18,29278.7,29255.2,-192.23,USD,DIAAAAXE857EQAZ
2026-05-10 16:43:05,Weekend Spot Silver ($1),IX.D.SUNSILVER.BMU.IP,BUY,10.0,8055.4,8042.9,-125.0,USD,DIAAAAXE89SP2BA
2026-05-10 16:52:53,Weekend Oil - US Crude ($1),IX.D.SUNCL.BMU.IP,BUY,10.0,9473.0,9433.5,-395.0,USD,DIAAAAXE84FF6A4
2026-05-10 16:52:53,Weekend US Tech 100 ($1),IX.D.SUNNAS.BMU.IP,BUY,8.18,29278.7,29255.2,-192.23,USD,DIAAAAXE857EQAZ
2026-05-10 16:52:53,Weekend Spot Silver ($1),IX.D.SUNSILVER.BMU.IP,BUY,10.0,8055.4,8042.9,-125.0,USD,DIAAAAXE89SP2BA
2026-05-10 16:53:42,Weekend Oil - US Crude ($1),IX.D.SUNCL.BMU.IP,BUY,10.0,9473.0,9433.5,-395.0,USD,DIAAAAXE84FF6A4
2026-05-10 16:53:42,Weekend US Tech 100 ($1),IX.D.SUNNAS.BMU.IP,BUY,8.18,29278.7,29255.2,-192.23,USD,DIAAAAXE857EQAZ
2026-05-10 16:53:42,Weekend Spot Silver ($1),IX.D.SUNSILVER.BMU.IP,BUY,10.0,8055.4,8042.9,-125.0,USD,DIAAAAXE89SP2BA
2026-05-10 16:54:31,Weekend Oil - US Crude ($1),IX.D.SUNCL.BMU.IP,BUY,10.0,9473.0,9433.5,-395.0,USD,DIAAAAXE84FF6A4
2026-05-10 16:54:31,Weekend US Tech 100 ($1),IX.D.SUNNAS.BMU.IP,BUY,8.18,29278.7,29255.2,-192.23,USD,DIAAAAXE857EQAZ
2026-05-10 16:54:32,Weekend Spot Silver ($1),IX.D.SUNSILVER.BMU.IP,BUY,10.0,8055.4,8042.9,-125.0,USD,DIAAAAXE89SP2BA
2026-05-10 16:55:20,Weekend Oil - US Crude ($1),IX.D.SUNCL.BMU.IP,BUY,10.0,9473.0,9433.5,-395.0,USD,DIAAAAXE84FF6A4
2026-05-10 16:55:21,Weekend US Tech 100 ($1),IX.D.SUNNAS.BMU.IP,BUY,8.18,29278.7,29255.2,-192.23,USD,DIAAAAXE857EQAZ
2026-05-10 16:55:21,Weekend Spot Silver ($1),IX.D.SUNSILVER.BMU.IP,BUY,10.0,8055.4,8042.9,-125.0,USD,DIAAAAXE89SP2BA
2026-05-10 16:56:10,Weekend Oil - US Crude ($1),IX.D.SUNCL.BMU.IP,BUY,10.0,9473.0,9433.5,-395.0,USD,DIAAAAXE84FF6A4
2026-05-10 16:56:10,Weekend US Tech 100 ($1),IX.D.SUNNAS.BMU.IP,BUY,8.18,29278.7,29255.2,-192.23,USD,DIAAAAXE857EQAZ
2026-05-10 16:56:10,Weekend Spot Silver ($1),IX.D.SUNSILVER.BMU.IP,BUY,10.0,8055.4,8042.9,-125.0,USD,DIAAAAXE89SP2BA
2026-05-10 16:56:59,Weekend Oil - US Crude ($1),IX.D.SUNCL.BMU.IP,BUY,10.0,9473.0,9433.5,-395.0,USD,DIAAAAXE84FF6A4
2026-05-10 16:57:00,Weekend US Tech 100 ($1),IX.D.SUNNAS.BMU.IP,BUY,8.18,29278.7,29255.2,-192.23,USD,DIAAAAXE857EQAZ
2026-05-10 16:57:00,Weekend Spot Silver ($1),IX.D.SUNSILVER.BMU.IP,BUY,10.0,8055.4,8042.9,-125.0,USD,DIAAAAXE89SP2BA
2026-05-10 16:58:59,Weekend Oil - US Crude ($1),IX.D.SUNCL.BMU.IP,BUY,10.0,9473.0,9433.5,-395.0,USD,DIAAAAXE84FF6A4
2026-05-10 16:58:59,Weekend US Tech 100 ($1),IX.D.SUNNAS.BMU.IP,BUY,8.18,29278.7,29255.2,-192.23,USD,DIAAAAXE857EQAZ
2026-05-10 16:58:59,Weekend Spot Silver ($1),IX.D.SUNSILVER.BMU.IP,BUY,10.0,8055.4,8042.9,-125.0,USD,DIAAAAXE89SP2BA
2026-05-10 16:59:48,Weekend Oil - US Crude ($1),IX.D.SUNCL.BMU.IP,BUY,10.0,9473.0,9433.5,-395.0,USD,DIAAAAXE84FF6A4
2026-05-10 16:59:48,Weekend US Tech 100 ($1),IX.D.SUNNAS.BMU.IP,BUY,8.18,29278.7,29255.2,-192.23,USD,DIAAAAXE857EQAZ
2026-05-10 16:59:49,Weekend Spot Silver ($1),IX.D.SUNSILVER.BMU.IP,BUY,10.0,8055.4,8042.9,-125.0,USD,DIAAAAXE89SP2BA
2026-05-10 17:00:37,Weekend Oil - US Crude ($1),IX.D.SUNCL.BMU.IP,BUY,10.0,9473.0,9433.5,-395.0,USD,DIAAAAXE84FF6A4
2026-05-10 17:00:38,Weekend US Tech 100 ($1),IX.D.SUNNAS.BMU.IP,BUY,8.18,29278.7,29255.2,-192.23,USD,DIAAAAXE857EQAZ
2026-05-10 17:00:38,Weekend Spot Silver ($1),IX.D.SUNSILVER.BMU.IP,BUY,10.0,8055.4,8042.9,-125.0,USD,DIAAAAXE89SP2BA
2026-05-10 17:01:27,Weekend Oil - US Crude ($1),IX.D.SUNCL.BMU.IP,BUY,10.0,9473.0,9433.5,-395.0,USD,DIAAAAXE84FF6A4
2026-05-10 17:01:27,Weekend US Tech 100 ($1),IX.D.SUNNAS.BMU.IP,BUY,8.18,29278.7,29255.2,-192.23,USD,DIAAAAXE857EQAZ
2026-05-10 17:01:28,Weekend Spot Silver ($1),IX.D.SUNSILVER.BMU.IP,BUY,10.0,8055.4,8042.9,-125.0,USD,DIAAAAXE89SP2BA
2026-05-10 17:02:16,Weekend Oil - US Crude ($1),IX.D.SUNCL.BMU.IP,BUY,10.0,9473.0,9433.5,-395.0,USD,DIAAAAXE84FF6A4
2026-05-10 17:02:17,Weekend US Tech 100 ($1),IX.D.SUNNAS.BMU.IP,BUY,8.18,29278.7,29255.2,-192.23,USD,DIAAAAXE857EQAZ
2026-05-10 17:02:17,Weekend Spot Silver ($1),IX.D.SUNSILVER.BMU.IP,BUY,10.0,8055.4,8042.9,-125.0,USD,DIAAAAXE89SP2BA
2026-05-10 17:04:39,Weekend Oil - US Crude ($1),IX.D.SUNCL.BMU.IP,BUY,10.0,9473.0,9433.5,-395.0,USD,DIAAAAXE84FF6A4
2026-05-10 17:04:39,Weekend US Tech 100 ($1),IX.D.SUNNAS.BMU.IP,BUY,8.18,29278.7,29255.2,-192.23,USD,DIAAAAXE857EQAZ
2026-05-10 17:04:39,Weekend Spot Silver ($1),IX.D.SUNSILVER.BMU.IP,BUY,10.0,8055.4,8042.9,-125.0,USD,DIAAAAXE89SP2BA
2026-05-10 17:05:28,Weekend Oil - US Crude ($1),IX.D.SUNCL.BMU.IP,BUY,10.0,9473.0,9433.5,-395.0,USD,DIAAAAXE84FF6A4
2026-05-10 17:05:28,Weekend US Tech 100 ($1),IX.D.SUNNAS.BMU.IP,BUY,8.18,29278.7,29255.2,-192.23,USD,DIAAAAXE857EQAZ
2026-05-10 17:05:29,Weekend Spot Silver ($1),IX.D.SUNSILVER.BMU.IP,BUY,10.0,8055.4,8042.9,-125.0,USD,DIAAAAXE89SP2BA
2026-05-10 17:06:17,Weekend Oil - US Crude ($1),IX.D.SUNCL.BMU.IP,BUY,10.0,9473.0,9433.5,-395.0,USD,DIAAAAXE84FF6A4
2026-05-10 17:06:18,Weekend US Tech 100 ($1),IX.D.SUNNAS.BMU.IP,BUY,8.18,29278.7,29255.2,-192.23,USD,DIAAAAXE857EQAZ
2026-05-10 17:06:18,Weekend Spot Silver ($1),IX.D.SUNSILVER.BMU.IP,BUY,10.0,8055.4,8042.9,-125.0,USD,DIAAAAXE89SP2BA
2026-05-10 17:07:07,Weekend Oil - US Crude ($1),IX.D.SUNCL.BMU.IP,BUY,10.0,9473.0,9433.5,-395.0,USD,DIAAAAXE84FF6A4
2026-05-10 17:07:07,Weekend US Tech 100 ($1),IX.D.SUNNAS.BMU.IP,BUY,8.18,29278.7,29255.2,-192.23,USD,DIAAAAXE857EQAZ
2026-05-10 17:07:07,Weekend Spot Silver ($1),IX.D.SUNSILVER.BMU.IP,BUY,10.0,8055.4,8042.9,-125.0,USD,DIAAAAXE89SP2BA
2026-05-10 17:07:56,Weekend Oil - US Crude ($1),IX.D.SUNCL.BMU.IP,BUY,10.0,9473.0,9433.5,-395.0,USD,DIAAAAXE84FF6A4
2026-05-10 17:07:57,Weekend US Tech 100 ($1),IX.D.SUNNAS.BMU.IP,BUY,8.18,29278.7,29255.2,-192.23,USD,DIAAAAXE857EQAZ
2026-05-10 17:07:57,Weekend Spot Silver ($1),IX.D.SUNSILVER.BMU.IP,BUY,10.0,8055.4,8042.9,-125.0,USD,DIAAAAXE89SP2BA
2026-05-10 17:08:46,Weekend Oil - US Crude ($1),IX.D.SUNCL.BMU.IP,BUY,10.0,9473.0,9433.5,-395.0,USD,DIAAAAXE84FF6A4
2026-05-10 17:08:46,Weekend US Tech 100 ($1),IX.D.SUNNAS.BMU.IP,BUY,8.18,29278.7,29255.2,-192.23,USD,DIAAAAXE857EQAZ
2026-05-10 17:08:46,Weekend Spot Silver ($1),IX.D.SUNSILVER.BMU.IP,BUY,10.0,8055.4,8042.9,-125.0,USD,DIAAAAXE89SP2BA
2026-05-10 17:09:35,Weekend Oil - US Crude ($1),IX.D.SUNCL.BMU.IP,BUY,10.0,9473.0,9433.5,-395.0,USD,DIAAAAXE84FF6A4
2026-05-10 17:09:35,Weekend US Tech 100 ($1),IX.D.SUNNAS.BMU.IP,BUY,8.18,29278.7,29255.2,-192.23,USD,DIAAAAXE857EQAZ
2026-05-10 17:09:36,Weekend Spot Silver ($1),IX.D.SUNSILVER.BMU.IP,BUY,10.0,8055.4,8042.9,-125.0,USD,DIAAAAXE89SP2BA
2026-05-10 17:11:28,Weekend Oil - US Crude ($1),IX.D.SUNCL.BMU.IP,BUY,10.0,9473.0,9433.5,-395.0,USD,DIAAAAXE84FF6A4
2026-05-10 17:11:28,Weekend US Tech 100 ($1),IX.D.SUNNAS.BMU.IP,BUY,8.18,29278.7,29255.2,-192.23,USD,DIAAAAXE857EQAZ
2026-05-10 17:11:29,Weekend Spot Silver ($1),IX.D.SUNSILVER.BMU.IP,BUY,10.0,8055.4,8042.9,-125.0,USD,DIAAAAXE89SP2BA
2026-05-10 17:12:17,Weekend Oil - US Crude ($1),IX.D.SUNCL.BMU.IP,BUY,10.0,9473.0,9433.5,-395.0,USD,DIAAAAXE84FF6A4
2026-05-10 17:12:18,Weekend US Tech 100 ($1),IX.D.SUNNAS.BMU.IP,BUY,8.18,29278.7,29255.2,-192.23,USD,DIAAAAXE857EQAZ
2026-05-10 17:12:18,Weekend Spot Silver ($1),IX.D.SUNSILVER.BMU.IP,BUY,10.0,8055.4,8042.9,-125.0,USD,DIAAAAXE89SP2BA
2026-05-10 17:13:07,Weekend Oil - US Crude ($1),IX.D.SUNCL.BMU.IP,BUY,10.0,9473.0,9433.5,-395.0,USD,DIAAAAXE84FF6A4
2026-05-10 17:13:07,Weekend US Tech 100 ($1),IX.D.SUNNAS.BMU.IP,BUY,8.18,29278.7,29255.2,-192.23,USD,DIAAAAXE857EQAZ
2026-05-10 17:13:08,Weekend Spot Silver ($1),IX.D.SUNSILVER.BMU.IP,BUY,10.0,8055.4,8042.9,-125.0,USD,DIAAAAXE89SP2BA
2026-05-10 17:16:38,Weekend Oil - US Crude ($1),IX.D.SUNCL.BMU.IP,BUY,10.0,9473.0,9433.5,-395.0,USD,DIAAAAXE84FF6A4
2026-05-10 17:16:38,Weekend US Tech 100 ($1),IX.D.SUNNAS.BMU.IP,BUY,8.18,29278.7,29255.2,-192.23,USD,DIAAAAXE857EQAZ
2026-05-10 17:16:38,Weekend Spot Silver ($1),IX.D.SUNSILVER.BMU.IP,BUY,10.0,8055.4,8042.9,-125.0,USD,DIAAAAXE89SP2BA
2026-05-10 17:17:28,Weekend Oil - US Crude ($1),IX.D.SUNCL.BMU.IP,BUY,10.0,9473.0,9433.5,-395.0,USD,DIAAAAXE84FF6A4
2026-05-10 17:17:28,Weekend US Tech 100 ($1),IX.D.SUNNAS.BMU.IP,BUY,8.18,29278.7,29255.2,-192.23,USD,DIAAAAXE857EQAZ
2026-05-10 17:17:29,Weekend Spot Silver ($1),IX.D.SUNSILVER.BMU.IP,BUY,10.0,8055.4,8042.9,-125.0,USD,DIAAAAXE89SP2BA
2026-05-10 17:18:17,Weekend Oil - US Crude ($1),IX.D.SUNCL.BMU.IP,BUY,10.0,9473.0,9433.5,-395.0,USD,DIAAAAXE84FF6A4
2026-05-10 17:18:18,Weekend US Tech 100 ($1),IX.D.SUNNAS.BMU.IP,BUY,8.18,29278.7,29255.2,-192.23,USD,DIAAAAXE857EQAZ
2026-05-10 17:18:18,Weekend Spot Silver ($1),IX.D.SUNSILVER.BMU.IP,BUY,10.0,8055.4,8042.9,-125.0,USD,DIAAAAXE89SP2BA
2026-05-10 17:19:29,Weekend Oil - US Crude ($1),IX.D.SUNCL.BMU.IP,BUY,10.0,9473.0,9433.5,-395.0,USD,DIAAAAXE84FF6A4
2026-05-10 17:19:29,Weekend US Tech 100 ($1),IX.D.SUNNAS.BMU.IP,BUY,8.18,29278.7,29255.2,-192.23,USD,DIAAAAXE857EQAZ
2026-05-10 17:19:30,Weekend Spot Silver ($1),IX.D.SUNSILVER.BMU.IP,BUY,10.0,8055.4,8042.9,-125.0,USD,DIAAAAXE89SP2BA
2026-05-10 17:20:18,Weekend Oil - US Crude ($1),IX.D.SUNCL.BMU.IP,BUY,10.0,9473.0,9433.5,-395.0,USD,DIAAAAXE84FF6A4
2026-05-10 17:20:19,Weekend US Tech 100 ($1),IX.D.SUNNAS.BMU.IP,BUY,8.18,29278.7,29255.2,-192.23,USD,DIAAAAXE857EQAZ
2026-05-10 17:20:19,Weekend Spot Silver ($1),IX.D.SUNSILVER.BMU.IP,BUY,10.0,8055.4,8042.9,-125.0,USD,DIAAAAXE89SP2BA
2026-05-10 17:21:08,Weekend Oil - US Crude ($1),IX.D.SUNCL.BMU.IP,BUY,10.0,9473.0,9433.5,-395.0,USD,DIAAAAXE84FF6A4
2026-05-10 17:21:09,Weekend US Tech 100 ($1),IX.D.SUNNAS.BMU.IP,BUY,8.18,29278.7,29255.2,-192.23,USD,DIAAAAXE857EQAZ
2026-05-10 17:21:09,Weekend Spot Silver ($1),IX.D.SUNSILVER.BMU.IP,BUY,10.0,8055.4,8042.9,-125.0,USD,DIAAAAXE89SP2BA
2026-05-10 17:21:58,Weekend Oil - US Crude ($1),IX.D.SUNCL.BMU.IP,BUY,10.0,9473.0,9433.5,-395.0,USD,DIAAAAXE84FF6A4
2026-05-10 17:21:58,Weekend US Tech 100 ($1),IX.D.SUNNAS.BMU.IP,BUY,8.18,29278.7,29255.2,-192.23,USD,DIAAAAXE857EQAZ
2026-05-10 17:21:59,Weekend Spot Silver ($1),IX.D.SUNSILVER.BMU.IP,BUY,10.0,8055.4,8042.9,-125.0,USD,DIAAAAXE89SP2BA
2026-05-10 17:29:41+00:00,Weekend Oil - US Crude ($1),IX.D.SUNCL.BMU.IP,BUY,10.0,9473.0,9433.5,-395.0,USD,DIAAAAXE84FF6A4
2026-05-10 17:29:41+00:00,Weekend US Tech 100 ($1),IX.D.SUNNAS.BMU.IP,BUY,8.18,29278.7,29255.2,-192.23,USD,DIAAAAXE857EQAZ
2026-05-10 17:29:42+00:00,Weekend Spot Silver ($1),IX.D.SUNSILVER.BMU.IP,BUY,10.0,8055.4,8042.9,-125.0,USD,DIAAAAXE89SP2BA
2026-05-10 17:30:31+00:00,Weekend Oil - US Crude ($1),IX.D.SUNCL.BMU.IP,BUY,10.0,9473.0,9433.5,-395.0,USD,DIAAAAXE84FF6A4
2026-05-10 17:30:31+00:00,Weekend US Tech 100 ($1),IX.D.SUNNAS.BMU.IP,BUY,8.18,29278.7,29255.2,-192.23,USD,DIAAAAXE857EQAZ
2026-05-10 17:30:31+00:00,Weekend Spot Silver ($1),IX.D.SUNSILVER.BMU.IP,BUY,10.0,8055.4,8042.9,-125.0,USD,DIAAAAXE89SP2BA
2026-05-10 17:31:20+00:00,Weekend Oil - US Crude ($1),IX.D.SUNCL.BMU.IP,BUY,10.0,9473.0,9433.5,-395.0,USD,DIAAAAXE84FF6A4
2026-05-10 17:31:20+00:00,Weekend US Tech 100 ($1),IX.D.SUNNAS.BMU.IP,BUY,8.18,29278.7,29255.2,-192.23,USD,DIAAAAXE857EQAZ
2026-05-10 17:31:21+00:00,Weekend Spot Silver ($1),IX.D.SUNSILVER.BMU.IP,BUY,10.0,8055.4,8042.9,-125.0,USD,DIAAAAXE89SP2BA
2026-05-10 17:33:46+00:00,Weekend Oil - US Crude ($1),IX.D.SUNCL.BMU.IP,BUY,10.0,9473.0,9433.5,-395.0,USD,DIAAAAXE84FF6A4
2026-05-10 17:33:47+00:00,Weekend US Tech 100 ($1),IX.D.SUNNAS.BMU.IP,BUY,8.18,29278.7,29255.2,-192.23,USD,DIAAAAXE857EQAZ
2026-05-10 17:33:48+00:00,Weekend Spot Silver ($1),IX.D.SUNSILVER.BMU.IP,BUY,10.0,8055.4,8042.9,-125.0,USD,DIAAAAXE89SP2BA
2026-05-10 17:34:37+00:00,Weekend Oil - US Crude ($1),IX.D.SUNCL.BMU.IP,BUY,10.0,9473.0,9433.5,-395.0,USD,DIAAAAXE84FF6A4
2026-05-10 17:34:37+00:00,Weekend US Tech 100 ($1),IX.D.SUNNAS.BMU.IP,BUY,8.18,29278.7,29255.2,-192.23,USD,DIAAAAXE857EQAZ
2026-05-10 17:34:37+00:00,Weekend Spot Silver ($1),IX.D.SUNSILVER.BMU.IP,BUY,10.0,8055.4,8042.9,-125.0,USD,DIAAAAXE89SP2BA
2026-05-10 17:50:21+00:00,Weekend Oil - US Crude ($1),IX.D.SUNCL.BMU.IP,BUY,10.0,9473.0,9433.5,-395.0,USD,DIAAAAXE84FF6A4
2026-05-10 17:50:22+00:00,Weekend US Tech 100 ($1),IX.D.SUNNAS.BMU.IP,BUY,8.18,29278.7,29255.2,-192.23,USD,DIAAAAXE857EQAZ
2026-05-10 17:50:23+00:00,Weekend Spot Silver ($1),IX.D.SUNSILVER.BMU.IP,BUY,10.0,8055.4,8042.9,-125.0,USD,DIAAAAXE89SP2BA
2026-05-10 17:51:12+00:00,Weekend Oil - US Crude ($1),IX.D.SUNCL.BMU.IP,BUY,10.0,9473.0,9433.5,-395.0,USD,DIAAAAXE84FF6A4
2026-05-10 17:51:12+00:00,Weekend US Tech 100 ($1),IX.D.SUNNAS.BMU.IP,BUY,8.18,29278.7,29255.2,-192.23,USD,DIAAAAXE857EQAZ
2026-05-10 17:51:12+00:00,Weekend Spot Silver ($1),IX.D.SUNSILVER.BMU.IP,BUY,10.0,8055.4,8042.9,-125.0,USD,DIAAAAXE89SP2BA
2026-05-10 17:52:01+00:00,Weekend Oil - US Crude ($1),IX.D.SUNCL.BMU.IP,BUY,10.0,9473.0,9433.5,-395.0,USD,DIAAAAXE84FF6A4
2026-05-10 17:52:01+00:00,Weekend US Tech 100 ($1),IX.D.SUNNAS.BMU.IP,BUY,8.18,29278.7,29255.2,-192.23,USD,DIAAAAXE857EQAZ
2026-05-10 17:52:02+00:00,Weekend Spot Silver ($1),IX.D.SUNSILVER.BMU.IP,BUY,10.0,8055.4,8042.9,-125.0,USD,DIAAAAXE89SP2BA
2026-05-10 17:52:51+00:00,Weekend Oil - US Crude ($1),IX.D.SUNCL.BMU.IP,BUY,10.0,9473.0,9433.5,-395.0,USD,DIAAAAXE84FF6A4
2026-05-10 17:52:51+00:00,Weekend US Tech 100 ($1),IX.D.SUNNAS.BMU.IP,BUY,8.18,29278.7,29255.2,-192.23,USD,DIAAAAXE857EQAZ
2026-05-10 17:52:51+00:00,Weekend Spot Silver ($1),IX.D.SUNSILVER.BMU.IP,BUY,10.0,8055.4,8042.9,-125.0,USD,DIAAAAXE89SP2BA
2026-05-10 17:53:46+00:00,Weekend Oil - US Crude ($1),IX.D.SUNCL.BMU.IP,BUY,10.0,9473.0,9433.5,-395.0,USD,DIAAAAXE84FF6A4
2026-05-10 17:53:46+00:00,Weekend US Tech 100 ($1),IX.D.SUNNAS.BMU.IP,BUY,8.18,29278.7,29255.2,-192.23,USD,DIAAAAXE857EQAZ
2026-05-10 17:53:46+00:00,Weekend Spot Silver ($1),IX.D.SUNSILVER.BMU.IP,BUY,10.0,8055.4,8042.9,-125.0,USD,DIAAAAXE89SP2BA
2026-05-10 17:54:35+00:00,Weekend Oil - US Crude ($1),IX.D.SUNCL.BMU.IP,BUY,10.0,9473.0,9433.5,-395.0,USD,DIAAAAXE84FF6A4
2026-05-10 17:54:36+00:00,Weekend US Tech 100 ($1),IX.D.SUNNAS.BMU.IP,BUY,8.18,29278.7,29255.2,-192.23,USD,DIAAAAXE857EQAZ
2026-05-10 17:54:36+00:00,Weekend Spot Silver ($1),IX.D.SUNSILVER.BMU.IP,BUY,10.0,8055.4,8042.9,-125.0,USD,DIAAAAXE89SP2BA
2026-05-10 17:55:25+00:00,Weekend Oil - US Crude ($1),IX.D.SUNCL.BMU.IP,BUY,10.0,9473.0,9433.5,-395.0,USD,DIAAAAXE84FF6A4
2026-05-10 17:55:25+00:00,Weekend US Tech 100 ($1),IX.D.SUNNAS.BMU.IP,BUY,8.18,29278.7,29255.2,-192.23,USD,DIAAAAXE857EQAZ
2026-05-10 17:55:26+00:00,Weekend Spot Silver ($1),IX.D.SUNSILVER.BMU.IP,BUY,10.0,8055.4,8042.9,-125.0,USD,DIAAAAXE89SP2BA
2026-05-10 18:00:14+00:00,Weekend Oil - US Crude ($1),IX.D.SUNCL.BMU.IP,BUY,10.0,9473.0,9433.5,-395.0,USD,DIAAAAXE84FF6A4
2026-05-10 18:00:14+00:00,Weekend US Tech 100 ($1),IX.D.SUNNAS.BMU.IP,BUY,8.18,29278.7,29255.2,-192.23,USD,DIAAAAXE857EQAZ
2026-05-10 18:00:14+00:00,Weekend Spot Silver ($1),IX.D.SUNSILVER.BMU.IP,BUY,10.0,8055.4,8042.9,-125.0,USD,DIAAAAXE89SP2BA
2026-05-10 18:01:03+00:00,Weekend Oil - US Crude ($1),IX.D.SUNCL.BMU.IP,BUY,10.0,9473.0,9433.5,-395.0,USD,DIAAAAXE84FF6A4
2026-05-10 18:01:03+00:00,Weekend US Tech 100 ($1),IX.D.SUNNAS.BMU.IP,BUY,8.18,29278.7,29255.2,-192.23,USD,DIAAAAXE857EQAZ
2026-05-10 18:01:04+00:00,Weekend Spot Silver ($1),IX.D.SUNSILVER.BMU.IP,BUY,10.0,8055.4,8042.9,-125.0,USD,DIAAAAXE89SP2BA
2026-05-10 18:13:41+00:00,Weekend Oil - US Crude ($1),IX.D.SUNCL.BMU.IP,BUY,10.0,9473.0,9433.5,-395.0,USD,DIAAAAXE84FF6A4
2026-05-10 18:13:42+00:00,Weekend US Tech 100 ($1),IX.D.SUNNAS.BMU.IP,BUY,8.18,29278.7,29255.2,-192.23,USD,DIAAAAXE857EQAZ
2026-05-10 18:13:42+00:00,Weekend Spot Silver ($1),IX.D.SUNSILVER.BMU.IP,BUY,10.0,8055.4,8042.9,-125.0,USD,DIAAAAXE89SP2BA
2026-05-10 18:14:32+00:00,Weekend Oil - US Crude ($1),IX.D.SUNCL.BMU.IP,BUY,10.0,9473.0,9433.5,-395.0,USD,DIAAAAXE84FF6A4
2026-05-10 18:14:32+00:00,Weekend US Tech 100 ($1),IX.D.SUNNAS.BMU.IP,BUY,8.18,29278.7,29255.2,-192.23,USD,DIAAAAXE857EQAZ
2026-05-10 18:14:32+00:00,Weekend Spot Silver ($1),IX.D.SUNSILVER.BMU.IP,BUY,10.0,8055.4,8042.9,-125.0,USD,DIAAAAXE89SP2BA
2026-05-10 18:15:22+00:00,Weekend Oil - US Crude ($1),IX.D.SUNCL.BMU.IP,BUY,10.0,9473.0,9433.5,-395.0,USD,DIAAAAXE84FF6A4
2026-05-10 18:15:23+00:00,Weekend US Tech 100 ($1),IX.D.SUNNAS.BMU.IP,BUY,8.18,29278.7,29255.2,-192.23,USD,DIAAAAXE857EQAZ
2026-05-10 18:15:23+00:00,Weekend Spot Silver ($1),IX.D.SUNSILVER.BMU.IP,BUY,10.0,8055.4,8042.9,-125.0,USD,DIAAAAXE89SP2BA
2026-05-10 18:16:13+00:00,Weekend Oil - US Crude ($1),IX.D.SUNCL.BMU.IP,BUY,10.0,9473.0,9433.5,-395.0,USD,DIAAAAXE84FF6A4
2026-05-10 18:16:13+00:00,Weekend US Tech 100 ($1),IX.D.SUNNAS.BMU.IP,BUY,8.18,29278.7,29255.2,-192.23,USD,DIAAAAXE857EQAZ
2026-05-10 18:16:13+00:00,Weekend Spot Silver ($1),IX.D.SUNSILVER.BMU.IP,BUY,10.0,8055.4,8042.9,-125.0,USD,DIAAAAXE89SP2BA
2026-05-10 18:17:02+00:00,Weekend Oil - US Crude ($1),IX.D.SUNCL.BMU.IP,BUY,10.0,9473.0,9433.5,-395.0,USD,DIAAAAXE84FF6A4
2026-05-10 18:17:03+00:00,Weekend US Tech 100 ($1),IX.D.SUNNAS.BMU.IP,BUY,8.18,29278.7,29255.2,-192.23,USD,DIAAAAXE857EQAZ
2026-05-10 18:17:03+00:00,Weekend Spot Silver ($1),IX.D.SUNSILVER.BMU.IP,BUY,10.0,8055.4,8042.9,-125.0,USD,DIAAAAXE89SP2BA
2026-05-10 18:17:52+00:00,Weekend Oil - US Crude ($1),IX.D.SUNCL.BMU.IP,BUY,10.0,9473.0,9433.5,-395.0,USD,DIAAAAXE84FF6A4
2026-05-10 18:17:53+00:00,Weekend US Tech 100 ($1),IX.D.SUNNAS.BMU.IP,BUY,8.18,29278.7,29255.2,-192.23,USD,DIAAAAXE857EQAZ
2026-05-10 18:17:53+00:00,Weekend Spot Silver ($1),IX.D.SUNSILVER.BMU.IP,BUY,10.0,8055.4,8042.9,-125.0,USD,DIAAAAXE89SP2BA
2026-05-10 18:18:41+00:00,Weekend Oil - US Crude ($1),IX.D.SUNCL.BMU.IP,BUY,10.0,9473.0,9433.5,-395.0,USD,DIAAAAXE84FF6A4
2026-05-10 18:18:42+00:00,Weekend US Tech 100 ($1),IX.D.SUNNAS.BMU.IP,BUY,8.18,29278.7,29255.2,-192.23,USD,DIAAAAXE857EQAZ
2026-05-10 18:18:42+00:00,Weekend Spot Silver ($1),IX.D.SUNSILVER.BMU.IP,BUY,10.0,8055.4,8042.9,-125.0,USD,DIAAAAXE89SP2BA
2026-05-10 18:19:32+00:00,Weekend Oil - US Crude ($1),IX.D.SUNCL.BMU.IP,BUY,10.0,9473.0,9433.5,-395.0,USD,DIAAAAXE84FF6A4
2026-05-10 18:19:32+00:00,Weekend US Tech 100 ($1),IX.D.SUNNAS.BMU.IP,BUY,8.18,29278.7,29255.2,-192.23,USD,DIAAAAXE857EQAZ
2026-05-10 18:19:32+00:00,Weekend Spot Silver ($1),IX.D.SUNSILVER.BMU.IP,BUY,10.0,8055.4,8042.9,-125.0,USD,DIAAAAXE89SP2BA
2026-05-13 00:59:12+00:00,US Tech 100 Cash ($1),IX.D.NASDAQ.IFMM.IP,BUY,8.18,29107.0,28945.199999999997,-1323.524,USD,DIAAAAXE9N2DHAK
2026-05-13 00:59:12+00:00,Oil - US Crude ($1),CC.D.CL.BMU.IP,BUY,10.0,9477.2,10228.2,7510.0,USD,DIAAAAXE9N2LDAK
2026-05-13 00:59:13+00:00,Spot Silver ($1),CS.D.CFDSILVER.BMU.IP,BUY,10.0,8009.2,8628.4,6192.0,USD,DIAAAAXE9N2MHAK
2026-05-13 01:56:20+00:00,5-Year T-Note Decimalised ($2),IR.D.05YEAR100.FWM2.IP,SELL,10.0,10737.7,10738.7,-10.0,USD,DIAAAAXF6Q7HMAJ
2026-05-13 01:56:20+00:00,No Lead Gasoline ($4.20),CC.D.RB.UNC.IP,BUY,1.0,37065.0,37014.0,-51.0,USD,DIAAAAXF6Q7L9AJ
2026-05-13 01:56:20+00:00,Wall Street Cash ($1),IX.D.DOW.BMU.IP,BUY,10.0,49756.1,49752.3,-38.0,USD,DIAAAAXF6Q7QQAJ
2026-05-13 01:57:03+00:00,5-Year T-Note Decimalised ($2),IR.D.05YEAR100.FWM2.IP,SELL,10.0,10737.7,10738.7,-10.0,USD,DIAAAAXF6Q7HMAJ
2026-05-13 01:57:03+00:00,No Lead Gasoline ($4.20),CC.D.RB.UNC.IP,BUY,1.0,37065.0,37012.0,-53.0,USD,DIAAAAXF6Q7L9AJ
2026-05-13 01:57:03+00:00,Wall Street Cash ($1),IX.D.DOW.BMU.IP,BUY,10.0,49756.1,49746.7,-94.0,USD,DIAAAAXF6Q7QQAJ
2026-05-13 01:57:46+00:00,5-Year T-Note Decimalised ($2),IR.D.05YEAR100.FWM2.IP,SELL,10.0,10737.7,10738.7,-10.0,USD,DIAAAAXF6Q7HMAJ
2026-05-13 01:57:46+00:00,No Lead Gasoline ($4.20),CC.D.RB.UNC.IP,BUY,1.0,37065.0,37017.0,-48.0,USD,DIAAAAXF6Q7L9AJ
2026-05-13 01:57:47+00:00,Wall Street Cash ($1),IX.D.DOW.BMU.IP,BUY,10.0,49756.1,49751.8,-43.0,USD,DIAAAAXF6Q7QQAJ
2026-05-13 01:58:30+00:00,5-Year T-Note Decimalised ($2),IR.D.05YEAR100.FWM2.IP,SELL,10.0,10737.7,10738.7,-10.0,USD,DIAAAAXF6Q7HMAJ
2026-05-13 01:58:30+00:00,No Lead Gasoline ($4.20),CC.D.RB.UNC.IP,BUY,1.0,37065.0,37020.0,-45.0,USD,DIAAAAXF6Q7L9AJ
2026-05-13 01:58:30+00:00,Wall Street Cash ($1),IX.D.DOW.BMU.IP,BUY,10.0,49756.1,49757.8,17.0,USD,DIAAAAXF6Q7QQAJ
2026-05-13 01:59:13+00:00,5-Year T-Note Decimalised ($2),IR.D.05YEAR100.FWM2.IP,SELL,10.0,10737.7,10738.7,-10.0,USD,DIAAAAXF6Q7HMAJ
2026-05-13 01:59:13+00:00,No Lead Gasoline ($4.20),CC.D.RB.UNC.IP,BUY,1.0,37065.0,37020.0,-45.0,USD,DIAAAAXF6Q7L9AJ
2026-05-13 01:59:14+00:00,Wall Street Cash ($1),IX.D.DOW.BMU.IP,BUY,10.0,49756.1,49752.9,-32.0,USD,DIAAAAXF6Q7QQAJ
2026-05-13 01:59:56+00:00,5-Year T-Note Decimalised ($2),IR.D.05YEAR100.FWM2.IP,SELL,10.0,10737.7,10738.7,-10.0,USD,DIAAAAXF6Q7HMAJ
2026-05-13 01:59:57+00:00,No Lead Gasoline ($4.20),CC.D.RB.UNC.IP,BUY,1.0,37065.0,37021.0,-44.0,USD,DIAAAAXF6Q7L9AJ
2026-05-13 01:59:57+00:00,Wall Street Cash ($1),IX.D.DOW.BMU.IP,BUY,10.0,49756.1,49760.3,42.0,USD,DIAAAAXF6Q7QQAJ
2026-05-13 02:00:40+00:00,5-Year T-Note Decimalised ($2),IR.D.05YEAR100.FWM2.IP,SELL,10.0,10737.7,10738.7,-10.0,USD,DIAAAAXF6Q7HMAJ
2026-05-13 02:00:40+00:00,No Lead Gasoline ($4.20),CC.D.RB.UNC.IP,BUY,1.0,37065.0,37031.0,-34.0,USD,DIAAAAXF6Q7L9AJ
2026-05-13 02:00:40+00:00,Wall Street Cash ($1),IX.D.DOW.BMU.IP,BUY,10.0,49756.1,49756.4,3.0,USD,DIAAAAXF6Q7QQAJ
2026-05-13 02:01:24+00:00,5-Year T-Note Decimalised ($2),IR.D.05YEAR100.FWM2.IP,SELL,10.0,10737.7,10738.7,-10.0,USD,DIAAAAXF6Q7HMAJ
2026-05-13 02:01:24+00:00,No Lead Gasoline ($4.20),CC.D.RB.UNC.IP,BUY,1.0,37065.0,37015.0,-50.0,USD,DIAAAAXF6Q7L9AJ
2026-05-13 02:01:24+00:00,Wall Street Cash ($1),IX.D.DOW.BMU.IP,BUY,10.0,49756.1,49755.1,-10.0,USD,DIAAAAXF6Q7QQAJ
2026-05-13 02:02:07+00:00,5-Year T-Note Decimalised ($2),IR.D.05YEAR100.FWM2.IP,SELL,10.0,10737.7,10738.7,-10.0,USD,DIAAAAXF6Q7HMAJ
2026-05-13 02:02:07+00:00,No Lead Gasoline ($4.20),CC.D.RB.UNC.IP,BUY,1.0,37065.0,37004.0,-61.0,USD,DIAAAAXF6Q7L9AJ
2026-05-13 02:02:08+00:00,Wall Street Cash ($1),IX.D.DOW.BMU.IP,BUY,10.0,49756.1,49756.8,7.0,USD,DIAAAAXF6Q7QQAJ
2026-05-13 02:02:50+00:00,5-Year T-Note Decimalised ($2),IR.D.05YEAR100.FWM2.IP,SELL,10.0,10737.7,10738.7,-10.0,USD,DIAAAAXF6Q7HMAJ
2026-05-13 02:02:51+00:00,No Lead Gasoline ($4.20),CC.D.RB.UNC.IP,BUY,1.0,37065.0,36993.0,-72.0,USD,DIAAAAXF6Q7L9AJ
2026-05-13 02:02:51+00:00,Wall Street Cash ($1),IX.D.DOW.BMU.IP,BUY,10.0,49756.1,49750.8,-53.0,USD,DIAAAAXF6Q7QQAJ
2026-05-13 02:03:34+00:00,5-Year T-Note Decimalised ($2),IR.D.05YEAR100.FWM2.IP,SELL,10.0,10737.7,10739.5,-18.0,USD,DIAAAAXF6Q7HMAJ
2026-05-13 02:03:34+00:00,No Lead Gasoline ($4.20),CC.D.RB.UNC.IP,BUY,1.0,37065.0,37001.0,-64.0,USD,DIAAAAXF6Q7L9AJ
2026-05-13 02:03:34+00:00,Wall Street Cash ($1),IX.D.DOW.BMU.IP,BUY,10.0,49756.1,49748.3,-78.0,USD,DIAAAAXF6Q7QQAJ
2026-05-13 02:04:17+00:00,5-Year T-Note Decimalised ($2),IR.D.05YEAR100.FWM2.IP,SELL,10.0,10737.7,10739.5,-18.0,USD,DIAAAAXF6Q7HMAJ
2026-05-13 02:04:17+00:00,No Lead Gasoline ($4.20),CC.D.RB.UNC.IP,BUY,1.0,37065.0,36998.0,-67.0,USD,DIAAAAXF6Q7L9AJ
2026-05-13 02:04:18+00:00,Wall Street Cash ($1),IX.D.DOW.BMU.IP,BUY,10.0,49756.1,49745.6,-105.0,USD,DIAAAAXF6Q7QQAJ
2026-05-13 02:05:01+00:00,5-Year T-Note Decimalised ($2),IR.D.05YEAR100.FWM2.IP,SELL,10.0,10737.7,10739.5,-18.0,USD,DIAAAAXF6Q7HMAJ
2026-05-13 02:05:01+00:00,No Lead Gasoline ($4.20),CC.D.RB.UNC.IP,BUY,1.0,37065.0,37001.0,-64.0,USD,DIAAAAXF6Q7L9AJ
2026-05-13 02:05:01+00:00,Wall Street Cash ($1),IX.D.DOW.BMU.IP,BUY,10.0,49756.1,49743.9,-122.0,USD,DIAAAAXF6Q7QQAJ
2026-05-13 02:05:45+00:00,5-Year T-Note Decimalised ($2),IR.D.05YEAR100.FWM2.IP,SELL,10.0,10737.7,10738.7,-10.0,USD,DIAAAAXF6Q7HMAJ
2026-05-13 02:05:45+00:00,No Lead Gasoline ($4.20),CC.D.RB.UNC.IP,BUY,1.0,37065.0,36982.0,-83.0,USD,DIAAAAXF6Q7L9AJ
2026-05-13 02:05:45+00:00,Wall Street Cash ($1),IX.D.DOW.BMU.IP,BUY,10.0,49756.1,49744.5,-116.0,USD,DIAAAAXF6Q7QQAJ
2026-05-13 02:06:28+00:00,5-Year T-Note Decimalised ($2),IR.D.05YEAR100.FWM2.IP,SELL,10.0,10737.7,10738.7,-10.0,USD,DIAAAAXF6Q7HMAJ
2026-05-13 02:06:29+00:00,No Lead Gasoline ($4.20),CC.D.RB.UNC.IP,BUY,1.0,37065.0,36991.0,-74.0,USD,DIAAAAXF6Q7L9AJ
2026-05-13 02:06:29+00:00,Wall Street Cash ($1),IX.D.DOW.BMU.IP,BUY,10.0,49756.1,49748.9,-72.0,USD,DIAAAAXF6Q7QQAJ
2026-05-13 02:07:11+00:00,5-Year T-Note Decimalised ($2),IR.D.05YEAR100.FWM2.IP,SELL,10.0,10737.7,10738.7,-10.0,USD,DIAAAAXF6Q7HMAJ
2026-05-13 02:07:12+00:00,No Lead Gasoline ($4.20),CC.D.RB.UNC.IP,BUY,1.0,37065.0,36966.0,-99.0,USD,DIAAAAXF6Q7L9AJ
2026-05-13 02:07:12+00:00,Wall Street Cash ($1),IX.D.DOW.BMU.IP,BUY,10.0,49756.1,49748.3,-78.0,USD,DIAAAAXF6Q7QQAJ
2026-05-13 02:07:55+00:00,5-Year T-Note Decimalised ($2),IR.D.05YEAR100.FWM2.IP,SELL,10.0,10737.7,10738.7,-10.0,USD,DIAAAAXF6Q7HMAJ
2026-05-13 02:07:55+00:00,No Lead Gasoline ($4.20),CC.D.RB.UNC.IP,BUY,1.0,37065.0,36943.0,-122.0,USD,DIAAAAXF6Q7L9AJ
2026-05-13 02:07:56+00:00,Wall Street Cash ($1),IX.D.DOW.BMU.IP,BUY,10.0,49756.1,49751.2,-49.0,USD,DIAAAAXF6Q7QQAJ
2026-05-13 02:08:38+00:00,5-Year T-Note Decimalised ($2),IR.D.05YEAR100.FWM2.IP,SELL,10.0,10737.7,10738.7,-10.0,USD,DIAAAAXF6Q7HMAJ
2026-05-13 02:08:39+00:00,No Lead Gasoline ($4.20),CC.D.RB.UNC.IP,BUY,1.0,37065.0,36944.0,-121.0,USD,DIAAAAXF6Q7L9AJ
2026-05-13 02:08:39+00:00,Wall Street Cash ($1),IX.D.DOW.BMU.IP,BUY,10.0,49756.1,49751.1,-50.0,USD,DIAAAAXF6Q7QQAJ
2026-05-13 02:09:22+00:00,5-Year T-Note Decimalised ($2),IR.D.05YEAR100.FWM2.IP,SELL,10.0,10737.7,10738.7,-10.0,USD,DIAAAAXF6Q7HMAJ
2026-05-13 02:09:22+00:00,No Lead Gasoline ($4.20),CC.D.RB.UNC.IP,BUY,1.0,37065.0,36942.0,-123.0,USD,DIAAAAXF6Q7L9AJ
2026-05-13 02:09:22+00:00,Wall Street Cash ($1),IX.D.DOW.BMU.IP,BUY,10.0,49756.1,49754.4,-17.0,USD,DIAAAAXF6Q7QQAJ
2026-05-13 02:10:05+00:00,5-Year T-Note Decimalised ($2),IR.D.05YEAR100.FWM2.IP,SELL,10.0,10737.7,10738.7,-10.0,USD,DIAAAAXF6Q7HMAJ
2026-05-13 02:10:05+00:00,No Lead Gasoline ($4.20),CC.D.RB.UNC.IP,BUY,1.0,37065.0,36932.0,-133.0,USD,DIAAAAXF6Q7L9AJ
2026-05-13 02:10:06+00:00,Wall Street Cash ($1),IX.D.DOW.BMU.IP,BUY,10.0,49756.1,49756.7,6.0,USD,DIAAAAXF6Q7QQAJ
2026-05-13 02:10:48+00:00,5-Year T-Note Decimalised ($2),IR.D.05YEAR100.FWM2.IP,SELL,10.0,10737.7,10738.7,-10.0,USD,DIAAAAXF6Q7HMAJ
2026-05-13 02:10:49+00:00,No Lead Gasoline ($4.20),CC.D.RB.UNC.IP,BUY,1.0,37065.0,36904.0,-161.0,USD,DIAAAAXF6Q7L9AJ
2026-05-13 02:10:50+00:00,Wall Street Cash ($1),IX.D.DOW.BMU.IP,BUY,10.0,49756.1,49762.3,62.0,USD,DIAAAAXF6Q7QQAJ
2026-05-13 02:11:32+00:00,5-Year T-Note Decimalised ($2),IR.D.05YEAR100.FWM2.IP,SELL,10.0,10737.7,10738.7,-10.0,USD,DIAAAAXF6Q7HMAJ
2026-05-13 02:11:33+00:00,No Lead Gasoline ($4.20),CC.D.RB.UNC.IP,BUY,1.0,37065.0,36895.0,-170.0,USD,DIAAAAXF6Q7L9AJ
2026-05-13 02:11:33+00:00,Wall Street Cash ($1),IX.D.DOW.BMU.IP,BUY,10.0,49756.1,49759.1,30.0,USD,DIAAAAXF6Q7QQAJ
2026-05-13 02:12:16+00:00,5-Year T-Note Decimalised ($2),IR.D.05YEAR100.FWM2.IP,SELL,10.0,10737.7,10737.9,-2.0,USD,DIAAAAXF6Q7HMAJ
2026-05-13 02:12:16+00:00,No Lead Gasoline ($4.20),CC.D.RB.UNC.IP,BUY,1.0,37065.0,36899.0,-166.0,USD,DIAAAAXF6Q7L9AJ
2026-05-13 02:12:16+00:00,Wall Street Cash ($1),IX.D.DOW.BMU.IP,BUY,10.0,49756.1,49756.9,8.0,USD,DIAAAAXF6Q7QQAJ
2026-05-13 02:12:59+00:00,5-Year T-Note Decimalised ($2),IR.D.05YEAR100.FWM2.IP,SELL,10.0,10737.7,10738.7,-10.0,USD,DIAAAAXF6Q7HMAJ
2026-05-13 02:12:59+00:00,No Lead Gasoline ($4.20),CC.D.RB.UNC.IP,BUY,1.0,37065.0,36910.0,-155.0,USD,DIAAAAXF6Q7L9AJ
2026-05-13 02:13:00+00:00,Wall Street Cash ($1),IX.D.DOW.BMU.IP,BUY,10.0,49756.1,49752.1,-40.0,USD,DIAAAAXF6Q7QQAJ
2026-05-13 02:13:42+00:00,5-Year T-Note Decimalised ($2),IR.D.05YEAR100.FWM2.IP,SELL,10.0,10737.7,10737.9,-2.0,USD,DIAAAAXF6Q7HMAJ
2026-05-13 02:13:43+00:00,No Lead Gasoline ($4.20),CC.D.RB.UNC.IP,BUY,1.0,37065.0,36898.0,-167.0,USD,DIAAAAXF6Q7L9AJ
2026-05-13 02:13:43+00:00,Wall Street Cash ($1),IX.D.DOW.BMU.IP,BUY,10.0,49756.1,49753.1,-30.0,USD,DIAAAAXF6Q7QQAJ
2026-05-13 02:14:25+00:00,5-Year T-Note Decimalised ($2),IR.D.05YEAR100.FWM2.IP,SELL,10.0,10737.7,10737.9,-2.0,USD,DIAAAAXF6Q7HMAJ
2026-05-13 02:14:26+00:00,No Lead Gasoline ($4.20),CC.D.RB.UNC.IP,BUY,1.0,37065.0,36887.0,-178.0,USD,DIAAAAXF6Q7L9AJ
2026-05-13 02:14:26+00:00,Wall Street Cash ($1),IX.D.DOW.BMU.IP,BUY,10.0,49756.1,49754.4,-17.0,USD,DIAAAAXF6Q7QQAJ
2026-05-13 02:15:09+00:00,5-Year T-Note Decimalised ($2),IR.D.05YEAR100.FWM2.IP,SELL,10.0,10737.7,10737.9,-2.0,USD,DIAAAAXF6Q7HMAJ
2026-05-13 02:15:09+00:00,No Lead Gasoline ($4.20),CC.D.RB.UNC.IP,BUY,1.0,37065.0,36880.0,-185.0,USD,DIAAAAXF6Q7L9AJ
2026-05-13 02:15:09+00:00,Wall Street Cash ($1),IX.D.DOW.BMU.IP,BUY,10.0,49756.1,49759.0,29.0,USD,DIAAAAXF6Q7QQAJ
2026-05-13 02:15:52+00:00,5-Year T-Note Decimalised ($2),IR.D.05YEAR100.FWM2.IP,SELL,10.0,10737.7,10737.9,-2.0,USD,DIAAAAXF6Q7HMAJ
2026-05-13 02:15:53+00:00,No Lead Gasoline ($4.20),CC.D.RB.UNC.IP,BUY,1.0,37065.0,36879.0,-186.0,USD,DIAAAAXF6Q7L9AJ
2026-05-13 02:15:53+00:00,Wall Street Cash ($1),IX.D.DOW.BMU.IP,BUY,10.0,49756.1,49759.1,30.0,USD,DIAAAAXF6Q7QQAJ
2026-05-13 02:16:36+00:00,5-Year T-Note Decimalised ($2),IR.D.05YEAR100.FWM2.IP,SELL,10.0,10737.7,10737.9,-2.0,USD,DIAAAAXF6Q7HMAJ
2026-05-13 02:16:36+00:00,No Lead Gasoline ($4.20),CC.D.RB.UNC.IP,BUY,1.0,37065.0,36867.0,-198.0,USD,DIAAAAXF6Q7L9AJ
2026-05-13 02:16:36+00:00,Wall Street Cash ($1),IX.D.DOW.BMU.IP,BUY,10.0,49756.1,49762.0,59.0,USD,DIAAAAXF6Q7QQAJ
2026-05-13 02:17:19+00:00,5-Year T-Note Decimalised ($2),IR.D.05YEAR100.FWM2.IP,SELL,10.0,10737.7,10737.9,-2.0,USD,DIAAAAXF6Q7HMAJ
2026-05-13 02:17:19+00:00,No Lead Gasoline ($4.20),CC.D.RB.UNC.IP,BUY,1.0,37065.0,36869.0,-196.0,USD,DIAAAAXF6Q7L9AJ
2026-05-13 02:17:20+00:00,Wall Street Cash ($1),IX.D.DOW.BMU.IP,BUY,10.0,49756.1,49761.9,58.0,USD,DIAAAAXF6Q7QQAJ
2026-05-13 02:18:02+00:00,5-Year T-Note Decimalised ($2),IR.D.05YEAR100.FWM2.IP,SELL,10.0,10737.7,10737.9,-2.0,USD,DIAAAAXF6Q7HMAJ
2026-05-13 02:18:03+00:00,No Lead Gasoline ($4.20),CC.D.RB.UNC.IP,BUY,1.0,37065.0,36853.0,-212.0,USD,DIAAAAXF6Q7L9AJ
2026-05-13 02:18:03+00:00,Wall Street Cash ($1),IX.D.DOW.BMU.IP,BUY,10.0,49756.1,49758.9,28.0,USD,DIAAAAXF6Q7QQAJ
2026-05-13 02:18:45+00:00,5-Year T-Note Decimalised ($2),IR.D.05YEAR100.FWM2.IP,SELL,10.0,10737.7,10737.9,-2.0,USD,DIAAAAXF6Q7HMAJ
2026-05-13 02:18:46+00:00,No Lead Gasoline ($4.20),CC.D.RB.UNC.IP,BUY,1.0,37065.0,36833.0,-232.0,USD,DIAAAAXF6Q7L9AJ
2026-05-13 02:18:46+00:00,Wall Street Cash ($1),IX.D.DOW.BMU.IP,BUY,10.0,49756.1,49759.4,33.0,USD,DIAAAAXF6Q7QQAJ
2026-05-13 02:19:29+00:00,5-Year T-Note Decimalised ($2),IR.D.05YEAR100.FWM2.IP,SELL,10.0,10737.7,10737.9,-2.0,USD,DIAAAAXF6Q7HMAJ
2026-05-13 02:19:29+00:00,No Lead Gasoline ($4.20),CC.D.RB.UNC.IP,BUY,1.0,37065.0,36825.0,-240.0,USD,DIAAAAXF6Q7L9AJ
2026-05-13 02:19:29+00:00,Wall Street Cash ($1),IX.D.DOW.BMU.IP,BUY,10.0,49756.1,49757.9,18.0,USD,DIAAAAXF6Q7QQAJ
2026-05-13 02:20:12+00:00,5-Year T-Note Decimalised ($2),IR.D.05YEAR100.FWM2.IP,SELL,10.0,10737.7,10737.9,-2.0,USD,DIAAAAXF6Q7HMAJ
2026-05-13 02:20:13+00:00,No Lead Gasoline ($4.20),CC.D.RB.UNC.IP,BUY,1.0,37065.0,36820.0,-245.0,USD,DIAAAAXF6Q7L9AJ
2026-05-13 02:20:13+00:00,Wall Street Cash ($1),IX.D.DOW.BMU.IP,BUY,10.0,49756.1,49759.9,38.0,USD,DIAAAAXF6Q7QQAJ
2026-05-13 02:20:56+00:00,5-Year T-Note Decimalised ($2),IR.D.05YEAR100.FWM2.IP,SELL,10.0,10737.7,10737.9,-2.0,USD,DIAAAAXF6Q7HMAJ
2026-05-13 02:20:56+00:00,No Lead Gasoline ($4.20),CC.D.RB.UNC.IP,BUY,1.0,37065.0,36825.0,-240.0,USD,DIAAAAXF6Q7L9AJ
2026-05-13 02:20:56+00:00,Wall Street Cash ($1),IX.D.DOW.BMU.IP,BUY,10.0,49756.1,49761.7,56.0,USD,DIAAAAXF6Q7QQAJ
2026-05-13 02:21:39+00:00,5-Year T-Note Decimalised ($2),IR.D.05YEAR100.FWM2.IP,SELL,10.0,10737.7,10737.9,-2.0,USD,DIAAAAXF6Q7HMAJ
2026-05-13 02:21:39+00:00,No Lead Gasoline ($4.20),CC.D.RB.UNC.IP,BUY,1.0,37065.0,36789.0,-276.0,USD,DIAAAAXF6Q7L9AJ
2026-05-13 02:21:39+00:00,Wall Street Cash ($1),IX.D.DOW.BMU.IP,BUY,10.0,49756.1,49760.2,41.0,USD,DIAAAAXF6Q7QQAJ
2026-05-13 02:22:22+00:00,5-Year T-Note Decimalised ($2),IR.D.05YEAR100.FWM2.IP,SELL,10.0,10737.7,10738.7,-10.0,USD,DIAAAAXF6Q7HMAJ
2026-05-13 02:22:22+00:00,No Lead Gasoline ($4.20),CC.D.RB.UNC.IP,BUY,1.0,37065.0,36781.0,-284.0,USD,DIAAAAXF6Q7L9AJ
2026-05-13 02:22:23+00:00,Wall Street Cash ($1),IX.D.DOW.BMU.IP,BUY,10.0,49756.1,49759.0,29.0,USD,DIAAAAXF6Q7QQAJ
2026-05-13 02:23:05+00:00,5-Year T-Note Decimalised ($2),IR.D.05YEAR100.FWM2.IP,SELL,10.0,10737.7,10738.7,-10.0,USD,DIAAAAXF6Q7HMAJ
2026-05-13 02:23:06+00:00,No Lead Gasoline ($4.20),CC.D.RB.UNC.IP,BUY,1.0,37065.0,36795.0,-270.0,USD,DIAAAAXF6Q7L9AJ
2026-05-13 02:23:06+00:00,Wall Street Cash ($1),IX.D.DOW.BMU.IP,BUY,10.0,49756.1,49767.6,115.0,USD,DIAAAAXF6Q7QQAJ
2026-05-13 02:23:48+00:00,5-Year T-Note Decimalised ($2),IR.D.05YEAR100.FWM2.IP,SELL,10.0,10737.7,10738.7,-10.0,USD,DIAAAAXF6Q7HMAJ
2026-05-13 02:23:49+00:00,No Lead Gasoline ($4.20),CC.D.RB.UNC.IP,BUY,1.0,37065.0,36796.0,-269.0,USD,DIAAAAXF6Q7L9AJ
2026-05-13 02:23:49+00:00,Wall Street Cash ($1),IX.D.DOW.BMU.IP,BUY,10.0,49756.1,49770.2,141.0,USD,DIAAAAXF6Q7QQAJ
2026-05-13 02:24:32+00:00,5-Year T-Note Decimalised ($2),IR.D.05YEAR100.FWM2.IP,SELL,10.0,10737.7,10738.7,-10.0,USD,DIAAAAXF6Q7HMAJ
2026-05-13 02:24:32+00:00,No Lead Gasoline ($4.20),CC.D.RB.UNC.IP,BUY,1.0,37065.0,36759.0,-306.0,USD,DIAAAAXF6Q7L9AJ
2026-05-13 02:24:32+00:00,Wall Street Cash ($1),IX.D.DOW.BMU.IP,BUY,10.0,49756.1,49772.6,165.0,USD,DIAAAAXF6Q7QQAJ
2026-05-13 02:25:15+00:00,5-Year T-Note Decimalised ($2),IR.D.05YEAR100.FWM2.IP,SELL,10.0,10737.7,10737.9,-2.0,USD,DIAAAAXF6Q7HMAJ
2026-05-13 02:25:16+00:00,No Lead Gasoline ($4.20),CC.D.RB.UNC.IP,BUY,1.0,37065.0,36751.0,-314.0,USD,DIAAAAXF6Q7L9AJ
2026-05-13 02:25:16+00:00,Wall Street Cash ($1),IX.D.DOW.BMU.IP,BUY,10.0,49756.1,49770.3,142.0,USD,DIAAAAXF6Q7QQAJ
2026-05-13 02:25:59+00:00,5-Year T-Note Decimalised ($2),IR.D.05YEAR100.FWM2.IP,SELL,10.0,10737.7,10738.7,-10.0,USD,DIAAAAXF6Q7HMAJ
2026-05-13 02:25:59+00:00,No Lead Gasoline ($4.20),CC.D.RB.UNC.IP,BUY,1.0,37065.0,36749.0,-316.0,USD,DIAAAAXF6Q7L9AJ
2026-05-13 02:25:59+00:00,Wall Street Cash ($1),IX.D.DOW.BMU.IP,BUY,10.0,49756.1,49765.5,94.0,USD,DIAAAAXF6Q7QQAJ
2026-05-13 02:26:42+00:00,5-Year T-Note Decimalised ($2),IR.D.05YEAR100.FWM2.IP,SELL,10.0,10737.7,10737.9,-2.0,USD,DIAAAAXF6Q7HMAJ
2026-05-13 02:26:42+00:00,No Lead Gasoline ($4.20),CC.D.RB.UNC.IP,BUY,1.0,37065.0,36751.0,-314.0,USD,DIAAAAXF6Q7L9AJ
2026-05-13 02:26:43+00:00,Wall Street Cash ($1),IX.D.DOW.BMU.IP,BUY,10.0,49756.1,49766.2,101.0,USD,DIAAAAXF6Q7QQAJ
2026-05-13 02:27:25+00:00,5-Year T-Note Decimalised ($2),IR.D.05YEAR100.FWM2.IP,SELL,10.0,10737.7,10737.9,-2.0,USD,DIAAAAXF6Q7HMAJ
2026-05-13 02:27:26+00:00,No Lead Gasoline ($4.20),CC.D.RB.UNC.IP,BUY,1.0,37065.0,36781.0,-284.0,USD,DIAAAAXF6Q7L9AJ
2026-05-13 02:27:26+00:00,Wall Street Cash ($1),IX.D.DOW.BMU.IP,BUY,10.0,49756.1,49767.7,116.0,USD,DIAAAAXF6Q7QQAJ
2026-05-13 02:28:09+00:00,5-Year T-Note Decimalised ($2),IR.D.05YEAR100.FWM2.IP,SELL,10.0,10737.7,10737.9,-2.0,USD,DIAAAAXF6Q7HMAJ
2026-05-13 02:28:09+00:00,No Lead Gasoline ($4.20),CC.D.RB.UNC.IP,BUY,1.0,37065.0,36785.0,-280.0,USD,DIAAAAXF6Q7L9AJ
2026-05-13 02:28:09+00:00,Wall Street Cash ($1),IX.D.DOW.BMU.IP,BUY,10.0,49756.1,49765.7,96.0,USD,DIAAAAXF6Q7QQAJ
2026-05-13 02:28:52+00:00,5-Year T-Note Decimalised ($2),IR.D.05YEAR100.FWM2.IP,SELL,10.0,10737.7,10737.9,-2.0,USD,DIAAAAXF6Q7HMAJ
2026-05-13 02:28:52+00:00,No Lead Gasoline ($4.20),CC.D.RB.UNC.IP,BUY,1.0,37065.0,36785.0,-280.0,USD,DIAAAAXF6Q7L9AJ
2026-05-13 02:28:52+00:00,Wall Street Cash ($1),IX.D.DOW.BMU.IP,BUY,10.0,49756.1,49766.7,106.0,USD,DIAAAAXF6Q7QQAJ
2026-05-13 02:29:35+00:00,5-Year T-Note Decimalised ($2),IR.D.05YEAR100.FWM2.IP,SELL,10.0,10737.7,10737.1,6.0,USD,DIAAAAXF6Q7HMAJ
2026-05-13 02:29:35+00:00,No Lead Gasoline ($4.20),CC.D.RB.UNC.IP,BUY,1.0,37065.0,36790.0,-275.0,USD,DIAAAAXF6Q7L9AJ
2026-05-13 02:29:36+00:00,Wall Street Cash ($1),IX.D.DOW.BMU.IP,BUY,10.0,49756.1,49768.7,126.0,USD,DIAAAAXF6Q7QQAJ
2026-05-13 02:30:18+00:00,5-Year T-Note Decimalised ($2),IR.D.05YEAR100.FWM2.IP,SELL,10.0,10737.7,10736.7,10.0,USD,DIAAAAXF6Q7HMAJ
2026-05-13 02:30:19+00:00,No Lead Gasoline ($4.20),CC.D.RB.UNC.IP,BUY,1.0,37065.0,36723.0,-342.0,USD,DIAAAAXF6Q7L9AJ
2026-05-13 02:30:19+00:00,Wall Street Cash ($1),IX.D.DOW.BMU.IP,BUY,10.0,49756.1,49767.3,112.0,USD,DIAAAAXF6Q7QQAJ
2026-05-13 02:31:02+00:00,5-Year T-Note Decimalised ($2),IR.D.05YEAR100.FWM2.IP,SELL,10.0,10737.7,10736.7,10.0,USD,DIAAAAXF6Q7HMAJ
2026-05-13 02:31:02+00:00,No Lead Gasoline ($4.20),CC.D.RB.UNC.IP,BUY,1.0,37065.0,36723.0,-342.0,USD,DIAAAAXF6Q7L9AJ
2026-05-13 02:31:02+00:00,Wall Street Cash ($1),IX.D.DOW.BMU.IP,BUY,10.0,49756.1,49766.4,103.0,USD,DIAAAAXF6Q7QQAJ
2026-05-13 02:31:45+00:00,5-Year T-Note Decimalised ($2),IR.D.05YEAR100.FWM2.IP,SELL,10.0,10737.7,10736.7,10.0,USD,DIAAAAXF6Q7HMAJ
2026-05-13 02:31:45+00:00,No Lead Gasoline ($4.20),CC.D.RB.UNC.IP,BUY,1.0,37065.0,36723.0,-342.0,USD,DIAAAAXF6Q7L9AJ
2026-05-13 02:31:46+00:00,Wall Street Cash ($1),IX.D.DOW.BMU.IP,BUY,10.0,49756.1,49766.4,103.0,USD,DIAAAAXF6Q7QQAJ
2026-05-13 02:32:28+00:00,5-Year T-Note Decimalised ($2),IR.D.05YEAR100.FWM2.IP,SELL,10.0,10737.7,10736.7,10.0,USD,DIAAAAXF6Q7HMAJ
2026-05-13 02:32:29+00:00,No Lead Gasoline ($4.20),CC.D.RB.UNC.IP,BUY,1.0,37065.0,36723.0,-342.0,USD,DIAAAAXF6Q7L9AJ
2026-05-13 02:32:29+00:00,Wall Street Cash ($1),IX.D.DOW.BMU.IP,BUY,10.0,49756.1,49764.9,88.0,USD,DIAAAAXF6Q7QQAJ
2026-05-13 02:33:12+00:00,5-Year T-Note Decimalised ($2),IR.D.05YEAR100.FWM2.IP,SELL,10.0,10737.7,10736.7,10.0,USD,DIAAAAXF6Q7HMAJ
2026-05-13 02:33:12+00:00,No Lead Gasoline ($4.20),CC.D.RB.UNC.IP,BUY,1.0,37065.0,36723.0,-342.0,USD,DIAAAAXF6Q7L9AJ
2026-05-13 02:33:12+00:00,Wall Street Cash ($1),IX.D.DOW.BMU.IP,BUY,10.0,49756.1,49765.4,93.0,USD,DIAAAAXF6Q7QQAJ
2026-05-13 02:33:55+00:00,5-Year T-Note Decimalised ($2),IR.D.05YEAR100.FWM2.IP,SELL,10.0,10737.7,10736.7,10.0,USD,DIAAAAXF6Q7HMAJ
2026-05-13 02:33:55+00:00,No Lead Gasoline ($4.20),CC.D.RB.UNC.IP,BUY,1.0,37065.0,36723.0,-342.0,USD,DIAAAAXF6Q7L9AJ
2026-05-13 02:33:56+00:00,Wall Street Cash ($1),IX.D.DOW.BMU.IP,BUY,10.0,49756.1,49765.4,93.0,USD,DIAAAAXF6Q7QQAJ
2026-05-13 02:34:38+00:00,5-Year T-Note Decimalised ($2),IR.D.05YEAR100.FWM2.IP,SELL,10.0,10737.7,10736.7,10.0,USD,DIAAAAXF6Q7HMAJ
2026-05-13 02:34:39+00:00,No Lead Gasoline ($4.20),CC.D.RB.UNC.IP,BUY,1.0,37065.0,36723.0,-342.0,USD,DIAAAAXF6Q7L9AJ
2026-05-13 02:34:39+00:00,Wall Street Cash ($1),IX.D.DOW.BMU.IP,BUY,10.0,49756.1,49769.9,138.0,USD,DIAAAAXF6Q7QQAJ
2026-05-13 02:35:22+00:00,5-Year T-Note Decimalised ($2),IR.D.05YEAR100.FWM2.IP,SELL,10.0,10737.7,10736.7,10.0,USD,DIAAAAXF6Q7HMAJ
2026-05-13 02:35:22+00:00,No Lead Gasoline ($4.20),CC.D.RB.UNC.IP,BUY,1.0,37065.0,36723.0,-342.0,USD,DIAAAAXF6Q7L9AJ
2026-05-13 02:35:22+00:00,Wall Street Cash ($1),IX.D.DOW.BMU.IP,BUY,10.0,49756.1,49770.6,145.0,USD,DIAAAAXF6Q7QQAJ
2026-05-13 02:36:05+00:00,5-Year T-Note Decimalised ($2),IR.D.05YEAR100.FWM2.IP,SELL,10.0,10737.7,10736.7,10.0,USD,DIAAAAXF6Q7HMAJ
2026-05-13 02:36:05+00:00,No Lead Gasoline ($4.20),CC.D.RB.UNC.IP,BUY,1.0,37065.0,36723.0,-342.0,USD,DIAAAAXF6Q7L9AJ
2026-05-13 02:36:05+00:00,Wall Street Cash ($1),IX.D.DOW.BMU.IP,BUY,10.0,49756.1,49770.1,140.0,USD,DIAAAAXF6Q7QQAJ
2026-05-13 02:36:48+00:00,5-Year T-Note Decimalised ($2),IR.D.05YEAR100.FWM2.IP,SELL,10.0,10737.7,10736.7,10.0,USD,DIAAAAXF6Q7HMAJ
2026-05-13 02:36:49+00:00,No Lead Gasoline ($4.20),CC.D.RB.UNC.IP,BUY,1.0,37065.0,36723.0,-342.0,USD,DIAAAAXF6Q7L9AJ
2026-05-13 02:36:49+00:00,Wall Street Cash ($1),IX.D.DOW.BMU.IP,BUY,10.0,49756.1,49768.5,124.0,USD,DIAAAAXF6Q7QQAJ
2026-05-13 02:37:32+00:00,5-Year T-Note Decimalised ($2),IR.D.05YEAR100.FWM2.IP,SELL,10.0,10737.7,10736.7,10.0,USD,DIAAAAXF6Q7HMAJ
2026-05-13 02:37:32+00:00,No Lead Gasoline ($4.20),CC.D.RB.UNC.IP,BUY,1.0,37065.0,36723.0,-342.0,USD,DIAAAAXF6Q7L9AJ
2026-05-13 02:37:32+00:00,Wall Street Cash ($1),IX.D.DOW.BMU.IP,BUY,10.0,49756.1,49766.4,103.0,USD,DIAAAAXF6Q7QQAJ
2026-05-13 02:38:15+00:00,5-Year T-Note Decimalised ($2),IR.D.05YEAR100.FWM2.IP,SELL,10.0,10737.7,10736.7,10.0,USD,DIAAAAXF6Q7HMAJ
2026-05-13 02:38:15+00:00,No Lead Gasoline ($4.20),CC.D.RB.UNC.IP,BUY,1.0,37065.0,36723.0,-342.0,USD,DIAAAAXF6Q7L9AJ
2026-05-13 02:38:15+00:00,Wall Street Cash ($1),IX.D.DOW.BMU.IP,BUY,10.0,49756.1,49767.5,114.0,USD,DIAAAAXF6Q7QQAJ
2026-05-13 02:38:58+00:00,5-Year T-Note Decimalised ($2),IR.D.05YEAR100.FWM2.IP,SELL,10.0,10737.7,10736.7,10.0,USD,DIAAAAXF6Q7HMAJ
2026-05-13 02:38:58+00:00,No Lead Gasoline ($4.20),CC.D.RB.UNC.IP,BUY,1.0,37065.0,36723.0,-342.0,USD,DIAAAAXF6Q7L9AJ
2026-05-13 02:38:59+00:00,Wall Street Cash ($1),IX.D.DOW.BMU.IP,BUY,10.0,49756.1,49763.5,74.0,USD,DIAAAAXF6Q7QQAJ
2026-05-13 02:39:41+00:00,5-Year T-Note Decimalised ($2),IR.D.05YEAR100.FWM2.IP,SELL,10.0,10737.7,10736.7,10.0,USD,DIAAAAXF6Q7HMAJ
2026-05-13 02:39:42+00:00,No Lead Gasoline ($4.20),CC.D.RB.UNC.IP,BUY,1.0,37065.0,36723.0,-342.0,USD,DIAAAAXF6Q7L9AJ
2026-05-13 02:39:42+00:00,Wall Street Cash ($1),IX.D.DOW.BMU.IP,BUY,10.0,49756.1,49763.3,72.0,USD,DIAAAAXF6Q7QQAJ
2026-05-13 02:40:25+00:00,5-Year T-Note Decimalised ($2),IR.D.05YEAR100.FWM2.IP,SELL,10.0,10737.7,10736.7,10.0,USD,DIAAAAXF6Q7HMAJ
2026-05-13 02:40:26+00:00,No Lead Gasoline ($4.20),CC.D.RB.UNC.IP,BUY,1.0,37065.0,36723.0,-342.0,USD,DIAAAAXF6Q7L9AJ
2026-05-13 02:40:27+00:00,Wall Street Cash ($1),IX.D.DOW.BMU.IP,BUY,10.0,49756.1,49763.1,70.0,USD,DIAAAAXF6Q7QQAJ
2026-05-13 02:41:10+00:00,5-Year T-Note Decimalised ($2),IR.D.05YEAR100.FWM2.IP,SELL,10.0,10737.7,10736.7,10.0,USD,DIAAAAXF6Q7HMAJ
2026-05-13 02:41:10+00:00,No Lead Gasoline ($4.20),CC.D.RB.UNC.IP,BUY,1.0,37065.0,36723.0,-342.0,USD,DIAAAAXF6Q7L9AJ
2026-05-13 02:41:10+00:00,Wall Street Cash ($1),IX.D.DOW.BMU.IP,BUY,10.0,49756.1,49766.6,105.0,USD,DIAAAAXF6Q7QQAJ
2026-05-13 02:41:53+00:00,5-Year T-Note Decimalised ($2),IR.D.05YEAR100.FWM2.IP,SELL,10.0,10737.7,10736.7,10.0,USD,DIAAAAXF6Q7HMAJ
2026-05-13 02:41:53+00:00,No Lead Gasoline ($4.20),CC.D.RB.UNC.IP,BUY,1.0,37065.0,36723.0,-342.0,USD,DIAAAAXF6Q7L9AJ
2026-05-13 02:41:54+00:00,Wall Street Cash ($1),IX.D.DOW.BMU.IP,BUY,10.0,49756.1,49766.6,105.0,USD,DIAAAAXF6Q7QQAJ
2026-05-13 02:42:37+00:00,5-Year T-Note Decimalised ($2),IR.D.05YEAR100.FWM2.IP,SELL,10.0,10737.7,10736.7,10.0,USD,DIAAAAXF6Q7HMAJ
2026-05-13 02:42:37+00:00,No Lead Gasoline ($4.20),CC.D.RB.UNC.IP,BUY,1.0,37065.0,36723.0,-342.0,USD,DIAAAAXF6Q7L9AJ
2026-05-13 02:42:37+00:00,Wall Street Cash ($1),IX.D.DOW.BMU.IP,BUY,10.0,49756.1,49766.4,103.0,USD,DIAAAAXF6Q7QQAJ
2026-05-13 02:43:20+00:00,5-Year T-Note Decimalised ($2),IR.D.05YEAR100.FWM2.IP,SELL,10.0,10737.7,10736.7,10.0,USD,DIAAAAXF6Q7HMAJ
2026-05-13 02:43:20+00:00,No Lead Gasoline ($4.20),CC.D.RB.UNC.IP,BUY,1.0,37065.0,36723.0,-342.0,USD,DIAAAAXF6Q7L9AJ
2026-05-13 02:43:21+00:00,Wall Street Cash ($1),IX.D.DOW.BMU.IP,BUY,10.0,49756.1,49766.6,105.0,USD,DIAAAAXF6Q7QQAJ
2026-05-13 02:44:03+00:00,5-Year T-Note Decimalised ($2),IR.D.05YEAR100.FWM2.IP,SELL,10.0,10737.7,10736.7,10.0,USD,DIAAAAXF6Q7HMAJ
2026-05-13 02:44:04+00:00,No Lead Gasoline ($4.20),CC.D.RB.UNC.IP,BUY,1.0,37065.0,36723.0,-342.0,USD,DIAAAAXF6Q7L9AJ
2026-05-13 02:44:04+00:00,Wall Street Cash ($1),IX.D.DOW.BMU.IP,BUY,10.0,49756.1,49766.6,105.0,USD,DIAAAAXF6Q7QQAJ
2026-05-13 02:44:46+00:00,5-Year T-Note Decimalised ($2),IR.D.05YEAR100.FWM2.IP,SELL,10.0,10737.7,10736.7,10.0,USD,DIAAAAXF6Q7HMAJ
2026-05-13 02:44:47+00:00,No Lead Gasoline ($4.20),CC.D.RB.UNC.IP,BUY,1.0,37065.0,36723.0,-342.0,USD,DIAAAAXF6Q7L9AJ
2026-05-13 02:44:47+00:00,Wall Street Cash ($1),IX.D.DOW.BMU.IP,BUY,10.0,49756.1,49767.1,110.0,USD,DIAAAAXF6Q7QQAJ
2026-05-13 02:45:30+00:00,5-Year T-Note Decimalised ($2),IR.D.05YEAR100.FWM2.IP,SELL,10.0,10737.7,10736.7,10.0,USD,DIAAAAXF6Q7HMAJ
2026-05-13 02:45:30+00:00,No Lead Gasoline ($4.20),CC.D.RB.UNC.IP,BUY,1.0,37065.0,36723.0,-342.0,USD,DIAAAAXF6Q7L9AJ
2026-05-13 02:45:30+00:00,Wall Street Cash ($1),IX.D.DOW.BMU.IP,BUY,10.0,49756.1,49766.2,101.0,USD,DIAAAAXF6Q7QQAJ
2026-05-13 02:46:13+00:00,5-Year T-Note Decimalised ($2),IR.D.05YEAR100.FWM2.IP,SELL,10.0,10737.7,10736.7,10.0,USD,DIAAAAXF6Q7HMAJ
2026-05-13 02:46:13+00:00,No Lead Gasoline ($4.20),CC.D.RB.UNC.IP,BUY,1.0,37065.0,36723.0,-342.0,USD,DIAAAAXF6Q7L9AJ
2026-05-13 02:46:13+00:00,Wall Street Cash ($1),IX.D.DOW.BMU.IP,BUY,10.0,49756.1,49761.4,53.0,USD,DIAAAAXF6Q7QQAJ
2026-05-13 02:46:56+00:00,5-Year T-Note Decimalised ($2),IR.D.05YEAR100.FWM2.IP,SELL,10.0,10737.7,10736.7,10.0,USD,DIAAAAXF6Q7HMAJ
2026-05-13 02:46:57+00:00,No Lead Gasoline ($4.20),CC.D.RB.UNC.IP,BUY,1.0,37065.0,36723.0,-342.0,USD,DIAAAAXF6Q7L9AJ
2026-05-13 02:46:57+00:00,Wall Street Cash ($1),IX.D.DOW.BMU.IP,BUY,10.0,49756.1,49761.4,53.0,USD,DIAAAAXF6Q7QQAJ
2026-05-13 02:47:40+00:00,5-Year T-Note Decimalised ($2),IR.D.05YEAR100.FWM2.IP,SELL,10.0,10737.7,10736.7,10.0,USD,DIAAAAXF6Q7HMAJ
2026-05-13 02:47:40+00:00,No Lead Gasoline ($4.20),CC.D.RB.UNC.IP,BUY,1.0,37065.0,36723.0,-342.0,USD,DIAAAAXF6Q7L9AJ
2026-05-13 02:47:40+00:00,Wall Street Cash ($1),IX.D.DOW.BMU.IP,BUY,10.0,49756.1,49761.4,53.0,USD,DIAAAAXF6Q7QQAJ
2026-05-13 02:48:23+00:00,5-Year T-Note Decimalised ($2),IR.D.05YEAR100.FWM2.IP,SELL,10.0,10737.7,10736.7,10.0,USD,DIAAAAXF6Q7HMAJ
2026-05-13 02:48:23+00:00,No Lead Gasoline ($4.20),CC.D.RB.UNC.IP,BUY,1.0,37065.0,36723.0,-342.0,USD,DIAAAAXF6Q7L9AJ
2026-05-13 02:48:23+00:00,Wall Street Cash ($1),IX.D.DOW.BMU.IP,BUY,10.0,49756.1,49758.5,24.0,USD,DIAAAAXF6Q7QQAJ
2026-05-13 02:49:06+00:00,5-Year T-Note Decimalised ($2),IR.D.05YEAR100.FWM2.IP,SELL,10.0,10737.7,10736.7,10.0,USD,DIAAAAXF6Q7HMAJ
2026-05-13 02:49:06+00:00,No Lead Gasoline ($4.20),CC.D.RB.UNC.IP,BUY,1.0,37065.0,36723.0,-342.0,USD,DIAAAAXF6Q7L9AJ
2026-05-13 02:49:07+00:00,Wall Street Cash ($1),IX.D.DOW.BMU.IP,BUY,10.0,49756.1,49759.7,36.0,USD,DIAAAAXF6Q7QQAJ
2026-05-13 02:49:49+00:00,5-Year T-Note Decimalised ($2),IR.D.05YEAR100.FWM2.IP,SELL,10.0,10737.7,10736.7,10.0,USD,DIAAAAXF6Q7HMAJ
2026-05-13 02:49:50+00:00,No Lead Gasoline ($4.20),CC.D.RB.UNC.IP,BUY,1.0,37065.0,36723.0,-342.0,USD,DIAAAAXF6Q7L9AJ
2026-05-13 02:49:50+00:00,Wall Street Cash ($1),IX.D.DOW.BMU.IP,BUY,10.0,49756.1,49761.9,58.0,USD,DIAAAAXF6Q7QQAJ
2026-05-13 02:50:33+00:00,5-Year T-Note Decimalised ($2),IR.D.05YEAR100.FWM2.IP,SELL,10.0,10737.7,10736.7,10.0,USD,DIAAAAXF6Q7HMAJ
2026-05-13 02:50:33+00:00,No Lead Gasoline ($4.20),CC.D.RB.UNC.IP,BUY,1.0,37065.0,36723.0,-342.0,USD,DIAAAAXF6Q7L9AJ
2026-05-13 02:50:33+00:00,Wall Street Cash ($1),IX.D.DOW.BMU.IP,BUY,10.0,49756.1,49762.1,60.0,USD,DIAAAAXF6Q7QQAJ
2026-05-13 02:51:16+00:00,5-Year T-Note Decimalised ($2),IR.D.05YEAR100.FWM2.IP,SELL,10.0,10737.7,10736.7,10.0,USD,DIAAAAXF6Q7HMAJ
2026-05-13 02:51:16+00:00,No Lead Gasoline ($4.20),CC.D.RB.UNC.IP,BUY,1.0,37065.0,36723.0,-342.0,USD,DIAAAAXF6Q7L9AJ
2026-05-13 02:51:16+00:00,Wall Street Cash ($1),IX.D.DOW.BMU.IP,BUY,10.0,49756.1,49760.4,43.0,USD,DIAAAAXF6Q7QQAJ
2026-05-13 02:51:59+00:00,5-Year T-Note Decimalised ($2),IR.D.05YEAR100.FWM2.IP,SELL,10.0,10737.7,10736.7,10.0,USD,DIAAAAXF6Q7HMAJ
2026-05-13 02:52:00+00:00,No Lead Gasoline ($4.20),CC.D.RB.UNC.IP,BUY,1.0,37065.0,36723.0,-342.0,USD,DIAAAAXF6Q7L9AJ
2026-05-13 02:52:00+00:00,Wall Street Cash ($1),IX.D.DOW.BMU.IP,BUY,10.0,49756.1,49758.5,24.0,USD,DIAAAAXF6Q7QQAJ
2026-05-13 02:52:43+00:00,5-Year T-Note Decimalised ($2),IR.D.05YEAR100.FWM2.IP,SELL,10.0,10737.7,10736.7,10.0,USD,DIAAAAXF6Q7HMAJ
2026-05-13 02:52:43+00:00,No Lead Gasoline ($4.20),CC.D.RB.UNC.IP,BUY,1.0,37065.0,36723.0,-342.0,USD,DIAAAAXF6Q7L9AJ
2026-05-13 02:52:43+00:00,Wall Street Cash ($1),IX.D.DOW.BMU.IP,BUY,10.0,49756.1,49759.3,32.0,USD,DIAAAAXF6Q7QQAJ
2026-05-13 02:53:26+00:00,5-Year T-Note Decimalised ($2),IR.D.05YEAR100.FWM2.IP,SELL,10.0,10737.7,10736.7,10.0,USD,DIAAAAXF6Q7HMAJ
2026-05-13 02:53:27+00:00,No Lead Gasoline ($4.20),CC.D.RB.UNC.IP,BUY,1.0,37065.0,36723.0,-342.0,USD,DIAAAAXF6Q7L9AJ
2026-05-13 02:53:27+00:00,Wall Street Cash ($1),IX.D.DOW.BMU.IP,BUY,10.0,49756.1,49761.7,56.0,USD,DIAAAAXF6Q7QQAJ
2026-05-13 02:54:10+00:00,5-Year T-Note Decimalised ($2),IR.D.05YEAR100.FWM2.IP,SELL,10.0,10737.7,10736.7,10.0,USD,DIAAAAXF6Q7HMAJ
2026-05-13 02:54:10+00:00,No Lead Gasoline ($4.20),CC.D.RB.UNC.IP,BUY,1.0,37065.0,36723.0,-342.0,USD,DIAAAAXF6Q7L9AJ
2026-05-13 02:54:10+00:00,Wall Street Cash ($1),IX.D.DOW.BMU.IP,BUY,10.0,49756.1,49762.8,67.0,USD,DIAAAAXF6Q7QQAJ
2026-05-13 02:54:53+00:00,5-Year T-Note Decimalised ($2),IR.D.05YEAR100.FWM2.IP,SELL,10.0,10737.7,10736.7,10.0,USD,DIAAAAXF6Q7HMAJ
2026-05-13 02:54:53+00:00,No Lead Gasoline ($4.20),CC.D.RB.UNC.IP,BUY,1.0,37065.0,36723.0,-342.0,USD,DIAAAAXF6Q7L9AJ
2026-05-13 02:54:54+00:00,Wall Street Cash ($1),IX.D.DOW.BMU.IP,BUY,10.0,49756.1,49763.1,70.0,USD,DIAAAAXF6Q7QQAJ
2026-05-13 02:55:37+00:00,5-Year T-Note Decimalised ($2),IR.D.05YEAR100.FWM2.IP,SELL,10.0,10737.7,10736.7,10.0,USD,DIAAAAXF6Q7HMAJ
2026-05-13 02:55:37+00:00,No Lead Gasoline ($4.20),CC.D.RB.UNC.IP,BUY,1.0,37065.0,36723.0,-342.0,USD,DIAAAAXF6Q7L9AJ
2026-05-13 02:55:37+00:00,Wall Street Cash ($1),IX.D.DOW.BMU.IP,BUY,10.0,49756.1,49762.8,67.0,USD,DIAAAAXF6Q7QQAJ
2026-05-13 02:56:20+00:00,5-Year T-Note Decimalised ($2),IR.D.05YEAR100.FWM2.IP,SELL,10.0,10737.7,10736.7,10.0,USD,DIAAAAXF6Q7HMAJ
2026-05-13 02:56:21+00:00,No Lead Gasoline ($4.20),CC.D.RB.UNC.IP,BUY,1.0,37065.0,36723.0,-342.0,USD,DIAAAAXF6Q7L9AJ
2026-05-13 02:56:21+00:00,Wall Street Cash ($1),IX.D.DOW.BMU.IP,BUY,10.0,49756.1,49762.8,67.0,USD,DIAAAAXF6Q7QQAJ
2026-05-13 02:57:04+00:00,5-Year T-Note Decimalised ($2),IR.D.05YEAR100.FWM2.IP,SELL,10.0,10737.7,10736.7,10.0,USD,DIAAAAXF6Q7HMAJ
2026-05-13 02:57:04+00:00,No Lead Gasoline ($4.20),CC.D.RB.UNC.IP,BUY,1.0,37065.0,36723.0,-342.0,USD,DIAAAAXF6Q7L9AJ
2026-05-13 02:57:05+00:00,Wall Street Cash ($1),IX.D.DOW.BMU.IP,BUY,10.0,49756.1,49762.6,65.0,USD,DIAAAAXF6Q7QQAJ
2026-05-13 02:57:48+00:00,5-Year T-Note Decimalised ($2),IR.D.05YEAR100.FWM2.IP,SELL,10.0,10737.7,10736.7,10.0,USD,DIAAAAXF6Q7HMAJ
2026-05-13 02:57:48+00:00,No Lead Gasoline ($4.20),CC.D.RB.UNC.IP,BUY,1.0,37065.0,36723.0,-342.0,USD,DIAAAAXF6Q7L9AJ
2026-05-13 02:57:48+00:00,Wall Street Cash ($1),IX.D.DOW.BMU.IP,BUY,10.0,49756.1,49763.1,70.0,USD,DIAAAAXF6Q7QQAJ
2026-05-13 02:58:31+00:00,5-Year T-Note Decimalised ($2),IR.D.05YEAR100.FWM2.IP,SELL,10.0,10737.7,10736.7,10.0,USD,DIAAAAXF6Q7HMAJ
2026-05-13 02:58:32+00:00,No Lead Gasoline ($4.20),CC.D.RB.UNC.IP,BUY,1.0,37065.0,36723.0,-342.0,USD,DIAAAAXF6Q7L9AJ
2026-05-13 02:58:32+00:00,Wall Street Cash ($1),IX.D.DOW.BMU.IP,BUY,10.0,49756.1,49763.1,70.0,USD,DIAAAAXF6Q7QQAJ
2026-05-13 02:59:15+00:00,5-Year T-Note Decimalised ($2),IR.D.05YEAR100.FWM2.IP,SELL,10.0,10737.7,10736.7,10.0,USD,DIAAAAXF6Q7HMAJ
2026-05-13 02:59:15+00:00,No Lead Gasoline ($4.20),CC.D.RB.UNC.IP,BUY,1.0,37065.0,36723.0,-342.0,USD,DIAAAAXF6Q7L9AJ
2026-05-13 02:59:16+00:00,Wall Street Cash ($1),IX.D.DOW.BMU.IP,BUY,10.0,49756.1,49763.1,70.0,USD,DIAAAAXF6Q7QQAJ
2026-05-13 02:59:58+00:00,5-Year T-Note Decimalised ($2),IR.D.05YEAR100.FWM2.IP,SELL,10.0,10737.7,10736.7,10.0,USD,DIAAAAXF6Q7HMAJ
2026-05-13 02:59:59+00:00,No Lead Gasoline ($4.20),CC.D.RB.UNC.IP,BUY,1.0,37065.0,36723.0,-342.0,USD,DIAAAAXF6Q7L9AJ
2026-05-13 02:59:59+00:00,Wall Street Cash ($1),IX.D.DOW.BMU.IP,BUY,10.0,49756.1,49763.1,70.0,USD,DIAAAAXF6Q7QQAJ
2026-05-13 03:00:42+00:00,5-Year T-Note Decimalised ($2),IR.D.05YEAR100.FWM2.IP,SELL,10.0,10737.7,10736.7,10.0,USD,DIAAAAXF6Q7HMAJ
2026-05-13 03:00:42+00:00,No Lead Gasoline ($4.20),CC.D.RB.UNC.IP,BUY,1.0,37065.0,36723.0,-342.0,USD,DIAAAAXF6Q7L9AJ
2026-05-13 03:00:42+00:00,Wall Street Cash ($1),IX.D.DOW.BMU.IP,BUY,10.0,49756.1,49763.8,77.0,USD,DIAAAAXF6Q7QQAJ
2026-05-13 03:01:25+00:00,5-Year T-Note Decimalised ($2),IR.D.05YEAR100.FWM2.IP,SELL,10.0,10737.7,10736.7,10.0,USD,DIAAAAXF6Q7HMAJ
2026-05-13 03:01:26+00:00,No Lead Gasoline ($4.20),CC.D.RB.UNC.IP,BUY,1.0,37065.0,36723.0,-342.0,USD,DIAAAAXF6Q7L9AJ
2026-05-13 03:01:26+00:00,Wall Street Cash ($1),IX.D.DOW.BMU.IP,BUY,10.0,49756.1,49763.1,70.0,USD,DIAAAAXF6Q7QQAJ
2026-05-13 03:02:09+00:00,5-Year T-Note Decimalised ($2),IR.D.05YEAR100.FWM2.IP,SELL,10.0,10737.7,10736.7,10.0,USD,DIAAAAXF6Q7HMAJ
2026-05-13 03:02:09+00:00,No Lead Gasoline ($4.20),CC.D.RB.UNC.IP,BUY,1.0,37065.0,36723.0,-342.0,USD,DIAAAAXF6Q7L9AJ
2026-05-13 03:02:09+00:00,Wall Street Cash ($1),IX.D.DOW.BMU.IP,BUY,10.0,49756.1,49762.4,63.0,USD,DIAAAAXF6Q7QQAJ
2026-05-13 03:02:52+00:00,5-Year T-Note Decimalised ($2),IR.D.05YEAR100.FWM2.IP,SELL,10.0,10737.7,10736.7,10.0,USD,DIAAAAXF6Q7HMAJ
2026-05-13 03:02:52+00:00,No Lead Gasoline ($4.20),CC.D.RB.UNC.IP,BUY,1.0,37065.0,36723.0,-342.0,USD,DIAAAAXF6Q7L9AJ
2026-05-13 03:02:53+00:00,Wall Street Cash ($1),IX.D.DOW.BMU.IP,BUY,10.0,49756.1,49762.4,63.0,USD,DIAAAAXF6Q7QQAJ
2026-05-13 03:03:36+00:00,5-Year T-Note Decimalised ($2),IR.D.05YEAR100.FWM2.IP,SELL,10.0,10737.7,10736.7,10.0,USD,DIAAAAXF6Q7HMAJ
2026-05-13 03:03:36+00:00,No Lead Gasoline ($4.20),CC.D.RB.UNC.IP,BUY,1.0,37065.0,36723.0,-342.0,USD,DIAAAAXF6Q7L9AJ
2026-05-13 03:03:37+00:00,Wall Street Cash ($1),IX.D.DOW.BMU.IP,BUY,10.0,49756.1,49763.8,77.0,USD,DIAAAAXF6Q7QQAJ
2026-05-13 03:04:19+00:00,5-Year T-Note Decimalised ($2),IR.D.05YEAR100.FWM2.IP,SELL,10.0,10737.7,10736.7,10.0,USD,DIAAAAXF6Q7HMAJ
2026-05-13 03:04:20+00:00,No Lead Gasoline ($4.20),CC.D.RB.UNC.IP,BUY,1.0,37065.0,36723.0,-342.0,USD,DIAAAAXF6Q7L9AJ
2026-05-13 03:04:20+00:00,Wall Street Cash ($1),IX.D.DOW.BMU.IP,BUY,10.0,49756.1,49768.0,119.0,USD,DIAAAAXF6Q7QQAJ
2026-05-13 03:05:03+00:00,5-Year T-Note Decimalised ($2),IR.D.05YEAR100.FWM2.IP,SELL,10.0,10737.7,10736.7,10.0,USD,DIAAAAXF6Q7HMAJ
2026-05-13 03:05:03+00:00,No Lead Gasoline ($4.20),CC.D.RB.UNC.IP,BUY,1.0,37065.0,36723.0,-342.0,USD,DIAAAAXF6Q7L9AJ
2026-05-13 03:05:03+00:00,Wall Street Cash ($1),IX.D.DOW.BMU.IP,BUY,10.0,49756.1,49769.4,133.0,USD,DIAAAAXF6Q7QQAJ
2026-05-13 03:05:46+00:00,5-Year T-Note Decimalised ($2),IR.D.05YEAR100.FWM2.IP,SELL,10.0,10737.7,10736.7,10.0,USD,DIAAAAXF6Q7HMAJ
2026-05-13 03:05:46+00:00,No Lead Gasoline ($4.20),CC.D.RB.UNC.IP,BUY,1.0,37065.0,36723.0,-342.0,USD,DIAAAAXF6Q7L9AJ
2026-05-13 03:05:47+00:00,Wall Street Cash ($1),IX.D.DOW.BMU.IP,BUY,10.0,49756.1,49767.3,112.0,USD,DIAAAAXF6Q7QQAJ
2026-05-13 03:06:29+00:00,5-Year T-Note Decimalised ($2),IR.D.05YEAR100.FWM2.IP,SELL,10.0,10737.7,10736.7,10.0,USD,DIAAAAXF6Q7HMAJ
2026-05-13 03:06:30+00:00,No Lead Gasoline ($4.20),CC.D.RB.UNC.IP,BUY,1.0,37065.0,36723.0,-342.0,USD,DIAAAAXF6Q7L9AJ
2026-05-13 03:06:30+00:00,Wall Street Cash ($1),IX.D.DOW.BMU.IP,BUY,10.0,49756.1,49767.5,114.0,USD,DIAAAAXF6Q7QQAJ
2026-05-13 03:07:13+00:00,5-Year T-Note Decimalised ($2),IR.D.05YEAR100.FWM2.IP,SELL,10.0,10737.7,10736.7,10.0,USD,DIAAAAXF6Q7HMAJ
2026-05-13 03:07:13+00:00,No Lead Gasoline ($4.20),CC.D.RB.UNC.IP,BUY,1.0,37065.0,36723.0,-342.0,USD,DIAAAAXF6Q7L9AJ
2026-05-13 03:07:13+00:00,Wall Street Cash ($1),IX.D.DOW.BMU.IP,BUY,10.0,49756.1,49767.8,117.0,USD,DIAAAAXF6Q7QQAJ
2026-05-13 03:07:56+00:00,5-Year T-Note Decimalised ($2),IR.D.05YEAR100.FWM2.IP,SELL,10.0,10737.7,10736.7,10.0,USD,DIAAAAXF6Q7HMAJ
2026-05-13 03:07:56+00:00,No Lead Gasoline ($4.20),CC.D.RB.UNC.IP,BUY,1.0,37065.0,36723.0,-342.0,USD,DIAAAAXF6Q7L9AJ
2026-05-13 03:07:57+00:00,Wall Street Cash ($1),IX.D.DOW.BMU.IP,BUY,10.0,49756.1,49766.6,105.0,USD,DIAAAAXF6Q7QQAJ
2026-05-13 03:08:39+00:00,5-Year T-Note Decimalised ($2),IR.D.05YEAR100.FWM2.IP,SELL,10.0,10737.7,10736.7,10.0,USD,DIAAAAXF6Q7HMAJ
2026-05-13 03:08:40+00:00,No Lead Gasoline ($4.20),CC.D.RB.UNC.IP,BUY,1.0,37065.0,36723.0,-342.0,USD,DIAAAAXF6Q7L9AJ
2026-05-13 03:08:40+00:00,Wall Street Cash ($1),IX.D.DOW.BMU.IP,BUY,10.0,49756.1,49766.6,105.0,USD,DIAAAAXF6Q7QQAJ
2026-05-13 03:09:23+00:00,5-Year T-Note Decimalised ($2),IR.D.05YEAR100.FWM2.IP,SELL,10.0,10737.7,10736.7,10.0,USD,DIAAAAXF6Q7HMAJ
2026-05-13 03:09:23+00:00,No Lead Gasoline ($4.20),CC.D.RB.UNC.IP,BUY,1.0,37065.0,36723.0,-342.0,USD,DIAAAAXF6Q7L9AJ
2026-05-13 03:09:23+00:00,Wall Street Cash ($1),IX.D.DOW.BMU.IP,BUY,10.0,49756.1,49767.5,114.0,USD,DIAAAAXF6Q7QQAJ
2026-05-13 03:10:06+00:00,5-Year T-Note Decimalised ($2),IR.D.05YEAR100.FWM2.IP,SELL,10.0,10737.7,10738.3,-6.0,USD,DIAAAAXF6Q7HMAJ
2026-05-13 03:10:06+00:00,No Lead Gasoline ($4.20),CC.D.RB.UNC.IP,BUY,1.0,37065.0,36723.0,-342.0,USD,DIAAAAXF6Q7L9AJ
2026-05-13 03:10:07+00:00,Wall Street Cash ($1),IX.D.DOW.BMU.IP,BUY,10.0,49756.1,49767.5,114.0,USD,DIAAAAXF6Q7QQAJ
2026-05-13 03:10:50+00:00,5-Year T-Note Decimalised ($2),IR.D.05YEAR100.FWM2.IP,SELL,10.0,10737.7,10738.3,-6.0,USD,DIAAAAXF6Q7HMAJ
2026-05-13 03:10:50+00:00,No Lead Gasoline ($4.20),CC.D.RB.UNC.IP,BUY,1.0,37065.0,36723.0,-342.0,USD,DIAAAAXF6Q7L9AJ
2026-05-13 03:10:50+00:00,Wall Street Cash ($1),IX.D.DOW.BMU.IP,BUY,10.0,49756.1,49768.2,121.0,USD,DIAAAAXF6Q7QQAJ
2026-05-13 03:11:33+00:00,5-Year T-Note Decimalised ($2),IR.D.05YEAR100.FWM2.IP,SELL,10.0,10737.7,10738.3,-6.0,USD,DIAAAAXF6Q7HMAJ
2026-05-13 03:11:33+00:00,No Lead Gasoline ($4.20),CC.D.RB.UNC.IP,BUY,1.0,37065.0,36723.0,-342.0,USD,DIAAAAXF6Q7L9AJ
2026-05-13 03:11:34+00:00,Wall Street Cash ($1),IX.D.DOW.BMU.IP,BUY,10.0,49756.1,49767.8,117.0,USD,DIAAAAXF6Q7QQAJ
2026-05-13 03:12:16+00:00,5-Year T-Note Decimalised ($2),IR.D.05YEAR100.FWM2.IP,SELL,10.0,10737.7,10738.3,-6.0,USD,DIAAAAXF6Q7HMAJ
2026-05-13 03:12:17+00:00,No Lead Gasoline ($4.20),CC.D.RB.UNC.IP,BUY,1.0,37065.0,36723.0,-342.0,USD,DIAAAAXF6Q7L9AJ
2026-05-13 03:12:17+00:00,Wall Street Cash ($1),IX.D.DOW.BMU.IP,BUY,10.0,49756.1,49768.5,124.0,USD,DIAAAAXF6Q7QQAJ
2026-05-13 03:13:00+00:00,5-Year T-Note Decimalised ($2),IR.D.05YEAR100.FWM2.IP,SELL,10.0,10737.7,10738.3,-6.0,USD,DIAAAAXF6Q7HMAJ
2026-05-13 03:13:00+00:00,No Lead Gasoline ($4.20),CC.D.RB.UNC.IP,BUY,1.0,37065.0,36723.0,-342.0,USD,DIAAAAXF6Q7L9AJ
2026-05-13 03:13:00+00:00,Wall Street Cash ($1),IX.D.DOW.BMU.IP,BUY,10.0,49756.1,49768.5,124.0,USD,DIAAAAXF6Q7QQAJ
2026-05-13 03:13:43+00:00,5-Year T-Note Decimalised ($2),IR.D.05YEAR100.FWM2.IP,SELL,10.0,10737.7,10738.3,-6.0,USD,DIAAAAXF6Q7HMAJ
2026-05-13 03:13:43+00:00,No Lead Gasoline ($4.20),CC.D.RB.UNC.IP,BUY,1.0,37065.0,36723.0,-342.0,USD,DIAAAAXF6Q7L9AJ
2026-05-13 03:13:44+00:00,Wall Street Cash ($1),IX.D.DOW.BMU.IP,BUY,10.0,49756.1,49767.5,114.0,USD,DIAAAAXF6Q7QQAJ
2026-05-13 03:14:26+00:00,5-Year T-Note Decimalised ($2),IR.D.05YEAR100.FWM2.IP,SELL,10.0,10737.7,10738.3,-6.0,USD,DIAAAAXF6Q7HMAJ
2026-05-13 03:14:27+00:00,No Lead Gasoline ($4.20),CC.D.RB.UNC.IP,BUY,1.0,37065.0,36723.0,-342.0,USD,DIAAAAXF6Q7L9AJ
2026-05-13 03:14:27+00:00,Wall Street Cash ($1),IX.D.DOW.BMU.IP,BUY,10.0,49756.1,49767.5,114.0,USD,DIAAAAXF6Q7QQAJ
2026-05-13 03:15:10+00:00,5-Year T-Note Decimalised ($2),IR.D.05YEAR100.FWM2.IP,SELL,10.0,10737.7,10738.3,-6.0,USD,DIAAAAXF6Q7HMAJ
2026-05-13 03:15:10+00:00,No Lead Gasoline ($4.20),CC.D.RB.UNC.IP,BUY,1.0,37065.0,36723.0,-342.0,USD,DIAAAAXF6Q7L9AJ
2026-05-13 03:15:10+00:00,Wall Street Cash ($1),IX.D.DOW.BMU.IP,BUY,10.0,49756.1,49766.6,105.0,USD,DIAAAAXF6Q7QQAJ
2026-05-13 03:15:53+00:00,5-Year T-Note Decimalised ($2),IR.D.05YEAR100.FWM2.IP,SELL,10.0,10737.7,10738.3,-6.0,USD,DIAAAAXF6Q7HMAJ
2026-05-13 03:15:53+00:00,No Lead Gasoline ($4.20),CC.D.RB.UNC.IP,BUY,1.0,37065.0,36723.0,-342.0,USD,DIAAAAXF6Q7L9AJ
2026-05-13 03:15:54+00:00,Wall Street Cash ($1),IX.D.DOW.BMU.IP,BUY,10.0,49756.1,49766.6,105.0,USD,DIAAAAXF6Q7QQAJ
2026-05-13 03:16:37+00:00,5-Year T-Note Decimalised ($2),IR.D.05YEAR100.FWM2.IP,SELL,10.0,10737.7,10738.3,-6.0,USD,DIAAAAXF6Q7HMAJ
2026-05-13 03:16:37+00:00,No Lead Gasoline ($4.20),CC.D.RB.UNC.IP,BUY,1.0,37065.0,36723.0,-342.0,USD,DIAAAAXF6Q7L9AJ
2026-05-13 03:16:37+00:00,Wall Street Cash ($1),IX.D.DOW.BMU.IP,BUY,10.0,49756.1,49766.6,105.0,USD,DIAAAAXF6Q7QQAJ
2026-05-13 03:17:20+00:00,5-Year T-Note Decimalised ($2),IR.D.05YEAR100.FWM2.IP,SELL,10.0,10737.7,10738.3,-6.0,USD,DIAAAAXF6Q7HMAJ
2026-05-13 03:17:20+00:00,No Lead Gasoline ($4.20),CC.D.RB.UNC.IP,BUY,1.0,37065.0,36723.0,-342.0,USD,DIAAAAXF6Q7L9AJ
2026-05-13 03:17:21+00:00,Wall Street Cash ($1),IX.D.DOW.BMU.IP,BUY,10.0,49756.1,49768.2,121.0,USD,DIAAAAXF6Q7QQAJ
2026-05-13 03:18:03+00:00,5-Year T-Note Decimalised ($2),IR.D.05YEAR100.FWM2.IP,SELL,10.0,10737.7,10738.3,-6.0,USD,DIAAAAXF6Q7HMAJ
2026-05-13 03:18:04+00:00,No Lead Gasoline ($4.20),CC.D.RB.UNC.IP,BUY,1.0,37065.0,36723.0,-342.0,USD,DIAAAAXF6Q7L9AJ
2026-05-13 03:18:04+00:00,Wall Street Cash ($1),IX.D.DOW.BMU.IP,BUY,10.0,49756.1,49768.2,121.0,USD,DIAAAAXF6Q7QQAJ
2026-05-13 03:18:47+00:00,5-Year T-Note Decimalised ($2),IR.D.05YEAR100.FWM2.IP,SELL,10.0,10737.7,10738.3,-6.0,USD,DIAAAAXF6Q7HMAJ
2026-05-13 03:18:47+00:00,No Lead Gasoline ($4.20),CC.D.RB.UNC.IP,BUY,1.0,37065.0,36723.0,-342.0,USD,DIAAAAXF6Q7L9AJ
2026-05-13 03:18:47+00:00,Wall Street Cash ($1),IX.D.DOW.BMU.IP,BUY,10.0,49756.1,49768.2,121.0,USD,DIAAAAXF6Q7QQAJ
2026-05-13 03:19:30+00:00,5-Year T-Note Decimalised ($2),IR.D.05YEAR100.FWM2.IP,SELL,10.0,10737.7,10738.3,-6.0,USD,DIAAAAXF6Q7HMAJ
2026-05-13 03:19:31+00:00,No Lead Gasoline ($4.20),CC.D.RB.UNC.IP,BUY,1.0,37065.0,36723.0,-342.0,USD,DIAAAAXF6Q7L9AJ
2026-05-13 03:19:31+00:00,Wall Street Cash ($1),IX.D.DOW.BMU.IP,BUY,10.0,49756.1,49768.5,124.0,USD,DIAAAAXF6Q7QQAJ
2026-05-13 03:20:14+00:00,5-Year T-Note Decimalised ($2),IR.D.05YEAR100.FWM2.IP,SELL,10.0,10737.7,10738.3,-6.0,USD,DIAAAAXF6Q7HMAJ
2026-05-13 03:20:15+00:00,No Lead Gasoline ($4.20),CC.D.RB.UNC.IP,BUY,1.0,37065.0,36723.0,-342.0,USD,DIAAAAXF6Q7L9AJ
2026-05-13 03:20:15+00:00,Wall Street Cash ($1),IX.D.DOW.BMU.IP,BUY,10.0,49756.1,49768.5,124.0,USD,DIAAAAXF6Q7QQAJ
2026-05-13 03:20:57+00:00,5-Year T-Note Decimalised ($2),IR.D.05YEAR100.FWM2.IP,SELL,10.0,10737.7,10738.3,-6.0,USD,DIAAAAXF6Q7HMAJ
2026-05-13 03:20:58+00:00,No Lead Gasoline ($4.20),CC.D.RB.UNC.IP,BUY,1.0,37065.0,36723.0,-342.0,USD,DIAAAAXF6Q7L9AJ
2026-05-13 03:20:58+00:00,Wall Street Cash ($1),IX.D.DOW.BMU.IP,BUY,10.0,49756.1,49769.4,133.0,USD,DIAAAAXF6Q7QQAJ
2026-05-13 03:21:41+00:00,5-Year T-Note Decimalised ($2),IR.D.05YEAR100.FWM2.IP,SELL,10.0,10737.7,10738.3,-6.0,USD,DIAAAAXF6Q7HMAJ
2026-05-13 03:21:41+00:00,No Lead Gasoline ($4.20),CC.D.RB.UNC.IP,BUY,1.0,37065.0,36723.0,-342.0,USD,DIAAAAXF6Q7L9AJ
2026-05-13 03:21:42+00:00,Wall Street Cash ($1),IX.D.DOW.BMU.IP,BUY,10.0,49756.1,49769.2,131.0,USD,DIAAAAXF6Q7QQAJ
2026-05-13 03:22:24+00:00,5-Year T-Note Decimalised ($2),IR.D.05YEAR100.FWM2.IP,SELL,10.0,10737.7,10738.3,-6.0,USD,DIAAAAXF6Q7HMAJ
2026-05-13 03:22:24+00:00,No Lead Gasoline ($4.20),CC.D.RB.UNC.IP,BUY,1.0,37065.0,36723.0,-342.0,USD,DIAAAAXF6Q7L9AJ
2026-05-13 03:22:25+00:00,Wall Street Cash ($1),IX.D.DOW.BMU.IP,BUY,10.0,49756.1,49769.2,131.0,USD,DIAAAAXF6Q7QQAJ
2026-05-13 03:23:08+00:00,5-Year T-Note Decimalised ($2),IR.D.05YEAR100.FWM2.IP,SELL,10.0,10737.7,10738.3,-6.0,USD,DIAAAAXF6Q7HMAJ
2026-05-13 03:23:08+00:00,No Lead Gasoline ($4.20),CC.D.RB.UNC.IP,BUY,1.0,37065.0,36723.0,-342.0,USD,DIAAAAXF6Q7L9AJ
2026-05-13 03:23:09+00:00,Wall Street Cash ($1),IX.D.DOW.BMU.IP,BUY,10.0,49756.1,49769.2,131.0,USD,DIAAAAXF6Q7QQAJ
2026-05-13 03:23:51+00:00,5-Year T-Note Decimalised ($2),IR.D.05YEAR100.FWM2.IP,SELL,10.0,10737.7,10738.3,-6.0,USD,DIAAAAXF6Q7HMAJ
2026-05-13 03:23:52+00:00,No Lead Gasoline ($4.20),CC.D.RB.UNC.IP,BUY,1.0,37065.0,36723.0,-342.0,USD,DIAAAAXF6Q7L9AJ
2026-05-13 03:23:52+00:00,Wall Street Cash ($1),IX.D.DOW.BMU.IP,BUY,10.0,49756.1,49769.2,131.0,USD,DIAAAAXF6Q7QQAJ
2026-05-13 03:24:35+00:00,5-Year T-Note Decimalised ($2),IR.D.05YEAR100.FWM2.IP,SELL,10.0,10737.7,10738.3,-6.0,USD,DIAAAAXF6Q7HMAJ
2026-05-13 03:24:35+00:00,No Lead Gasoline ($4.20),CC.D.RB.UNC.IP,BUY,1.0,37065.0,36723.0,-342.0,USD,DIAAAAXF6Q7L9AJ
2026-05-13 03:24:35+00:00,Wall Street Cash ($1),IX.D.DOW.BMU.IP,BUY,10.0,49756.1,49768.7,126.0,USD,DIAAAAXF6Q7QQAJ
2026-05-13 03:25:18+00:00,5-Year T-Note Decimalised ($2),IR.D.05YEAR100.FWM2.IP,SELL,10.0,10737.7,10738.3,-6.0,USD,DIAAAAXF6Q7HMAJ
2026-05-13 03:25:19+00:00,No Lead Gasoline ($4.20),CC.D.RB.UNC.IP,BUY,1.0,37065.0,36723.0,-342.0,USD,DIAAAAXF6Q7L9AJ
2026-05-13 03:25:19+00:00,Wall Street Cash ($1),IX.D.DOW.BMU.IP,BUY,10.0,49756.1,49769.6,135.0,USD,DIAAAAXF6Q7QQAJ
2026-05-13 03:26:01+00:00,5-Year T-Note Decimalised ($2),IR.D.05YEAR100.FWM2.IP,SELL,10.0,10737.7,10738.3,-6.0,USD,DIAAAAXF6Q7HMAJ
2026-05-13 03:26:02+00:00,No Lead Gasoline ($4.20),CC.D.RB.UNC.IP,BUY,1.0,37065.0,36723.0,-342.0,USD,DIAAAAXF6Q7L9AJ
2026-05-13 03:26:02+00:00,Wall Street Cash ($1),IX.D.DOW.BMU.IP,BUY,10.0,49756.1,49769.2,131.0,USD,DIAAAAXF6Q7QQAJ
2026-05-13 03:26:45+00:00,5-Year T-Note Decimalised ($2),IR.D.05YEAR100.FWM2.IP,SELL,10.0,10737.7,10738.3,-6.0,USD,DIAAAAXF6Q7HMAJ
2026-05-13 03:26:45+00:00,No Lead Gasoline ($4.20),CC.D.RB.UNC.IP,BUY,1.0,37065.0,36723.0,-342.0,USD,DIAAAAXF6Q7L9AJ
2026-05-13 03:26:45+00:00,Wall Street Cash ($1),IX.D.DOW.BMU.IP,BUY,10.0,49756.1,49770.1,140.0,USD,DIAAAAXF6Q7QQAJ
2026-05-13 03:27:28+00:00,5-Year T-Note Decimalised ($2),IR.D.05YEAR100.FWM2.IP,SELL,10.0,10737.7,10738.3,-6.0,USD,DIAAAAXF6Q7HMAJ
2026-05-13 03:27:28+00:00,No Lead Gasoline ($4.20),CC.D.RB.UNC.IP,BUY,1.0,37065.0,36723.0,-342.0,USD,DIAAAAXF6Q7L9AJ
2026-05-13 03:27:29+00:00,Wall Street Cash ($1),IX.D.DOW.BMU.IP,BUY,10.0,49756.1,49770.6,145.0,USD,DIAAAAXF6Q7QQAJ
2026-05-13 03:28:11+00:00,5-Year T-Note Decimalised ($2),IR.D.05YEAR100.FWM2.IP,SELL,10.0,10737.7,10738.3,-6.0,USD,DIAAAAXF6Q7HMAJ
2026-05-13 03:28:12+00:00,No Lead Gasoline ($4.20),CC.D.RB.UNC.IP,BUY,1.0,37065.0,36723.0,-342.0,USD,DIAAAAXF6Q7L9AJ
2026-05-13 03:28:12+00:00,Wall Street Cash ($1),IX.D.DOW.BMU.IP,BUY,10.0,49756.1,49771.3,152.0,USD,DIAAAAXF6Q7QQAJ
2026-05-13 03:28:55+00:00,5-Year T-Note Decimalised ($2),IR.D.05YEAR100.FWM2.IP,SELL,10.0,10737.7,10738.3,-6.0,USD,DIAAAAXF6Q7HMAJ
2026-05-13 03:28:55+00:00,No Lead Gasoline ($4.20),CC.D.RB.UNC.IP,BUY,1.0,37065.0,36723.0,-342.0,USD,DIAAAAXF6Q7L9AJ
2026-05-13 03:28:56+00:00,Wall Street Cash ($1),IX.D.DOW.BMU.IP,BUY,10.0,49756.1,49771.6,155.0,USD,DIAAAAXF6Q7QQAJ
2026-05-13 03:29:38+00:00,5-Year T-Note Decimalised ($2),IR.D.05YEAR100.FWM2.IP,SELL,10.0,10737.7,10738.3,-6.0,USD,DIAAAAXF6Q7HMAJ
2026-05-13 03:29:39+00:00,No Lead Gasoline ($4.20),CC.D.RB.UNC.IP,BUY,1.0,37065.0,36723.0,-342.0,USD,DIAAAAXF6Q7L9AJ
2026-05-13 03:29:39+00:00,Wall Street Cash ($1),IX.D.DOW.BMU.IP,BUY,10.0,49756.1,49769.6,135.0,USD,DIAAAAXF6Q7QQAJ
2026-05-13 03:30:22+00:00,5-Year T-Note Decimalised ($2),IR.D.05YEAR100.FWM2.IP,SELL,10.0,10737.7,10737.9,-2.0,USD,DIAAAAXF6Q7HMAJ
2026-05-13 03:30:22+00:00,No Lead Gasoline ($4.20),CC.D.RB.UNC.IP,BUY,1.0,37065.0,36848.0,-217.0,USD,DIAAAAXF6Q7L9AJ
2026-05-13 03:30:23+00:00,Wall Street Cash ($1),IX.D.DOW.BMU.IP,BUY,10.0,49756.1,49762.0,59.0,USD,DIAAAAXF6Q7QQAJ
2026-05-13 03:31:06+00:00,5-Year T-Note Decimalised ($2),IR.D.05YEAR100.FWM2.IP,SELL,10.0,10737.7,10737.9,-2.0,USD,DIAAAAXF6Q7HMAJ
2026-05-13 03:31:06+00:00,No Lead Gasoline ($4.20),CC.D.RB.UNC.IP,BUY,1.0,37065.0,36851.0,-214.0,USD,DIAAAAXF6Q7L9AJ
2026-05-13 03:31:07+00:00,Wall Street Cash ($1),IX.D.DOW.BMU.IP,BUY,10.0,49756.1,49771.1,150.0,USD,DIAAAAXF6Q7QQAJ
