timestamp,symbol,event,base_price,current_price,change_percent,signal,paper_action,notes
54:09.7,AAPL,WAITING_FOR_T_MINUS_15,,,,,,Waiting for earnings timing window.
54:09.7,MSFT,WAITING_FOR_T_MINUS_15,,,,,,Waiting for earnings timing window.
54:09.7,TSLA,WAITING_FOR_T_MINUS_15,,,,,,Waiting for earnings timing window.
56:08.9,Bitcoin ($0.1),DEMO_AUTO_CLOSE_STOP_LOSS_SENT,,,,,Close demo position,P/L=-20645.0. Demo close request sent.
56:08.9,AAPL,WAITING_FOR_T_MINUS_15,,,,,,Waiting for earnings timing window.
56:08.9,MSFT,WAITING_FOR_T_MINUS_15,,,,,,Waiting for earnings timing window.
56:08.9,TSLA,WAITING_FOR_T_MINUS_15,,,,,,Waiting for earnings timing window.
56:39.2,AAPL,WAITING_FOR_T_MINUS_15,,,,,,Waiting for earnings timing window.
56:39.2,MSFT,WAITING_FOR_T_MINUS_15,,,,,,Waiting for earnings timing window.
56:39.2,TSLA,WAITING_FOR_T_MINUS_15,,,,,,Waiting for earnings timing window.
57:09.8,AAPL,WAITING_FOR_T_MINUS_15,,,,,,Waiting for earnings timing window.
57:09.8,MSFT,WAITING_FOR_T_MINUS_15,,,,,,Waiting for earnings timing window.
57:09.8,TSLA,WAITING_FOR_T_MINUS_15,,,,,,Waiting for earnings timing window.
19:49.1,AAPL,WAITING_FOR_T_MINUS_15,,,,,,Waiting for earnings timing window.
19:49.1,MSFT,WAITING_FOR_T_MINUS_15,,,,,,Waiting for earnings timing window.
19:49.1,TSLA,WAITING_FOR_T_MINUS_15,,,,,,Waiting for earnings timing window.
20:19.1,AAPL,WAITING_FOR_T_MINUS_15,,,,,,Waiting for earnings timing window.
20:19.1,MSFT,WAITING_FOR_T_MINUS_15,,,,,,Waiting for earnings timing window.
20:19.1,TSLA,WAITING_FOR_T_MINUS_15,,,,,,Waiting for earnings timing window.
20:49.1,AAPL,WAITING_FOR_T_MINUS_15,,,,,,Waiting for earnings timing window.
20:49.1,MSFT,WAITING_FOR_T_MINUS_15,,,,,,Waiting for earnings timing window.
20:49.1,TSLA,WAITING_FOR_T_MINUS_15,,,,,,Waiting for earnings timing window.
22:49.0,Bitcoin ($0.1),DEMO_AUTO_CLOSE_STOP_LOSS_SENT,,,,,Close demo position,P/L=-195.0. Demo close request sent.
22:49.0,AAPL,WAITING_FOR_T_MINUS_15,,,,,,Waiting for earnings timing window.
22:49.0,MSFT,WAITING_FOR_T_MINUS_15,,,,,,Waiting for earnings timing window.
22:49.0,TSLA,WAITING_FOR_T_MINUS_15,,,,,,Waiting for earnings timing window.
23:19.9,AAPL,WAITING_FOR_T_MINUS_15,,,,,,Waiting for earnings timing window.
23:19.9,MSFT,WAITING_FOR_T_MINUS_15,,,,,,Waiting for earnings timing window.
23:19.9,TSLA,WAITING_FOR_T_MINUS_15,,,,,,Waiting for earnings timing window.
23:50.2,AAPL,WAITING_FOR_T_MINUS_15,,,,,,Waiting for earnings timing window.
23:50.2,MSFT,WAITING_FOR_T_MINUS_15,,,,,,Waiting for earnings timing window.
23:50.2,TSLA,WAITING_FOR_T_MINUS_15,,,,,,Waiting for earnings timing window.
24:20.5,AAPL,WAITING_FOR_T_MINUS_15,,,,,,Waiting for earnings timing window.
24:20.5,MSFT,WAITING_FOR_T_MINUS_15,,,,,,Waiting for earnings timing window.
24:20.5,TSLA,WAITING_FOR_T_MINUS_15,,,,,,Waiting for earnings timing window.
25:10.5,AAPL,WAITING_FOR_T_MINUS_15,,,,,,Waiting for earnings timing window.
25:10.5,MSFT,WAITING_FOR_T_MINUS_15,,,,,,Waiting for earnings timing window.
25:10.5,TSLA,WAITING_FOR_T_MINUS_15,,,,,,Waiting for earnings timing window.
26:01.2,AAPL,WAITING_FOR_T_MINUS_15,,,,,,Waiting for earnings timing window.
26:01.2,MSFT,WAITING_FOR_T_MINUS_15,,,,,,Waiting for earnings timing window.
26:01.2,TSLA,WAITING_FOR_T_MINUS_15,,,,,,Waiting for earnings timing window.
27:37.1,AAPL,WAITING_FOR_T_MINUS_15,,,,,,Waiting for earnings timing window.
27:37.1,MSFT,WAITING_FOR_T_MINUS_15,,,,,,Waiting for earnings timing window.
27:37.1,TSLA,WAITING_FOR_T_MINUS_15,,,,,,Waiting for earnings timing window.
28:27.8,AAPL,WAITING_FOR_T_MINUS_15,,,,,,Waiting for earnings timing window.
28:27.8,MSFT,WAITING_FOR_T_MINUS_15,,,,,,Waiting for earnings timing window.
28:27.8,TSLA,WAITING_FOR_T_MINUS_15,,,,,,Waiting for earnings timing window.
30:09.5,AAPL,WAITING_FOR_T_MINUS_15,,,,,,Waiting for earnings timing window.
30:09.5,MSFT,WAITING_FOR_T_MINUS_15,,,,,,Waiting for earnings timing window.
30:09.5,TSLA,WAITING_FOR_T_MINUS_15,,,,,,Waiting for earnings timing window.
30:40.3,AAPL,WAITING_FOR_T_MINUS_15,,,,,,Waiting for earnings timing window.
30:40.3,MSFT,WAITING_FOR_T_MINUS_15,,,,,,Waiting for earnings timing window.
30:40.3,TSLA,WAITING_FOR_T_MINUS_15,,,,,,Waiting for earnings timing window.
31:11.2,AAPL,WAITING_FOR_T_MINUS_15,,,,,,Waiting for earnings timing window.
31:11.2,MSFT,WAITING_FOR_T_MINUS_15,,,,,,Waiting for earnings timing window.
31:11.2,TSLA,WAITING_FOR_T_MINUS_15,,,,,,Waiting for earnings timing window.
31:42.0,AAPL,WAITING_FOR_T_MINUS_15,,,,,,Waiting for earnings timing window.
31:42.0,MSFT,WAITING_FOR_T_MINUS_15,,,,,,Waiting for earnings timing window.
31:42.0,TSLA,WAITING_FOR_T_MINUS_15,,,,,,Waiting for earnings timing window.
32:13.2,AAPL,WAITING_FOR_T_MINUS_15,,,,,,Waiting for earnings timing window.
32:13.2,MSFT,WAITING_FOR_T_MINUS_15,,,,,,Waiting for earnings timing window.
32:13.2,TSLA,WAITING_FOR_T_MINUS_15,,,,,,Waiting for earnings timing window.
32:44.1,AAPL,WAITING_FOR_T_MINUS_15,,,,,,Waiting for earnings timing window.
32:44.1,MSFT,WAITING_FOR_T_MINUS_15,,,,,,Waiting for earnings timing window.
32:44.1,TSLA,WAITING_FOR_T_MINUS_15,,,,,,Waiting for earnings timing window.
33:15.1,AAPL,WAITING_FOR_T_MINUS_15,,,,,,Waiting for earnings timing window.
33:15.2,MSFT,WAITING_FOR_T_MINUS_15,,,,,,Waiting for earnings timing window.
33:15.2,TSLA,WAITING_FOR_T_MINUS_15,,,,,,Waiting for earnings timing window.
33:46.2,AAPL,WAITING_FOR_T_MINUS_15,,,,,,Waiting for earnings timing window.
33:46.2,MSFT,WAITING_FOR_T_MINUS_15,,,,,,Waiting for earnings timing window.
33:46.2,TSLA,WAITING_FOR_T_MINUS_15,,,,,,Waiting for earnings timing window.
34:36.3,AAPL,WAITING_FOR_T_MINUS_15,,,,,,Waiting for earnings timing window.
34:36.3,MSFT,WAITING_FOR_T_MINUS_15,,,,,,Waiting for earnings timing window.
34:36.3,TSLA,WAITING_FOR_T_MINUS_15,,,,,,Waiting for earnings timing window.
35:50.7,AAPL,WAITING_FOR_T_MINUS_15,,,,,,Waiting for earnings timing window.
35:50.7,MSFT,WAITING_FOR_T_MINUS_15,,,,,,Waiting for earnings timing window.
35:50.7,TSLA,WAITING_FOR_T_MINUS_15,,,,,,Waiting for earnings timing window.
35:50.7,NVDA,WAITING_FOR_T_MINUS_15,,,,,,Waiting for earnings timing window.
35:50.7,META,WAITING_FOR_T_MINUS_15,,,,,,Waiting for earnings timing window.
35:50.7,AMZN,WAITING_FOR_T_MINUS_15,,,,,,Waiting for earnings timing window.
35:50.7,GOOGL,WAITING_FOR_T_MINUS_15,,,,,,Waiting for earnings timing window.
35:50.7,BTC,WAITING_FOR_T_MINUS_15,,,,,,Waiting for earnings timing window.
35:50.7,ETH,WAITING_FOR_T_MINUS_15,,,,,,Waiting for earnings timing window.
36:20.7,AAPL,WAITING_FOR_T_MINUS_15,,,,,,Waiting for earnings timing window.
36:20.7,MSFT,WAITING_FOR_T_MINUS_15,,,,,,Waiting for earnings timing window.
36:20.7,TSLA,WAITING_FOR_T_MINUS_15,,,,,,Waiting for earnings timing window.
36:20.7,NVDA,WAITING_FOR_T_MINUS_15,,,,,,Waiting for earnings timing window.
36:20.7,META,WAITING_FOR_T_MINUS_15,,,,,,Waiting for earnings timing window.
36:20.7,AMZN,WAITING_FOR_T_MINUS_15,,,,,,Waiting for earnings timing window.
36:20.7,GOOGL,WAITING_FOR_T_MINUS_15,,,,,,Waiting for earnings timing window.
36:20.7,BTC,WAITING_FOR_T_MINUS_15,,,,,,Waiting for earnings timing window.
36:20.7,ETH,WAITING_FOR_T_MINUS_15,,,,,,Waiting for earnings timing window.
36:50.7,AAPL,WAITING_FOR_T_MINUS_15,,,,,,Waiting for earnings timing window.
36:50.7,MSFT,WAITING_FOR_T_MINUS_15,,,,,,Waiting for earnings timing window.
36:50.7,TSLA,WAITING_FOR_T_MINUS_15,,,,,,Waiting for earnings timing window.
36:50.7,NVDA,WAITING_FOR_T_MINUS_15,,,,,,Waiting for earnings timing window.
36:50.7,META,WAITING_FOR_T_MINUS_15,,,,,,Waiting for earnings timing window.
36:50.8,AMZN,WAITING_FOR_T_MINUS_15,,,,,,Waiting for earnings timing window.
36:50.8,GOOGL,WAITING_FOR_T_MINUS_15,,,,,,Waiting for earnings timing window.
36:50.8,BTC,WAITING_FOR_T_MINUS_15,,,,,,Waiting for earnings timing window.
36:50.8,ETH,WAITING_FOR_T_MINUS_15,,,,,,Waiting for earnings timing window.
37:20.8,AAPL,WAITING_FOR_T_MINUS_15,,,,,,Waiting for earnings timing window.
37:20.8,MSFT,WAITING_FOR_T_MINUS_15,,,,,,Waiting for earnings timing window.
37:20.8,TSLA,WAITING_FOR_T_MINUS_15,,,,,,Waiting for earnings timing window.
37:20.8,NVDA,WAITING_FOR_T_MINUS_15,,,,,,Waiting for earnings timing window.
37:20.8,META,WAITING_FOR_T_MINUS_15,,,,,,Waiting for earnings timing window.
37:20.8,AMZN,WAITING_FOR_T_MINUS_15,,,,,,Waiting for earnings timing window.
37:20.8,GOOGL,WAITING_FOR_T_MINUS_15,,,,,,Waiting for earnings timing window.
37:20.8,BTC,WAITING_FOR_T_MINUS_15,,,,,,Waiting for earnings timing window.
37:20.8,ETH,WAITING_FOR_T_MINUS_15,,,,,,Waiting for earnings timing window.
37:50.8,AAPL,WAITING_FOR_T_MINUS_15,,,,,,Waiting for earnings timing window.
37:50.8,MSFT,WAITING_FOR_T_MINUS_15,,,,,,Waiting for earnings timing window.
37:50.8,TSLA,WAITING_FOR_T_MINUS_15,,,,,,Waiting for earnings timing window.
37:50.8,NVDA,WAITING_FOR_T_MINUS_15,,,,,,Waiting for earnings timing window.
37:50.8,META,WAITING_FOR_T_MINUS_15,,,,,,Waiting for earnings timing window.
37:50.8,AMZN,WAITING_FOR_T_MINUS_15,,,,,,Waiting for earnings timing window.
37:50.8,GOOGL,WAITING_FOR_T_MINUS_15,,,,,,Waiting for earnings timing window.
37:50.8,BTC,WAITING_FOR_T_MINUS_15,,,,,,Waiting for earnings timing window.
37:50.8,ETH,WAITING_FOR_T_MINUS_15,,,,,,Waiting for earnings timing window.
38:16.7,AAPL,BASE_PRICE_SAVED,293.32,,,,,Base price saved for strategy comparison.
38:16.9,MSFT,BASE_PRICE_SAVED,415.12,,,,,Base price saved for strategy comparison.
38:17.2,TSLA,BASE_PRICE_SAVED,428.35,,,,,Base price saved for strategy comparison.
38:17.5,NVDA,BASE_PRICE_SAVED,215.2,,,,,Base price saved for strategy comparison.
38:17.8,META,BASE_PRICE_SAVED,609.63,,,,,Base price saved for strategy comparison.
38:18.1,AMZN,BASE_PRICE_SAVED,272.68,,,,,Base price saved for strategy comparison.
38:18.4,GOOGL,BASE_PRICE_SAVED,400.8,,,,,Base price saved for strategy comparison.
38:18.7,BTC,BASE_PRICE_SAVED,80861.82,,,,,Base price saved for strategy comparison.
38:19.0,ETH,BASE_PRICE_SAVED,2330.83,,,,,Base price saved for strategy comparison.
38:50.2,AAPL,SIGNAL_CHECK,293.32,293.32,0,NO_SIGNAL,PAPER EVALUATION: no trade signal,
38:50.5,MSFT,SIGNAL_CHECK,415.12,415.12,0,NO_SIGNAL,PAPER EVALUATION: no trade signal,
38:50.8,TSLA,SIGNAL_CHECK,428.35,428.35,0,NO_SIGNAL,PAPER EVALUATION: no trade signal,
38:51.1,NVDA,SIGNAL_CHECK,215.2,215.2,0,NO_SIGNAL,PAPER EVALUATION: no trade signal,
38:51.4,META,SIGNAL_CHECK,609.63,609.63,0,NO_SIGNAL,PAPER EVALUATION: no trade signal,
38:51.7,AMZN,SIGNAL_CHECK,272.68,272.68,0,NO_SIGNAL,PAPER EVALUATION: no trade signal,
38:52.0,GOOGL,SIGNAL_CHECK,400.8,400.8,0,NO_SIGNAL,PAPER EVALUATION: no trade signal,
38:52.3,BTC,SIGNAL_CHECK,80861.82,80845.84,-0.02,NO_SIGNAL,PAPER EVALUATION: no trade signal,
38:52.6,ETH,SIGNAL_CHECK,2330.83,2330.38,-0.02,NO_SIGNAL,PAPER EVALUATION: no trade signal,
39:40.1,AAPL,BASE_PRICE_SAVED,293.32,,,,,Base price saved for strategy comparison.
39:40.4,MSFT,BASE_PRICE_SAVED,415.12,,,,,Base price saved for strategy comparison.
39:40.7,TSLA,BASE_PRICE_SAVED,428.35,,,,,Base price saved for strategy comparison.
39:41.0,NVDA,BASE_PRICE_SAVED,215.2,,,,,Base price saved for strategy comparison.
39:41.3,META,BASE_PRICE_SAVED,609.63,,,,,Base price saved for strategy comparison.
39:41.6,AMZN,BASE_PRICE_SAVED,272.68,,,,,Base price saved for strategy comparison.
39:41.9,GOOGL,BASE_PRICE_SAVED,400.8,,,,,Base price saved for strategy comparison.
39:42.2,BTC,BASE_PRICE_SAVED,80852.76,,,,,Base price saved for strategy comparison.
39:42.4,ETH,BASE_PRICE_SAVED,2330.64,,,,,Base price saved for strategy comparison.
40:13.6,AAPL,SIGNAL_CHECK,293.32,293.32,0,NO_SIGNAL,PAPER EVALUATION: no trade signal,
40:13.9,MSFT,SIGNAL_CHECK,415.12,415.12,0,NO_SIGNAL,PAPER EVALUATION: no trade signal,
40:14.2,TSLA,SIGNAL_CHECK,428.35,428.35,0,NO_SIGNAL,PAPER EVALUATION: no trade signal,
40:14.5,NVDA,SIGNAL_CHECK,215.2,215.2,0,NO_SIGNAL,PAPER EVALUATION: no trade signal,
40:14.8,META,SIGNAL_CHECK,609.63,609.63,0,NO_SIGNAL,PAPER EVALUATION: no trade signal,
40:15.1,AMZN,SIGNAL_CHECK,272.68,272.68,0,NO_SIGNAL,PAPER EVALUATION: no trade signal,
40:15.5,GOOGL,SIGNAL_CHECK,400.8,400.8,0,NO_SIGNAL,PAPER EVALUATION: no trade signal,
40:15.8,BTC,SIGNAL_CHECK,80852.76,80852.77,0,POP_FADE,PAPER IDEA: watch for pop-and-fade setup,
40:16.1,ETH,SIGNAL_CHECK,2330.64,2330.64,0,NO_SIGNAL,PAPER EVALUATION: no trade signal,
40:47.2,AAPL,SIGNAL_CHECK,293.32,293.32,0,NO_SIGNAL,PAPER EVALUATION: no trade signal,
40:47.5,MSFT,SIGNAL_CHECK,415.12,415.12,0,NO_SIGNAL,PAPER EVALUATION: no trade signal,
40:47.8,TSLA,SIGNAL_CHECK,428.35,428.35,0,NO_SIGNAL,PAPER EVALUATION: no trade signal,
40:48.0,NVDA,SIGNAL_CHECK,215.2,215.2,0,NO_SIGNAL,PAPER EVALUATION: no trade signal,
40:48.3,META,SIGNAL_CHECK,609.63,609.63,0,NO_SIGNAL,PAPER EVALUATION: no trade signal,
40:48.7,AMZN,SIGNAL_CHECK,272.68,272.68,0,NO_SIGNAL,PAPER EVALUATION: no trade signal,
40:49.0,GOOGL,SIGNAL_CHECK,400.8,400.8,0,NO_SIGNAL,PAPER EVALUATION: no trade signal,
40:49.3,BTC,SIGNAL_CHECK,80852.76,80852.76,0,NO_SIGNAL,PAPER EVALUATION: no trade signal,
40:49.6,ETH,SIGNAL_CHECK,2330.64,2330.65,0,POP_FADE,PAPER IDEA: watch for pop-and-fade setup,
41:21.0,AAPL,SIGNAL_CHECK,293.32,293.32,0,NO_SIGNAL,PAPER EVALUATION: no trade signal,
41:21.2,MSFT,SIGNAL_CHECK,415.12,415.12,0,NO_SIGNAL,PAPER EVALUATION: no trade signal,
41:21.5,TSLA,SIGNAL_CHECK,428.35,428.35,0,NO_SIGNAL,PAPER EVALUATION: no trade signal,
41:21.8,NVDA,SIGNAL_CHECK,215.2,215.2,0,NO_SIGNAL,PAPER EVALUATION: no trade signal,
41:22.1,META,SIGNAL_CHECK,609.63,609.63,0,NO_SIGNAL,PAPER EVALUATION: no trade signal,
41:22.4,AMZN,SIGNAL_CHECK,272.68,272.68,0,NO_SIGNAL,PAPER EVALUATION: no trade signal,
41:22.7,GOOGL,SIGNAL_CHECK,400.8,400.8,0,NO_SIGNAL,PAPER EVALUATION: no trade signal,
41:23.0,BTC,SIGNAL_CHECK,80852.76,80852.76,0,NO_SIGNAL,PAPER EVALUATION: no trade signal,
41:23.3,ETH,SIGNAL_CHECK,2330.64,2330.64,0,NO_SIGNAL,PAPER EVALUATION: no trade signal,
41:54.4,AAPL,SIGNAL_CHECK,293.32,293.32,0,NO_SIGNAL,PAPER EVALUATION: no trade signal,
41:54.7,MSFT,SIGNAL_CHECK,415.12,415.12,0,NO_SIGNAL,PAPER EVALUATION: no trade signal,
41:55.0,TSLA,SIGNAL_CHECK,428.35,428.35,0,NO_SIGNAL,PAPER EVALUATION: no trade signal,
41:55.3,NVDA,SIGNAL_CHECK,215.2,215.2,0,NO_SIGNAL,PAPER EVALUATION: no trade signal,
41:55.7,META,SIGNAL_CHECK,609.63,609.63,0,NO_SIGNAL,PAPER EVALUATION: no trade signal,
41:56.0,AMZN,SIGNAL_CHECK,272.68,272.68,0,NO_SIGNAL,PAPER EVALUATION: no trade signal,
41:56.3,GOOGL,SIGNAL_CHECK,400.8,400.8,0,NO_SIGNAL,PAPER EVALUATION: no trade signal,
41:56.6,BTC,SIGNAL_CHECK,80852.76,80852.77,0,POP_FADE,PAPER IDEA: watch for pop-and-fade setup,
41:56.8,ETH,SIGNAL_CHECK,2330.64,2330.65,0,POP_FADE,PAPER IDEA: watch for pop-and-fade setup,
42:28.0,AAPL,SIGNAL_CHECK,293.32,293.32,0,NO_SIGNAL,PAPER EVALUATION: no trade signal,
42:28.4,MSFT,SIGNAL_CHECK,415.12,415.12,0,NO_SIGNAL,PAPER EVALUATION: no trade signal,
42:28.7,TSLA,SIGNAL_CHECK,428.35,428.35,0,NO_SIGNAL,PAPER EVALUATION: no trade signal,
42:28.9,NVDA,SIGNAL_CHECK,215.2,215.2,0,NO_SIGNAL,PAPER EVALUATION: no trade signal,
42:29.2,META,SIGNAL_CHECK,609.63,609.63,0,NO_SIGNAL,PAPER EVALUATION: no trade signal,
42:29.5,AMZN,SIGNAL_CHECK,272.68,272.68,0,NO_SIGNAL,PAPER EVALUATION: no trade signal,
42:29.8,GOOGL,SIGNAL_CHECK,400.8,400.8,0,NO_SIGNAL,PAPER EVALUATION: no trade signal,
42:30.1,BTC,SIGNAL_CHECK,80852.76,80846.01,-0.01,NO_SIGNAL,PAPER EVALUATION: no trade signal,
42:30.4,ETH,SIGNAL_CHECK,2330.64,2330.65,0,POP_FADE,PAPER IDEA: watch for pop-and-fade setup,
43:20.7,AAPL,SIGNAL_CHECK,293.32,293.32,0,NO_SIGNAL,PAPER EVALUATION: no trade signal,
43:20.9,MSFT,SIGNAL_CHECK,415.12,415.12,0,NO_SIGNAL,PAPER EVALUATION: no trade signal,
43:21.3,TSLA,SIGNAL_CHECK,428.35,428.35,0,NO_SIGNAL,PAPER EVALUATION: no trade signal,
43:21.6,NVDA,SIGNAL_CHECK,215.2,215.2,0,NO_SIGNAL,PAPER EVALUATION: no trade signal,
43:21.9,META,SIGNAL_CHECK,609.63,609.63,0,NO_SIGNAL,PAPER EVALUATION: no trade signal,
43:22.2,AMZN,SIGNAL_CHECK,272.68,272.68,0,NO_SIGNAL,PAPER EVALUATION: no trade signal,
43:22.5,GOOGL,SIGNAL_CHECK,400.8,400.8,0,NO_SIGNAL,PAPER EVALUATION: no trade signal,
43:22.8,BTC,SIGNAL_CHECK,80852.76,80894.4,0.05,POP_FADE,PAPER IDEA: watch for pop-and-fade setup,
43:23.1,ETH,SIGNAL_CHECK,2330.64,2331.51,0.04,POP_FADE,PAPER IDEA: watch for pop-and-fade setup,
44:14.1,AAPL,SIGNAL_CHECK,293.32,293.32,0,NO_SIGNAL,PAPER EVALUATION: no trade signal,
44:14.4,MSFT,SIGNAL_CHECK,415.12,415.12,0,NO_SIGNAL,PAPER EVALUATION: no trade signal,
44:14.7,TSLA,SIGNAL_CHECK,428.35,428.35,0,NO_SIGNAL,PAPER EVALUATION: no trade signal,
44:15.0,NVDA,SIGNAL_CHECK,215.2,215.2,0,NO_SIGNAL,PAPER EVALUATION: no trade signal,
44:15.3,META,SIGNAL_CHECK,609.63,609.63,0,NO_SIGNAL,PAPER EVALUATION: no trade signal,
44:15.6,AMZN,SIGNAL_CHECK,272.68,272.68,0,NO_SIGNAL,PAPER EVALUATION: no trade signal,
44:15.9,GOOGL,SIGNAL_CHECK,400.8,400.8,0,NO_SIGNAL,PAPER EVALUATION: no trade signal,
44:16.2,BTC,SIGNAL_CHECK,80852.76,80868.07,0.02,POP_FADE,PAPER IDEA: watch for pop-and-fade setup,
44:16.5,ETH,SIGNAL_CHECK,2330.64,2330.87,0.01,POP_FADE,PAPER IDEA: watch for pop-and-fade setup,
45:07.4,AAPL,SIGNAL_CHECK,293.32,293.32,0,NO_SIGNAL,PAPER EVALUATION: no trade signal,
45:07.7,MSFT,SIGNAL_CHECK,415.12,415.12,0,NO_SIGNAL,PAPER EVALUATION: no trade signal,
45:08.0,TSLA,SIGNAL_CHECK,428.35,428.35,0,NO_SIGNAL,PAPER EVALUATION: no trade signal,
45:08.3,NVDA,SIGNAL_CHECK,215.2,215.2,0,NO_SIGNAL,PAPER EVALUATION: no trade signal,
45:08.6,META,SIGNAL_CHECK,609.63,609.63,0,NO_SIGNAL,PAPER EVALUATION: no trade signal,
45:08.9,AMZN,SIGNAL_CHECK,272.68,272.68,0,NO_SIGNAL,PAPER EVALUATION: no trade signal,
45:09.2,GOOGL,SIGNAL_CHECK,400.8,400.8,0,NO_SIGNAL,PAPER EVALUATION: no trade signal,
45:09.6,BTC,SIGNAL_CHECK,80852.76,80856.19,0,POP_FADE,PAPER IDEA: watch for pop-and-fade setup,
45:09.9,ETH,SIGNAL_CHECK,2330.64,2330.62,0,NO_SIGNAL,PAPER EVALUATION: no trade signal,
46:00.8,AAPL,SIGNAL_CHECK,293.32,293.32,0,NO_SIGNAL,PAPER EVALUATION: no trade signal,
46:01.1,MSFT,SIGNAL_CHECK,415.12,415.12,0,NO_SIGNAL,PAPER EVALUATION: no trade signal,
46:01.4,TSLA,SIGNAL_CHECK,428.35,428.35,0,NO_SIGNAL,PAPER EVALUATION: no trade signal,
46:01.7,NVDA,SIGNAL_CHECK,215.2,215.2,0,NO_SIGNAL,PAPER EVALUATION: no trade signal,
46:02.0,META,SIGNAL_CHECK,609.63,609.63,0,NO_SIGNAL,PAPER EVALUATION: no trade signal,
46:02.3,AMZN,SIGNAL_CHECK,272.68,272.68,0,NO_SIGNAL,PAPER EVALUATION: no trade signal,
46:02.6,GOOGL,SIGNAL_CHECK,400.8,400.8,0,NO_SIGNAL,PAPER EVALUATION: no trade signal,
46:02.9,BTC,SIGNAL_CHECK,80852.76,80856.2,0,POP_FADE,PAPER IDEA: watch for pop-and-fade setup,
46:03.2,ETH,SIGNAL_CHECK,2330.64,2330.63,0,NO_SIGNAL,PAPER EVALUATION: no trade signal,
46:54.1,AAPL,SIGNAL_CHECK,293.32,293.32,0,NO_SIGNAL,PAPER EVALUATION: no trade signal,
46:54.4,MSFT,SIGNAL_CHECK,415.12,415.12,0,NO_SIGNAL,PAPER EVALUATION: no trade signal,
46:54.6,TSLA,SIGNAL_CHECK,428.35,428.35,0,NO_SIGNAL,PAPER EVALUATION: no trade signal,
46:54.9,NVDA,SIGNAL_CHECK,215.2,215.2,0,NO_SIGNAL,PAPER EVALUATION: no trade signal,
46:55.2,META,SIGNAL_CHECK,609.63,609.63,0,NO_SIGNAL,PAPER EVALUATION: no trade signal,
46:55.5,AMZN,SIGNAL_CHECK,272.68,272.68,0,NO_SIGNAL,PAPER EVALUATION: no trade signal,
46:55.8,GOOGL,SIGNAL_CHECK,400.8,400.8,0,NO_SIGNAL,PAPER EVALUATION: no trade signal,
46:56.2,BTC,SIGNAL_CHECK,80852.76,80867.7,0.02,POP_FADE,PAPER IDEA: watch for pop-and-fade setup,
46:56.6,ETH,SIGNAL_CHECK,2330.64,2331.18,0.02,POP_FADE,PAPER IDEA: watch for pop-and-fade setup,
47:28.4,AAPL,SIGNAL_CHECK,293.32,293.32,0,NO_SIGNAL,PAPER EVALUATION: no trade signal,
47:28.7,MSFT,SIGNAL_CHECK,415.12,415.12,0,NO_SIGNAL,PAPER EVALUATION: no trade signal,
47:29.0,TSLA,SIGNAL_CHECK,428.35,428.35,0,NO_SIGNAL,PAPER EVALUATION: no trade signal,
47:29.3,NVDA,SIGNAL_CHECK,215.2,215.2,0,NO_SIGNAL,PAPER EVALUATION: no trade signal,
47:29.6,META,SIGNAL_CHECK,609.63,609.63,0,NO_SIGNAL,PAPER EVALUATION: no trade signal,
47:29.9,AMZN,SIGNAL_CHECK,272.68,272.68,0,NO_SIGNAL,PAPER EVALUATION: no trade signal,
47:30.2,GOOGL,SIGNAL_CHECK,400.8,400.8,0,NO_SIGNAL,PAPER EVALUATION: no trade signal,
47:30.5,BTC,SIGNAL_CHECK,80852.76,80871.33,0.02,POP_FADE,PAPER IDEA: watch for pop-and-fade setup,
47:30.8,ETH,SIGNAL_CHECK,2330.64,2331.18,0.02,POP_FADE,PAPER IDEA: watch for pop-and-fade setup,
48:02.9,AAPL,SIGNAL_CHECK,293.32,293.32,0,NO_SIGNAL,PAPER EVALUATION: no trade signal,
48:03.2,MSFT,SIGNAL_CHECK,415.12,415.12,0,NO_SIGNAL,PAPER EVALUATION: no trade signal,
48:03.5,TSLA,SIGNAL_CHECK,428.35,428.35,0,NO_SIGNAL,PAPER EVALUATION: no trade signal,
48:03.8,NVDA,SIGNAL_CHECK,215.2,215.2,0,NO_SIGNAL,PAPER EVALUATION: no trade signal,
48:04.1,META,SIGNAL_CHECK,609.63,609.63,0,NO_SIGNAL,PAPER EVALUATION: no trade signal,
48:04.4,AMZN,SIGNAL_CHECK,272.68,272.68,0,NO_SIGNAL,PAPER EVALUATION: no trade signal,
48:04.7,GOOGL,SIGNAL_CHECK,400.8,400.8,0,NO_SIGNAL,PAPER EVALUATION: no trade signal,
48:05.0,BTC,SIGNAL_CHECK,80852.76,80856.2,0,POP_FADE,PAPER IDEA: watch for pop-and-fade setup,
48:05.3,ETH,SIGNAL_CHECK,2330.64,2330.82,0.01,POP_FADE,PAPER IDEA: watch for pop-and-fade setup,
48:36.8,AAPL,SIGNAL_CHECK,293.32,293.32,0,NO_SIGNAL,PAPER EVALUATION: no trade signal,
48:37.1,MSFT,SIGNAL_CHECK,415.12,415.12,0,NO_SIGNAL,PAPER EVALUATION: no trade signal,
48:37.4,TSLA,SIGNAL_CHECK,428.35,428.35,0,NO_SIGNAL,PAPER EVALUATION: no trade signal,
48:37.7,NVDA,SIGNAL_CHECK,215.2,215.2,0,NO_SIGNAL,PAPER EVALUATION: no trade signal,
48:38.0,META,SIGNAL_CHECK,609.63,609.63,0,NO_SIGNAL,PAPER EVALUATION: no trade signal,
48:38.2,AMZN,SIGNAL_CHECK,272.68,272.68,0,NO_SIGNAL,PAPER EVALUATION: no trade signal,
48:38.5,GOOGL,SIGNAL_CHECK,400.8,400.8,0,NO_SIGNAL,PAPER EVALUATION: no trade signal,
48:38.8,BTC,SIGNAL_CHECK,80852.76,80856.2,0,POP_FADE,PAPER IDEA: watch for pop-and-fade setup,
48:39.2,ETH,SIGNAL_CHECK,2330.64,2330.77,0.01,POP_FADE,PAPER IDEA: watch for pop-and-fade setup,
49:10.3,AAPL,SIGNAL_CHECK,293.32,293.32,0,NO_SIGNAL,PAPER EVALUATION: no trade signal,
49:10.6,MSFT,SIGNAL_CHECK,415.12,415.12,0,NO_SIGNAL,PAPER EVALUATION: no trade signal,
49:11.0,TSLA,SIGNAL_CHECK,428.35,428.35,0,NO_SIGNAL,PAPER EVALUATION: no trade signal,
49:11.3,NVDA,SIGNAL_CHECK,215.2,215.2,0,NO_SIGNAL,PAPER EVALUATION: no trade signal,
49:11.6,META,SIGNAL_CHECK,609.63,609.63,0,NO_SIGNAL,PAPER EVALUATION: no trade signal,
49:11.9,AMZN,SIGNAL_CHECK,272.68,272.68,0,NO_SIGNAL,PAPER EVALUATION: no trade signal,
49:12.2,GOOGL,SIGNAL_CHECK,400.8,400.8,0,NO_SIGNAL,PAPER EVALUATION: no trade signal,
49:12.5,BTC,SIGNAL_CHECK,80852.76,80856.19,0,POP_FADE,PAPER IDEA: watch for pop-and-fade setup,
49:12.8,ETH,SIGNAL_CHECK,2330.64,2330.77,0.01,POP_FADE,PAPER IDEA: watch for pop-and-fade setup,
49:44.3,AAPL,SIGNAL_CHECK,293.32,293.32,0,NO_SIGNAL,PAPER EVALUATION: no trade signal,
49:44.6,MSFT,SIGNAL_CHECK,415.12,415.12,0,NO_SIGNAL,PAPER EVALUATION: no trade signal,
49:44.9,TSLA,SIGNAL_CHECK,428.35,428.35,0,NO_SIGNAL,PAPER EVALUATION: no trade signal,
49:45.3,NVDA,SIGNAL_CHECK,215.2,215.2,0,NO_SIGNAL,PAPER EVALUATION: no trade signal,
49:45.6,META,SIGNAL_CHECK,609.63,609.63,0,NO_SIGNAL,PAPER EVALUATION: no trade signal,
49:46.0,AMZN,SIGNAL_CHECK,272.68,272.68,0,NO_SIGNAL,PAPER EVALUATION: no trade signal,
49:46.2,GOOGL,SIGNAL_CHECK,400.8,400.8,0,NO_SIGNAL,PAPER EVALUATION: no trade signal,
49:46.6,BTC,SIGNAL_CHECK,80852.76,80856.19,0,POP_FADE,PAPER IDEA: watch for pop-and-fade setup,
49:46.9,ETH,SIGNAL_CHECK,2330.64,2330.74,0,POP_FADE,PAPER IDEA: watch for pop-and-fade setup,
50:18.7,AAPL,SIGNAL_CHECK,293.32,293.32,0,NO_SIGNAL,PAPER EVALUATION: no trade signal,
50:19.0,MSFT,SIGNAL_CHECK,415.12,415.12,0,NO_SIGNAL,PAPER EVALUATION: no trade signal,
50:19.3,TSLA,SIGNAL_CHECK,428.35,428.35,0,NO_SIGNAL,PAPER EVALUATION: no trade signal,
50:19.6,NVDA,SIGNAL_CHECK,215.2,215.2,0,NO_SIGNAL,PAPER EVALUATION: no trade signal,
50:19.9,META,SIGNAL_CHECK,609.63,609.63,0,NO_SIGNAL,PAPER EVALUATION: no trade signal,
50:20.2,AMZN,SIGNAL_CHECK,272.68,272.68,0,NO_SIGNAL,PAPER EVALUATION: no trade signal,
50:20.5,GOOGL,SIGNAL_CHECK,400.8,400.8,0,NO_SIGNAL,PAPER EVALUATION: no trade signal,
50:20.8,BTC,SIGNAL_CHECK,80852.76,80856.19,0,POP_FADE,PAPER IDEA: watch for pop-and-fade setup,
50:21.2,ETH,SIGNAL_CHECK,2330.64,2330.62,0,NO_SIGNAL,PAPER EVALUATION: no trade signal,
50:53.0,AAPL,SIGNAL_CHECK,293.32,293.32,0,NO_SIGNAL,PAPER EVALUATION: no trade signal,
50:53.2,MSFT,SIGNAL_CHECK,415.12,415.12,0,NO_SIGNAL,PAPER EVALUATION: no trade signal,
50:53.5,TSLA,SIGNAL_CHECK,428.35,428.35,0,NO_SIGNAL,PAPER EVALUATION: no trade signal,
50:53.8,NVDA,SIGNAL_CHECK,215.2,215.2,0,NO_SIGNAL,PAPER EVALUATION: no trade signal,
50:54.1,META,SIGNAL_CHECK,609.63,609.63,0,NO_SIGNAL,PAPER EVALUATION: no trade signal,
50:54.4,AMZN,SIGNAL_CHECK,272.68,272.68,0,NO_SIGNAL,PAPER EVALUATION: no trade signal,
50:54.7,GOOGL,SIGNAL_CHECK,400.8,400.8,0,NO_SIGNAL,PAPER EVALUATION: no trade signal,
50:55.0,BTC,SIGNAL_CHECK,80852.76,80848.28,-0.01,NO_SIGNAL,PAPER EVALUATION: no trade signal,
50:55.4,ETH,SIGNAL_CHECK,2330.64,2329.91,-0.03,NO_SIGNAL,PAPER EVALUATION: no trade signal,
51:26.8,AAPL,SIGNAL_CHECK,293.32,293.32,0,NO_SIGNAL,PAPER EVALUATION: no trade signal,
51:27.1,MSFT,SIGNAL_CHECK,415.12,415.12,0,NO_SIGNAL,PAPER EVALUATION: no trade signal,
51:27.4,TSLA,SIGNAL_CHECK,428.35,428.35,0,NO_SIGNAL,PAPER EVALUATION: no trade signal,
51:27.7,NVDA,SIGNAL_CHECK,215.2,215.2,0,NO_SIGNAL,PAPER EVALUATION: no trade signal,
51:28.0,META,SIGNAL_CHECK,609.63,609.63,0,NO_SIGNAL,PAPER EVALUATION: no trade signal,
51:28.3,AMZN,SIGNAL_CHECK,272.68,272.68,0,NO_SIGNAL,PAPER EVALUATION: no trade signal,
51:28.6,GOOGL,SIGNAL_CHECK,400.8,400.8,0,NO_SIGNAL,PAPER EVALUATION: no trade signal,
51:28.9,BTC,SIGNAL_CHECK,80852.76,80827.48,-0.03,NO_SIGNAL,PAPER EVALUATION: no trade signal,
51:29.2,ETH,SIGNAL_CHECK,2330.64,2329.72,-0.04,NO_SIGNAL,PAPER EVALUATION: no trade signal,
52:19.5,AAPL,SIGNAL_CHECK,293.32,293.32,0,NO_SIGNAL,PAPER EVALUATION: no trade signal,
52:19.8,MSFT,SIGNAL_CHECK,415.12,415.12,0,NO_SIGNAL,PAPER EVALUATION: no trade signal,
52:20.1,TSLA,SIGNAL_CHECK,428.35,428.35,0,NO_SIGNAL,PAPER EVALUATION: no trade signal,
52:20.4,NVDA,SIGNAL_CHECK,215.2,215.2,0,NO_SIGNAL,PAPER EVALUATION: no trade signal,
52:20.7,META,SIGNAL_CHECK,609.63,609.63,0,NO_SIGNAL,PAPER EVALUATION: no trade signal,
52:21.0,AMZN,SIGNAL_CHECK,272.68,272.68,0,NO_SIGNAL,PAPER EVALUATION: no trade signal,
52:21.4,GOOGL,SIGNAL_CHECK,400.8,400.8,0,NO_SIGNAL,PAPER EVALUATION: no trade signal,
52:21.7,BTC,SIGNAL_CHECK,80852.76,80827.48,-0.03,NO_SIGNAL,PAPER EVALUATION: no trade signal,
52:22.0,ETH,SIGNAL_CHECK,2330.64,2329.84,-0.03,NO_SIGNAL,PAPER EVALUATION: no trade signal,
53:12.9,AAPL,SIGNAL_CHECK,293.32,293.32,0,NO_SIGNAL,PAPER EVALUATION: no trade signal,
53:13.1,MSFT,SIGNAL_CHECK,415.12,415.12,0,NO_SIGNAL,PAPER EVALUATION: no trade signal,
53:13.4,TSLA,SIGNAL_CHECK,428.35,428.35,0,NO_SIGNAL,PAPER EVALUATION: no trade signal,
53:13.7,NVDA,SIGNAL_CHECK,215.2,215.2,0,NO_SIGNAL,PAPER EVALUATION: no trade signal,
53:14.0,META,SIGNAL_CHECK,609.63,609.63,0,NO_SIGNAL,PAPER EVALUATION: no trade signal,
53:14.3,AMZN,SIGNAL_CHECK,272.68,272.68,0,NO_SIGNAL,PAPER EVALUATION: no trade signal,
53:14.6,GOOGL,SIGNAL_CHECK,400.8,400.8,0,NO_SIGNAL,PAPER EVALUATION: no trade signal,
53:14.9,BTC,SIGNAL_CHECK,80852.76,80824.54,-0.03,NO_SIGNAL,PAPER EVALUATION: no trade signal,
53:15.2,ETH,SIGNAL_CHECK,2330.64,2329.47,-0.05,NO_SIGNAL,PAPER EVALUATION: no trade signal,
54:06.2,AAPL,SIGNAL_CHECK,293.32,293.32,0,NO_SIGNAL,PAPER EVALUATION: no trade signal,
54:06.9,MSFT,SIGNAL_CHECK,415.12,415.12,0,NO_SIGNAL,PAPER EVALUATION: no trade signal,
54:07.3,TSLA,SIGNAL_CHECK,428.35,428.35,0,NO_SIGNAL,PAPER EVALUATION: no trade signal,
54:07.6,NVDA,SIGNAL_CHECK,215.2,215.2,0,NO_SIGNAL,PAPER EVALUATION: no trade signal,
54:07.9,META,SIGNAL_CHECK,609.63,609.63,0,NO_SIGNAL,PAPER EVALUATION: no trade signal,
54:08.2,AMZN,SIGNAL_CHECK,272.68,272.68,0,NO_SIGNAL,PAPER EVALUATION: no trade signal,
54:08.5,GOOGL,SIGNAL_CHECK,400.8,400.8,0,NO_SIGNAL,PAPER EVALUATION: no trade signal,
54:08.8,BTC,SIGNAL_CHECK,80852.76,80819.96,-0.04,NO_SIGNAL,PAPER EVALUATION: no trade signal,
54:09.1,ETH,SIGNAL_CHECK,2330.64,2329.11,-0.07,NO_SIGNAL,PAPER EVALUATION: no trade signal,
55:00.2,AAPL,SIGNAL_CHECK,293.32,293.32,0,NO_SIGNAL,PAPER EVALUATION: no trade signal,
55:00.5,MSFT,SIGNAL_CHECK,415.12,415.12,0,NO_SIGNAL,PAPER EVALUATION: no trade signal,
55:00.8,TSLA,SIGNAL_CHECK,428.35,428.35,0,NO_SIGNAL,PAPER EVALUATION: no trade signal,
55:01.0,NVDA,SIGNAL_CHECK,215.2,215.2,0,NO_SIGNAL,PAPER EVALUATION: no trade signal,
55:01.3,META,SIGNAL_CHECK,609.63,609.63,0,NO_SIGNAL,PAPER EVALUATION: no trade signal,
55:01.6,AMZN,SIGNAL_CHECK,272.68,272.68,0,NO_SIGNAL,PAPER EVALUATION: no trade signal,
55:01.9,GOOGL,SIGNAL_CHECK,400.8,400.8,0,NO_SIGNAL,PAPER EVALUATION: no trade signal,
55:02.3,BTC,SIGNAL_CHECK,80852.76,80815.36,-0.05,NO_SIGNAL,PAPER EVALUATION: no trade signal,
55:02.6,ETH,SIGNAL_CHECK,2330.64,2328.86,-0.08,NO_SIGNAL,PAPER EVALUATION: no trade signal,
55:54.0,AAPL,SIGNAL_CHECK,293.32,293.32,0,NO_SIGNAL,PAPER EVALUATION: no trade signal,
55:54.4,MSFT,SIGNAL_CHECK,415.12,415.12,0,NO_SIGNAL,PAPER EVALUATION: no trade signal,
55:55.1,TSLA,SIGNAL_CHECK,428.35,428.35,0,NO_SIGNAL,PAPER EVALUATION: no trade signal,
55:55.4,NVDA,SIGNAL_CHECK,215.2,215.2,0,NO_SIGNAL,PAPER EVALUATION: no trade signal,
55:55.7,META,SIGNAL_CHECK,609.63,609.63,0,NO_SIGNAL,PAPER EVALUATION: no trade signal,
55:56.6,AMZN,SIGNAL_CHECK,272.68,272.68,0,NO_SIGNAL,PAPER EVALUATION: no trade signal,
55:56.9,GOOGL,SIGNAL_CHECK,400.8,400.8,0,NO_SIGNAL,PAPER EVALUATION: no trade signal,
55:57.3,BTC,SIGNAL_CHECK,80852.76,80796.77,-0.07,NO_SIGNAL,PAPER EVALUATION: no trade signal,
55:57.6,ETH,SIGNAL_CHECK,2330.64,2329.31,-0.06,NO_SIGNAL,PAPER EVALUATION: no trade signal,
56:29.7,Bitcoin ($0.1),DEMO_AUTO_CLOSE_STOP_LOSS_SENT,,,,,Close demo position,P/L=-615.0. Demo close request sent.
56:30.3,AAPL,SIGNAL_CHECK,293.32,293.32,0,NO_SIGNAL,PAPER EVALUATION: no trade signal,
56:30.6,MSFT,SIGNAL_CHECK,415.12,415.12,0,NO_SIGNAL,PAPER EVALUATION: no trade signal,
56:30.9,TSLA,SIGNAL_CHECK,428.35,428.35,0,NO_SIGNAL,PAPER EVALUATION: no trade signal,
56:31.1,NVDA,SIGNAL_CHECK,215.2,215.2,0,NO_SIGNAL,PAPER EVALUATION: no trade signal,
56:31.4,META,SIGNAL_CHECK,609.63,609.63,0,NO_SIGNAL,PAPER EVALUATION: no trade signal,
56:31.7,AMZN,SIGNAL_CHECK,272.68,272.68,0,NO_SIGNAL,PAPER EVALUATION: no trade signal,
56:32.0,GOOGL,SIGNAL_CHECK,400.8,400.8,0,NO_SIGNAL,PAPER EVALUATION: no trade signal,
56:32.3,BTC,SIGNAL_CHECK,80852.76,80780,-0.09,NO_SIGNAL,PAPER EVALUATION: no trade signal,
56:32.6,ETH,SIGNAL_CHECK,2330.64,2328.68,-0.08,NO_SIGNAL,PAPER EVALUATION: no trade signal,
57:03.5,AAPL,SIGNAL_CHECK,293.32,293.32,0,NO_SIGNAL,PAPER EVALUATION: no trade signal,
57:03.7,MSFT,SIGNAL_CHECK,415.12,415.12,0,NO_SIGNAL,PAPER EVALUATION: no trade signal,
57:04.0,TSLA,SIGNAL_CHECK,428.35,428.35,0,NO_SIGNAL,PAPER EVALUATION: no trade signal,
57:04.3,NVDA,SIGNAL_CHECK,215.2,215.2,0,NO_SIGNAL,PAPER EVALUATION: no trade signal,
57:04.6,META,SIGNAL_CHECK,609.63,609.63,0,NO_SIGNAL,PAPER EVALUATION: no trade signal,
57:04.9,AMZN,SIGNAL_CHECK,272.68,272.68,0,NO_SIGNAL,PAPER EVALUATION: no trade signal,
57:05.2,GOOGL,SIGNAL_CHECK,400.8,400.8,0,NO_SIGNAL,PAPER EVALUATION: no trade signal,
57:05.5,BTC,SIGNAL_CHECK,80852.76,80780.01,-0.09,NO_SIGNAL,PAPER EVALUATION: no trade signal,
57:05.8,ETH,SIGNAL_CHECK,2330.64,2328.68,-0.08,NO_SIGNAL,PAPER EVALUATION: no trade signal,
57:36.6,AAPL,SIGNAL_CHECK,293.32,293.32,0,NO_SIGNAL,PAPER EVALUATION: no trade signal,
57:36.9,MSFT,SIGNAL_CHECK,415.12,415.12,0,NO_SIGNAL,PAPER EVALUATION: no trade signal,
57:37.3,TSLA,SIGNAL_CHECK,428.35,428.35,0,NO_SIGNAL,PAPER EVALUATION: no trade signal,
57:37.6,NVDA,SIGNAL_CHECK,215.2,215.2,0,NO_SIGNAL,PAPER EVALUATION: no trade signal,
57:37.9,META,SIGNAL_CHECK,609.63,609.63,0,NO_SIGNAL,PAPER EVALUATION: no trade signal,
57:38.2,AMZN,SIGNAL_CHECK,272.68,272.68,0,NO_SIGNAL,PAPER EVALUATION: no trade signal,
57:38.5,GOOGL,SIGNAL_CHECK,400.8,400.8,0,NO_SIGNAL,PAPER EVALUATION: no trade signal,
57:38.8,BTC,SIGNAL_CHECK,80852.76,80787.38,-0.08,NO_SIGNAL,PAPER EVALUATION: no trade signal,
57:39.1,ETH,SIGNAL_CHECK,2330.64,2329.32,-0.06,NO_SIGNAL,PAPER EVALUATION: no trade signal,
58:10.1,AAPL,SIGNAL_CHECK,293.32,293.32,0,NO_SIGNAL,PAPER EVALUATION: no trade signal,
58:10.4,MSFT,SIGNAL_CHECK,415.12,415.12,0,NO_SIGNAL,PAPER EVALUATION: no trade signal,
58:10.7,TSLA,SIGNAL_CHECK,428.35,428.35,0,NO_SIGNAL,PAPER EVALUATION: no trade signal,
58:11.0,NVDA,SIGNAL_CHECK,215.2,215.2,0,NO_SIGNAL,PAPER EVALUATION: no trade signal,
58:11.3,META,SIGNAL_CHECK,609.63,609.63,0,NO_SIGNAL,PAPER EVALUATION: no trade signal,
58:11.6,AMZN,SIGNAL_CHECK,272.68,272.68,0,NO_SIGNAL,PAPER EVALUATION: no trade signal,
58:11.9,GOOGL,SIGNAL_CHECK,400.8,400.8,0,NO_SIGNAL,PAPER EVALUATION: no trade signal,
58:12.2,BTC,SIGNAL_CHECK,80852.76,80797.87,-0.07,NO_SIGNAL,PAPER EVALUATION: no trade signal,
58:12.5,ETH,SIGNAL_CHECK,2330.64,2329.66,-0.04,NO_SIGNAL,PAPER EVALUATION: no trade signal,
58:43.6,AAPL,SIGNAL_CHECK,293.32,293.32,0,NO_SIGNAL,PAPER EVALUATION: no trade signal,
58:44.1,MSFT,SIGNAL_CHECK,415.12,415.12,0,NO_SIGNAL,PAPER EVALUATION: no trade signal,
58:44.3,TSLA,SIGNAL_CHECK,428.35,428.35,0,NO_SIGNAL,PAPER EVALUATION: no trade signal,
58:44.6,NVDA,SIGNAL_CHECK,215.2,215.2,0,NO_SIGNAL,PAPER EVALUATION: no trade signal,
58:44.9,META,SIGNAL_CHECK,609.63,609.63,0,NO_SIGNAL,PAPER EVALUATION: no trade signal,
58:45.2,AMZN,SIGNAL_CHECK,272.68,272.68,0,NO_SIGNAL,PAPER EVALUATION: no trade signal,
58:45.5,GOOGL,SIGNAL_CHECK,400.8,400.8,0,NO_SIGNAL,PAPER EVALUATION: no trade signal,
58:45.8,BTC,SIGNAL_CHECK,80852.76,80799.2,-0.07,NO_SIGNAL,PAPER EVALUATION: no trade signal,
58:46.1,ETH,SIGNAL_CHECK,2330.64,2330.14,-0.02,NO_SIGNAL,PAPER EVALUATION: no trade signal,
59:24.1,AAPL,BASE_PRICE_SAVED,293.32,,,,,Base price saved for strategy comparison.
59:24.4,MSFT,BASE_PRICE_SAVED,415.12,,,,,Base price saved for strategy comparison.
59:24.6,TSLA,BASE_PRICE_SAVED,428.35,,,,,Base price saved for strategy comparison.
59:24.9,NVDA,BASE_PRICE_SAVED,215.2,,,,,Base price saved for strategy comparison.
59:25.2,META,BASE_PRICE_SAVED,609.63,,,,,Base price saved for strategy comparison.
59:25.5,AMZN,BASE_PRICE_SAVED,272.68,,,,,Base price saved for strategy comparison.
59:25.8,GOOGL,BASE_PRICE_SAVED,400.8,,,,,Base price saved for strategy comparison.
59:26.1,BTC,BASE_PRICE_SAVED,80803.47,,,,,Base price saved for strategy comparison.
59:26.4,ETH,BASE_PRICE_SAVED,2330.48,,,,,Base price saved for strategy comparison.
59:57.4,AAPL,SIGNAL_CHECK,293.32,293.32,0,NO_SIGNAL,PAPER EVALUATION: no trade signal,
59:57.7,MSFT,SIGNAL_CHECK,415.12,415.12,0,NO_SIGNAL,PAPER EVALUATION: no trade signal,
59:58.0,TSLA,SIGNAL_CHECK,428.35,428.35,0,NO_SIGNAL,PAPER EVALUATION: no trade signal,
59:58.3,NVDA,SIGNAL_CHECK,215.2,215.2,0,NO_SIGNAL,PAPER EVALUATION: no trade signal,
59:58.6,META,SIGNAL_CHECK,609.63,609.63,0,NO_SIGNAL,PAPER EVALUATION: no trade signal,
59:58.9,AMZN,SIGNAL_CHECK,272.68,272.68,0,NO_SIGNAL,PAPER EVALUATION: no trade signal,
59:59.3,GOOGL,SIGNAL_CHECK,400.8,400.8,0,NO_SIGNAL,PAPER EVALUATION: no trade signal,
59:59.6,BTC,SIGNAL_CHECK,80803.47,80809.54,0.01,POP_FADE,PAPER IDEA: watch for pop-and-fade setup,
59:59.9,ETH,SIGNAL_CHECK,2330.48,2330.48,0,NO_SIGNAL,PAPER EVALUATION: no trade signal,
00:01.1,BTC,AUTO_SIGNAL_DEMO_ORDER_SIGNAL_SENT,80803.47,80809.54,0.01,POP_FADE,SELL demo order from signal,Demo order request sent.
00:32.0,AAPL,SIGNAL_CHECK,293.32,293.32,0,NO_SIGNAL,PAPER EVALUATION: no trade signal,
00:32.3,MSFT,SIGNAL_CHECK,415.12,415.12,0,NO_SIGNAL,PAPER EVALUATION: no trade signal,
00:32.6,TSLA,SIGNAL_CHECK,428.35,428.35,0,NO_SIGNAL,PAPER EVALUATION: no trade signal,
00:32.9,NVDA,SIGNAL_CHECK,215.2,215.2,0,NO_SIGNAL,PAPER EVALUATION: no trade signal,
00:33.2,META,SIGNAL_CHECK,609.63,609.63,0,NO_SIGNAL,PAPER EVALUATION: no trade signal,
00:33.5,AMZN,SIGNAL_CHECK,272.68,272.68,0,NO_SIGNAL,PAPER EVALUATION: no trade signal,
00:33.8,GOOGL,SIGNAL_CHECK,400.8,400.8,0,NO_SIGNAL,PAPER EVALUATION: no trade signal,
00:34.0,BTC,SIGNAL_CHECK,80803.47,80809.54,0.01,POP_FADE,PAPER IDEA: watch for pop-and-fade setup,
00:34.4,ETH,SIGNAL_CHECK,2330.48,2330.49,0,POP_FADE,PAPER IDEA: watch for pop-and-fade setup,
00:35.6,ETH,AUTO_SIGNAL_DEMO_ORDER_SIGNAL_SENT,2330.48,2330.49,0,POP_FADE,SELL demo order from signal,Demo order request sent.
01:26.0,AAPL,SIGNAL_CHECK,293.32,293.32,0,NO_SIGNAL,PAPER EVALUATION: no trade signal,
01:26.3,MSFT,SIGNAL_CHECK,415.12,415.12,0,NO_SIGNAL,PAPER EVALUATION: no trade signal,
01:26.6,TSLA,SIGNAL_CHECK,428.35,428.35,0,NO_SIGNAL,PAPER EVALUATION: no trade signal,
01:26.8,NVDA,SIGNAL_CHECK,215.2,215.2,0,NO_SIGNAL,PAPER EVALUATION: no trade signal,
01:27.1,META,SIGNAL_CHECK,609.63,609.63,0,NO_SIGNAL,PAPER EVALUATION: no trade signal,
01:27.5,AMZN,SIGNAL_CHECK,272.68,272.68,0,NO_SIGNAL,PAPER EVALUATION: no trade signal,
01:27.8,GOOGL,SIGNAL_CHECK,400.8,400.8,0,NO_SIGNAL,PAPER EVALUATION: no trade signal,
01:28.1,BTC,SIGNAL_CHECK,80803.47,80809.53,0.01,POP_FADE,PAPER IDEA: watch for pop-and-fade setup,
01:28.4,ETH,SIGNAL_CHECK,2330.48,2330.28,-0.01,NO_SIGNAL,PAPER EVALUATION: no trade signal,
02:19.3,AAPL,SIGNAL_CHECK,293.32,293.32,0,NO_SIGNAL,PAPER EVALUATION: no trade signal,
02:19.6,MSFT,SIGNAL_CHECK,415.12,415.12,0,NO_SIGNAL,PAPER EVALUATION: no trade signal,
02:19.9,TSLA,SIGNAL_CHECK,428.35,428.35,0,NO_SIGNAL,PAPER EVALUATION: no trade signal,
02:20.2,NVDA,SIGNAL_CHECK,215.2,215.2,0,NO_SIGNAL,PAPER EVALUATION: no trade signal,
02:20.6,META,SIGNAL_CHECK,609.63,609.63,0,NO_SIGNAL,PAPER EVALUATION: no trade signal,
02:21.0,AMZN,SIGNAL_CHECK,272.68,272.68,0,NO_SIGNAL,PAPER EVALUATION: no trade signal,
02:21.3,GOOGL,SIGNAL_CHECK,400.8,400.8,0,NO_SIGNAL,PAPER EVALUATION: no trade signal,
02:21.6,BTC,SIGNAL_CHECK,80803.47,80809.54,0.01,POP_FADE,PAPER IDEA: watch for pop-and-fade setup,
02:21.9,ETH,SIGNAL_CHECK,2330.48,2329.74,-0.03,NO_SIGNAL,PAPER EVALUATION: no trade signal,
03:14.6,AAPL,SIGNAL_CHECK,293.32,293.32,0,NO_SIGNAL,PAPER EVALUATION: no trade signal,
03:14.9,MSFT,SIGNAL_CHECK,415.12,415.12,0,NO_SIGNAL,PAPER EVALUATION: no trade signal,
03:15.2,TSLA,SIGNAL_CHECK,428.35,428.35,0,NO_SIGNAL,PAPER EVALUATION: no trade signal,
03:15.6,NVDA,SIGNAL_CHECK,215.2,215.2,0,NO_SIGNAL,PAPER EVALUATION: no trade signal,
03:15.9,META,SIGNAL_CHECK,609.63,609.63,0,NO_SIGNAL,PAPER EVALUATION: no trade signal,
03:16.3,AMZN,SIGNAL_CHECK,272.68,272.68,0,NO_SIGNAL,PAPER EVALUATION: no trade signal,
03:16.6,GOOGL,SIGNAL_CHECK,400.8,400.8,0,NO_SIGNAL,PAPER EVALUATION: no trade signal,
03:16.9,BTC,SIGNAL_CHECK,80803.47,80809.53,0.01,POP_FADE,PAPER IDEA: watch for pop-and-fade setup,
03:17.2,ETH,SIGNAL_CHECK,2330.48,2329.66,-0.04,NO_SIGNAL,PAPER EVALUATION: no trade signal,
04:08.2,AAPL,SIGNAL_CHECK,293.32,293.32,0,NO_SIGNAL,PAPER EVALUATION: no trade signal,
04:08.5,MSFT,SIGNAL_CHECK,415.12,415.12,0,NO_SIGNAL,PAPER EVALUATION: no trade signal,
04:08.8,TSLA,SIGNAL_CHECK,428.35,428.35,0,NO_SIGNAL,PAPER EVALUATION: no trade signal,
04:09.2,NVDA,SIGNAL_CHECK,215.2,215.2,0,NO_SIGNAL,PAPER EVALUATION: no trade signal,
04:09.5,META,SIGNAL_CHECK,609.63,609.63,0,NO_SIGNAL,PAPER EVALUATION: no trade signal,
04:09.8,AMZN,SIGNAL_CHECK,272.68,272.68,0,NO_SIGNAL,PAPER EVALUATION: no trade signal,
04:10.0,GOOGL,SIGNAL_CHECK,400.8,400.8,0,NO_SIGNAL,PAPER EVALUATION: no trade signal,
04:10.4,BTC,SIGNAL_CHECK,80803.47,80809.54,0.01,POP_FADE,PAPER IDEA: watch for pop-and-fade setup,
04:10.7,ETH,SIGNAL_CHECK,2330.48,2329.67,-0.03,NO_SIGNAL,PAPER EVALUATION: no trade signal,
05:01.6,AAPL,SIGNAL_CHECK,293.32,293.32,0,NO_SIGNAL,PAPER EVALUATION: no trade signal,
05:01.9,MSFT,SIGNAL_CHECK,415.12,415.12,0,NO_SIGNAL,PAPER EVALUATION: no trade signal,
05:02.2,TSLA,SIGNAL_CHECK,428.35,428.35,0,NO_SIGNAL,PAPER EVALUATION: no trade signal,
05:02.5,NVDA,SIGNAL_CHECK,215.2,215.2,0,NO_SIGNAL,PAPER EVALUATION: no trade signal,
05:02.8,META,SIGNAL_CHECK,609.63,609.63,0,NO_SIGNAL,PAPER EVALUATION: no trade signal,
05:03.1,AMZN,SIGNAL_CHECK,272.68,272.68,0,NO_SIGNAL,PAPER EVALUATION: no trade signal,
05:03.4,GOOGL,SIGNAL_CHECK,400.8,400.8,0,NO_SIGNAL,PAPER EVALUATION: no trade signal,
05:03.7,BTC,SIGNAL_CHECK,80803.47,80805.51,0,POP_FADE,PAPER IDEA: watch for pop-and-fade setup,
05:04.0,ETH,SIGNAL_CHECK,2330.48,2329.66,-0.04,NO_SIGNAL,PAPER EVALUATION: no trade signal,
05:35.4,AAPL,SIGNAL_CHECK,293.32,293.32,0,NO_SIGNAL,PAPER EVALUATION: no trade signal,
05:35.7,MSFT,SIGNAL_CHECK,415.12,415.12,0,NO_SIGNAL,PAPER EVALUATION: no trade signal,
05:36.0,TSLA,SIGNAL_CHECK,428.35,428.35,0,NO_SIGNAL,PAPER EVALUATION: no trade signal,
05:36.3,NVDA,SIGNAL_CHECK,215.2,215.2,0,NO_SIGNAL,PAPER EVALUATION: no trade signal,
05:36.6,META,SIGNAL_CHECK,609.63,609.63,0,NO_SIGNAL,PAPER EVALUATION: no trade signal,
05:36.9,AMZN,SIGNAL_CHECK,272.68,272.68,0,NO_SIGNAL,PAPER EVALUATION: no trade signal,
05:37.2,GOOGL,SIGNAL_CHECK,400.8,400.8,0,NO_SIGNAL,PAPER EVALUATION: no trade signal,
05:37.5,BTC,SIGNAL_CHECK,80803.47,80793,-0.01,NO_SIGNAL,PAPER EVALUATION: no trade signal,
05:37.8,ETH,SIGNAL_CHECK,2330.48,2329.66,-0.04,NO_SIGNAL,PAPER EVALUATION: no trade signal,
06:08.7,AAPL,SIGNAL_CHECK,293.32,293.32,0,NO_SIGNAL,PAPER EVALUATION: no trade signal,
06:09.0,MSFT,SIGNAL_CHECK,415.12,415.12,0,NO_SIGNAL,PAPER EVALUATION: no trade signal,
06:09.3,TSLA,SIGNAL_CHECK,428.35,428.35,0,NO_SIGNAL,PAPER EVALUATION: no trade signal,
06:09.6,NVDA,SIGNAL_CHECK,215.2,215.2,0,NO_SIGNAL,PAPER EVALUATION: no trade signal,
06:09.9,META,SIGNAL_CHECK,609.63,609.63,0,NO_SIGNAL,PAPER EVALUATION: no trade signal,
06:10.2,AMZN,SIGNAL_CHECK,272.68,272.68,0,NO_SIGNAL,PAPER EVALUATION: no trade signal,
06:10.5,GOOGL,SIGNAL_CHECK,400.8,400.8,0,NO_SIGNAL,PAPER EVALUATION: no trade signal,
06:10.9,BTC,SIGNAL_CHECK,80803.47,80793.01,-0.01,NO_SIGNAL,PAPER EVALUATION: no trade signal,
06:11.2,ETH,SIGNAL_CHECK,2330.48,2329.67,-0.03,NO_SIGNAL,PAPER EVALUATION: no trade signal,
06:42.2,AAPL,SIGNAL_CHECK,293.32,293.32,0,NO_SIGNAL,PAPER EVALUATION: no trade signal,
06:42.5,MSFT,SIGNAL_CHECK,415.12,415.12,0,NO_SIGNAL,PAPER EVALUATION: no trade signal,
06:42.7,TSLA,SIGNAL_CHECK,428.35,428.35,0,NO_SIGNAL,PAPER EVALUATION: no trade signal,
06:43.1,NVDA,SIGNAL_CHECK,215.2,215.2,0,NO_SIGNAL,PAPER EVALUATION: no trade signal,
06:43.3,META,SIGNAL_CHECK,609.63,609.63,0,NO_SIGNAL,PAPER EVALUATION: no trade signal,
06:43.7,AMZN,SIGNAL_CHECK,272.68,272.68,0,NO_SIGNAL,PAPER EVALUATION: no trade signal,
06:44.0,GOOGL,SIGNAL_CHECK,400.8,400.8,0,NO_SIGNAL,PAPER EVALUATION: no trade signal,
06:44.3,BTC,SIGNAL_CHECK,80803.47,80793.01,-0.01,NO_SIGNAL,PAPER EVALUATION: no trade signal,
06:44.5,ETH,SIGNAL_CHECK,2330.48,2329.67,-0.03,NO_SIGNAL,PAPER EVALUATION: no trade signal,
07:15.8,AAPL,SIGNAL_CHECK,293.32,293.32,0,NO_SIGNAL,PAPER EVALUATION: no trade signal,
07:16.1,MSFT,SIGNAL_CHECK,415.12,415.12,0,NO_SIGNAL,PAPER EVALUATION: no trade signal,
07:16.7,TSLA,SIGNAL_CHECK,428.35,428.35,0,NO_SIGNAL,PAPER EVALUATION: no trade signal,
07:17.0,NVDA,SIGNAL_CHECK,215.2,215.2,0,NO_SIGNAL,PAPER EVALUATION: no trade signal,
07:17.3,META,SIGNAL_CHECK,609.63,609.63,0,NO_SIGNAL,PAPER EVALUATION: no trade signal,
07:17.6,AMZN,SIGNAL_CHECK,272.68,272.68,0,NO_SIGNAL,PAPER EVALUATION: no trade signal,
07:17.9,GOOGL,SIGNAL_CHECK,400.8,400.8,0,NO_SIGNAL,PAPER EVALUATION: no trade signal,
07:18.2,BTC,SIGNAL_CHECK,80803.47,80793.01,-0.01,NO_SIGNAL,PAPER EVALUATION: no trade signal,
07:18.5,ETH,SIGNAL_CHECK,2330.48,2329.67,-0.03,NO_SIGNAL,PAPER EVALUATION: no trade signal,
07:49.6,AAPL,SIGNAL_CHECK,293.32,293.32,0,NO_SIGNAL,PAPER EVALUATION: no trade signal,
07:50.4,MSFT,SIGNAL_CHECK,415.12,415.12,0,NO_SIGNAL,PAPER EVALUATION: no trade signal,
07:50.7,TSLA,SIGNAL_CHECK,428.35,428.35,0,NO_SIGNAL,PAPER EVALUATION: no trade signal,
07:51.0,NVDA,SIGNAL_CHECK,215.2,215.2,0,NO_SIGNAL,PAPER EVALUATION: no trade signal,
07:51.3,META,SIGNAL_CHECK,609.63,609.63,0,NO_SIGNAL,PAPER EVALUATION: no trade signal,
07:51.7,AMZN,SIGNAL_CHECK,272.68,272.68,0,NO_SIGNAL,PAPER EVALUATION: no trade signal,
07:52.0,GOOGL,SIGNAL_CHECK,400.8,400.8,0,NO_SIGNAL,PAPER EVALUATION: no trade signal,
07:52.3,BTC,SIGNAL_CHECK,80803.47,80793.01,-0.01,NO_SIGNAL,PAPER EVALUATION: no trade signal,
07:52.6,ETH,SIGNAL_CHECK,2330.48,2329.67,-0.03,NO_SIGNAL,PAPER EVALUATION: no trade signal,
08:24.1,AAPL,SIGNAL_CHECK,293.32,293.32,0,NO_SIGNAL,PAPER EVALUATION: no trade signal,
08:24.4,MSFT,SIGNAL_CHECK,415.12,415.12,0,NO_SIGNAL,PAPER EVALUATION: no trade signal,
08:24.7,TSLA,SIGNAL_CHECK,428.35,428.35,0,NO_SIGNAL,PAPER EVALUATION: no trade signal,
08:25.0,NVDA,SIGNAL_CHECK,215.2,215.2,0,NO_SIGNAL,PAPER EVALUATION: no trade signal,
08:25.3,META,SIGNAL_CHECK,609.63,609.63,0,NO_SIGNAL,PAPER EVALUATION: no trade signal,
08:25.6,AMZN,SIGNAL_CHECK,272.68,272.68,0,NO_SIGNAL,PAPER EVALUATION: no trade signal,
08:26.0,GOOGL,SIGNAL_CHECK,400.8,400.8,0,NO_SIGNAL,PAPER EVALUATION: no trade signal,
08:26.3,BTC,SIGNAL_CHECK,80803.47,80765.73,-0.05,NO_SIGNAL,PAPER EVALUATION: no trade signal,
08:26.6,ETH,SIGNAL_CHECK,2330.48,2329.47,-0.04,NO_SIGNAL,PAPER EVALUATION: no trade signal,
08:58.2,AAPL,SIGNAL_CHECK,293.32,293.32,0,NO_SIGNAL,PAPER EVALUATION: no trade signal,
08:58.5,MSFT,SIGNAL_CHECK,415.12,415.12,0,NO_SIGNAL,PAPER EVALUATION: no trade signal,
08:58.8,TSLA,SIGNAL_CHECK,428.35,428.35,0,NO_SIGNAL,PAPER EVALUATION: no trade signal,
08:59.1,NVDA,SIGNAL_CHECK,215.2,215.2,0,NO_SIGNAL,PAPER EVALUATION: no trade signal,
08:59.4,META,SIGNAL_CHECK,609.63,609.63,0,NO_SIGNAL,PAPER EVALUATION: no trade signal,
08:59.7,AMZN,SIGNAL_CHECK,272.68,272.68,0,NO_SIGNAL,PAPER EVALUATION: no trade signal,
09:00.0,GOOGL,SIGNAL_CHECK,400.8,400.8,0,NO_SIGNAL,PAPER EVALUATION: no trade signal,
09:00.3,BTC,SIGNAL_CHECK,80803.47,80765.73,-0.05,NO_SIGNAL,PAPER EVALUATION: no trade signal,
09:00.6,ETH,SIGNAL_CHECK,2330.48,2329.39,-0.05,NO_SIGNAL,PAPER EVALUATION: no trade signal,
09:31.9,AAPL,SIGNAL_CHECK,293.32,293.32,0,NO_SIGNAL,PAPER EVALUATION: no trade signal,
09:32.2,MSFT,SIGNAL_CHECK,415.12,415.12,0,NO_SIGNAL,PAPER EVALUATION: no trade signal,
09:32.4,TSLA,SIGNAL_CHECK,428.35,428.35,0,NO_SIGNAL,PAPER EVALUATION: no trade signal,
09:32.7,NVDA,SIGNAL_CHECK,215.2,215.2,0,NO_SIGNAL,PAPER EVALUATION: no trade signal,
09:33.0,META,SIGNAL_CHECK,609.63,609.63,0,NO_SIGNAL,PAPER EVALUATION: no trade signal,
09:33.3,AMZN,SIGNAL_CHECK,272.68,272.68,0,NO_SIGNAL,PAPER EVALUATION: no trade signal,
09:33.7,GOOGL,SIGNAL_CHECK,400.8,400.8,0,NO_SIGNAL,PAPER EVALUATION: no trade signal,
09:34.0,BTC,SIGNAL_CHECK,80803.47,80765.72,-0.05,NO_SIGNAL,PAPER EVALUATION: no trade signal,
09:34.3,ETH,SIGNAL_CHECK,2330.48,2329.32,-0.05,NO_SIGNAL,PAPER EVALUATION: no trade signal,
10:24.6,AAPL,SIGNAL_CHECK,293.32,293.32,0,NO_SIGNAL,PAPER EVALUATION: no trade signal,
10:24.9,MSFT,SIGNAL_CHECK,415.12,415.12,0,NO_SIGNAL,PAPER EVALUATION: no trade signal,
10:25.2,TSLA,SIGNAL_CHECK,428.35,428.35,0,NO_SIGNAL,PAPER EVALUATION: no trade signal,
10:25.4,NVDA,SIGNAL_CHECK,215.2,215.2,0,NO_SIGNAL,PAPER EVALUATION: no trade signal,
10:25.8,META,SIGNAL_CHECK,609.63,609.63,0,NO_SIGNAL,PAPER EVALUATION: no trade signal,
10:26.1,AMZN,SIGNAL_CHECK,272.68,272.68,0,NO_SIGNAL,PAPER EVALUATION: no trade signal,
10:26.4,GOOGL,SIGNAL_CHECK,400.8,400.8,0,NO_SIGNAL,PAPER EVALUATION: no trade signal,
10:26.8,BTC,SIGNAL_CHECK,80803.47,80765.72,-0.05,NO_SIGNAL,PAPER EVALUATION: no trade signal,
10:27.1,ETH,SIGNAL_CHECK,2330.48,2329.27,-0.05,NO_SIGNAL,PAPER EVALUATION: no trade signal,
11:18.4,AAPL,SIGNAL_CHECK,293.32,293.32,0,NO_SIGNAL,PAPER EVALUATION: no trade signal,
11:18.7,MSFT,SIGNAL_CHECK,415.12,415.12,0,NO_SIGNAL,PAPER EVALUATION: no trade signal,
11:19.0,TSLA,SIGNAL_CHECK,428.35,428.35,0,NO_SIGNAL,PAPER EVALUATION: no trade signal,
11:19.3,NVDA,SIGNAL_CHECK,215.2,215.2,0,NO_SIGNAL,PAPER EVALUATION: no trade signal,
11:19.6,META,SIGNAL_CHECK,609.63,609.63,0,NO_SIGNAL,PAPER EVALUATION: no trade signal,
11:19.9,AMZN,SIGNAL_CHECK,272.68,272.68,0,NO_SIGNAL,PAPER EVALUATION: no trade signal,
11:20.1,GOOGL,SIGNAL_CHECK,400.8,400.8,0,NO_SIGNAL,PAPER EVALUATION: no trade signal,
11:20.4,BTC,SIGNAL_CHECK,80803.47,80765.73,-0.05,NO_SIGNAL,PAPER EVALUATION: no trade signal,
11:20.7,ETH,SIGNAL_CHECK,2330.48,2329.52,-0.04,NO_SIGNAL,PAPER EVALUATION: no trade signal,
11:53.6,AAPL,BASE_PRICE_SAVED,293.32,,,,,Base price saved for strategy comparison.
11:53.9,MSFT,BASE_PRICE_SAVED,415.12,,,,,Base price saved for strategy comparison.
11:54.2,TSLA,BASE_PRICE_SAVED,428.35,,,,,Base price saved for strategy comparison.
11:54.5,NVDA,BASE_PRICE_SAVED,215.2,,,,,Base price saved for strategy comparison.
11:54.8,META,BASE_PRICE_SAVED,609.63,,,,,Base price saved for strategy comparison.
11:55.1,AMZN,BASE_PRICE_SAVED,272.68,,,,,Base price saved for strategy comparison.
11:55.3,GOOGL,BASE_PRICE_SAVED,400.8,,,,,Base price saved for strategy comparison.
11:55.6,BTC,BASE_PRICE_SAVED,80774.83,,,,,Base price saved for strategy comparison.
11:55.9,ETH,BASE_PRICE_SAVED,2330.31,,,,,Base price saved for strategy comparison.
12:26.2,AAPL,SIGNAL_CHECK,293.32,293.32,0,NO_SIGNAL,PAPER EVALUATION: no trade signal,
12:26.5,MSFT,SIGNAL_CHECK,415.12,415.12,0,NO_SIGNAL,PAPER EVALUATION: no trade signal,
12:26.8,TSLA,SIGNAL_CHECK,428.35,428.35,0,NO_SIGNAL,PAPER EVALUATION: no trade signal,
12:27.1,NVDA,SIGNAL_CHECK,215.2,215.2,0,NO_SIGNAL,PAPER EVALUATION: no trade signal,
12:27.4,META,SIGNAL_CHECK,609.63,609.63,0,NO_SIGNAL,PAPER EVALUATION: no trade signal,
12:27.7,AMZN,SIGNAL_CHECK,272.68,272.68,0,NO_SIGNAL,PAPER EVALUATION: no trade signal,
12:28.0,GOOGL,SIGNAL_CHECK,400.8,400.8,0,NO_SIGNAL,PAPER EVALUATION: no trade signal,
12:28.4,BTC,SIGNAL_CHECK,80774.83,80792,0.02,POP_FADE,PAPER IDEA: watch for pop-and-fade setup,
12:28.7,ETH,SIGNAL_CHECK,2330.31,2330.91,0.03,POP_FADE,PAPER IDEA: watch for pop-and-fade setup,
12:58.9,AAPL,SIGNAL_CHECK,293.32,293.32,0,NO_SIGNAL,PAPER EVALUATION: no trade signal,
12:59.3,MSFT,SIGNAL_CHECK,415.12,415.12,0,NO_SIGNAL,PAPER EVALUATION: no trade signal,
12:59.6,TSLA,SIGNAL_CHECK,428.35,428.35,0,NO_SIGNAL,PAPER EVALUATION: no trade signal,
12:59.9,NVDA,SIGNAL_CHECK,215.2,215.2,0,NO_SIGNAL,PAPER EVALUATION: no trade signal,
13:00.2,META,SIGNAL_CHECK,609.63,609.63,0,NO_SIGNAL,PAPER EVALUATION: no trade signal,
13:00.5,AMZN,SIGNAL_CHECK,272.68,272.68,0,NO_SIGNAL,PAPER EVALUATION: no trade signal,
13:00.8,GOOGL,SIGNAL_CHECK,400.8,400.8,0,NO_SIGNAL,PAPER EVALUATION: no trade signal,
13:01.1,BTC,SIGNAL_CHECK,80774.83,80772.21,0,NO_SIGNAL,PAPER EVALUATION: no trade signal,
13:01.4,ETH,SIGNAL_CHECK,2330.31,2330.57,0.01,POP_FADE,PAPER IDEA: watch for pop-and-fade setup,
13:31.7,AAPL,SIGNAL_CHECK,293.32,293.32,0,NO_SIGNAL,PAPER EVALUATION: no trade signal,
13:32.0,MSFT,SIGNAL_CHECK,415.12,415.12,0,NO_SIGNAL,PAPER EVALUATION: no trade signal,
13:32.3,TSLA,SIGNAL_CHECK,428.35,428.35,0,NO_SIGNAL,PAPER EVALUATION: no trade signal,
13:32.6,NVDA,SIGNAL_CHECK,215.2,215.2,0,NO_SIGNAL,PAPER EVALUATION: no trade signal,
13:32.9,META,SIGNAL_CHECK,609.63,609.63,0,NO_SIGNAL,PAPER EVALUATION: no trade signal,
13:33.2,AMZN,SIGNAL_CHECK,272.68,272.68,0,NO_SIGNAL,PAPER EVALUATION: no trade signal,
13:33.5,GOOGL,SIGNAL_CHECK,400.8,400.8,0,NO_SIGNAL,PAPER EVALUATION: no trade signal,
13:33.7,BTC,SIGNAL_CHECK,80774.83,80753.74,-0.03,NO_SIGNAL,PAPER EVALUATION: no trade signal,
13:34.0,ETH,SIGNAL_CHECK,2330.31,2329.48,-0.04,NO_SIGNAL,PAPER EVALUATION: no trade signal,
14:04.3,AAPL,SIGNAL_CHECK,293.32,293.32,0,NO_SIGNAL,PAPER EVALUATION: no trade signal,
14:04.6,MSFT,SIGNAL_CHECK,415.12,415.12,0,NO_SIGNAL,PAPER EVALUATION: no trade signal,
14:05.0,TSLA,SIGNAL_CHECK,428.35,428.35,0,NO_SIGNAL,PAPER EVALUATION: no trade signal,
14:05.3,NVDA,SIGNAL_CHECK,215.2,215.2,0,NO_SIGNAL,PAPER EVALUATION: no trade signal,
14:05.6,META,SIGNAL_CHECK,609.63,609.63,0,NO_SIGNAL,PAPER EVALUATION: no trade signal,
14:05.9,AMZN,SIGNAL_CHECK,272.68,272.68,0,NO_SIGNAL,PAPER EVALUATION: no trade signal,
14:06.2,GOOGL,SIGNAL_CHECK,400.8,400.8,0,NO_SIGNAL,PAPER EVALUATION: no trade signal,
14:06.5,BTC,SIGNAL_CHECK,80774.83,80762.06,-0.02,NO_SIGNAL,PAPER EVALUATION: no trade signal,
14:06.8,ETH,SIGNAL_CHECK,2330.31,2329.78,-0.02,NO_SIGNAL,PAPER EVALUATION: no trade signal,
14:37.1,AAPL,SIGNAL_CHECK,293.32,293.32,0,NO_SIGNAL,PAPER EVALUATION: no trade signal,
14:37.4,MSFT,SIGNAL_CHECK,415.12,415.12,0,NO_SIGNAL,PAPER EVALUATION: no trade signal,
14:37.7,TSLA,SIGNAL_CHECK,428.35,428.35,0,NO_SIGNAL,PAPER EVALUATION: no trade signal,
14:38.0,NVDA,SIGNAL_CHECK,215.2,215.2,0,NO_SIGNAL,PAPER EVALUATION: no trade signal,
14:38.3,META,SIGNAL_CHECK,609.63,609.63,0,NO_SIGNAL,PAPER EVALUATION: no trade signal,
14:38.5,AMZN,SIGNAL_CHECK,272.68,272.68,0,NO_SIGNAL,PAPER EVALUATION: no trade signal,
14:38.9,GOOGL,SIGNAL_CHECK,400.8,400.8,0,NO_SIGNAL,PAPER EVALUATION: no trade signal,
14:39.1,BTC,SIGNAL_CHECK,80774.83,80749.81,-0.03,NO_SIGNAL,PAPER EVALUATION: no trade signal,
14:39.5,ETH,SIGNAL_CHECK,2330.31,2330.1,-0.01,NO_SIGNAL,PAPER EVALUATION: no trade signal,
15:09.8,AAPL,SIGNAL_CHECK,293.32,293.32,0,NO_SIGNAL,PAPER EVALUATION: no trade signal,
15:10.0,MSFT,SIGNAL_CHECK,415.12,415.12,0,NO_SIGNAL,PAPER EVALUATION: no trade signal,
15:10.3,TSLA,SIGNAL_CHECK,428.35,428.35,0,NO_SIGNAL,PAPER EVALUATION: no trade signal,
15:10.6,NVDA,SIGNAL_CHECK,215.2,215.2,0,NO_SIGNAL,PAPER EVALUATION: no trade signal,
15:10.9,META,SIGNAL_CHECK,609.63,609.63,0,NO_SIGNAL,PAPER EVALUATION: no trade signal,
15:11.3,AMZN,SIGNAL_CHECK,272.68,272.68,0,NO_SIGNAL,PAPER EVALUATION: no trade signal,
15:11.6,GOOGL,SIGNAL_CHECK,400.8,400.8,0,NO_SIGNAL,PAPER EVALUATION: no trade signal,
15:11.9,BTC,SIGNAL_CHECK,80774.83,80749.82,-0.03,NO_SIGNAL,PAPER EVALUATION: no trade signal,
15:12.2,ETH,SIGNAL_CHECK,2330.31,2329.89,-0.02,NO_SIGNAL,PAPER EVALUATION: no trade signal,
15:42.5,AAPL,SIGNAL_CHECK,293.32,293.32,0,NO_SIGNAL,PAPER EVALUATION: no trade signal,
15:42.7,MSFT,SIGNAL_CHECK,415.12,415.12,0,NO_SIGNAL,PAPER EVALUATION: no trade signal,
15:43.0,TSLA,SIGNAL_CHECK,428.35,428.35,0,NO_SIGNAL,PAPER EVALUATION: no trade signal,
15:43.3,NVDA,SIGNAL_CHECK,215.2,215.2,0,NO_SIGNAL,PAPER EVALUATION: no trade signal,
15:43.6,META,SIGNAL_CHECK,609.63,609.63,0,NO_SIGNAL,PAPER EVALUATION: no trade signal,
15:43.9,AMZN,SIGNAL_CHECK,272.68,272.68,0,NO_SIGNAL,PAPER EVALUATION: no trade signal,
15:44.2,GOOGL,SIGNAL_CHECK,400.8,400.8,0,NO_SIGNAL,PAPER EVALUATION: no trade signal,
15:44.6,BTC,SIGNAL_CHECK,80774.83,80749.82,-0.03,NO_SIGNAL,PAPER EVALUATION: no trade signal,
15:44.8,ETH,SIGNAL_CHECK,2330.31,2329.88,-0.02,NO_SIGNAL,PAPER EVALUATION: no trade signal,
16:15.1,AAPL,SIGNAL_CHECK,293.32,293.32,0,NO_SIGNAL,PAPER EVALUATION: no trade signal,
16:15.4,MSFT,SIGNAL_CHECK,415.12,415.12,0,NO_SIGNAL,PAPER EVALUATION: no trade signal,
16:15.7,TSLA,SIGNAL_CHECK,428.35,428.35,0,NO_SIGNAL,PAPER EVALUATION: no trade signal,
16:16.0,NVDA,SIGNAL_CHECK,215.2,215.2,0,NO_SIGNAL,PAPER EVALUATION: no trade signal,
16:16.3,META,SIGNAL_CHECK,609.63,609.63,0,NO_SIGNAL,PAPER EVALUATION: no trade signal,
16:16.6,AMZN,SIGNAL_CHECK,272.68,272.68,0,NO_SIGNAL,PAPER EVALUATION: no trade signal,
16:16.9,GOOGL,SIGNAL_CHECK,400.8,400.8,0,NO_SIGNAL,PAPER EVALUATION: no trade signal,
16:17.2,BTC,SIGNAL_CHECK,80774.83,80750,-0.03,NO_SIGNAL,PAPER EVALUATION: no trade signal,
16:17.5,ETH,SIGNAL_CHECK,2330.31,2329.73,-0.02,NO_SIGNAL,PAPER EVALUATION: no trade signal,
16:47.8,AAPL,SIGNAL_CHECK,293.32,293.32,0,NO_SIGNAL,PAPER EVALUATION: no trade signal,
16:48.1,MSFT,SIGNAL_CHECK,415.12,415.12,0,NO_SIGNAL,PAPER EVALUATION: no trade signal,
16:48.6,TSLA,SIGNAL_CHECK,428.35,428.35,0,NO_SIGNAL,PAPER EVALUATION: no trade signal,
16:48.9,NVDA,SIGNAL_CHECK,215.2,215.2,0,NO_SIGNAL,PAPER EVALUATION: no trade signal,
16:49.2,META,SIGNAL_CHECK,609.63,609.63,0,NO_SIGNAL,PAPER EVALUATION: no trade signal,
16:49.5,AMZN,SIGNAL_CHECK,272.68,272.68,0,NO_SIGNAL,PAPER EVALUATION: no trade signal,
16:49.8,GOOGL,SIGNAL_CHECK,400.8,400.8,0,NO_SIGNAL,PAPER EVALUATION: no trade signal,
16:50.1,BTC,SIGNAL_CHECK,80774.83,80749.99,-0.03,NO_SIGNAL,PAPER EVALUATION: no trade signal,
16:50.4,ETH,SIGNAL_CHECK,2330.31,2329.47,-0.04,NO_SIGNAL,PAPER EVALUATION: no trade signal,
17:20.7,AAPL,SIGNAL_CHECK,293.32,293.32,0,NO_SIGNAL,PAPER EVALUATION: no trade signal,
17:21.0,MSFT,SIGNAL_CHECK,415.12,415.12,0,NO_SIGNAL,PAPER EVALUATION: no trade signal,
17:21.3,TSLA,SIGNAL_CHECK,428.35,428.35,0,NO_SIGNAL,PAPER EVALUATION: no trade signal,
17:21.6,NVDA,SIGNAL_CHECK,215.2,215.2,0,NO_SIGNAL,PAPER EVALUATION: no trade signal,
17:21.9,META,SIGNAL_CHECK,609.63,609.63,0,NO_SIGNAL,PAPER EVALUATION: no trade signal,
17:22.2,AMZN,SIGNAL_CHECK,272.68,272.68,0,NO_SIGNAL,PAPER EVALUATION: no trade signal,
17:22.5,GOOGL,SIGNAL_CHECK,400.8,400.8,0,NO_SIGNAL,PAPER EVALUATION: no trade signal,
17:22.8,BTC,SIGNAL_CHECK,80774.83,80744.99,-0.04,NO_SIGNAL,PAPER EVALUATION: no trade signal,
17:23.1,ETH,SIGNAL_CHECK,2330.31,2329.13,-0.05,NO_SIGNAL,PAPER EVALUATION: no trade signal,
17:53.4,AAPL,SIGNAL_CHECK,293.32,293.32,0,NO_SIGNAL,PAPER EVALUATION: no trade signal,
17:53.7,MSFT,SIGNAL_CHECK,415.12,415.12,0,NO_SIGNAL,PAPER EVALUATION: no trade signal,
17:54.0,TSLA,SIGNAL_CHECK,428.35,428.35,0,NO_SIGNAL,PAPER EVALUATION: no trade signal,
17:54.2,NVDA,SIGNAL_CHECK,215.2,215.2,0,NO_SIGNAL,PAPER EVALUATION: no trade signal,
17:54.5,META,SIGNAL_CHECK,609.63,609.63,0,NO_SIGNAL,PAPER EVALUATION: no trade signal,
17:54.8,AMZN,SIGNAL_CHECK,272.68,272.68,0,NO_SIGNAL,PAPER EVALUATION: no trade signal,
17:55.1,GOOGL,SIGNAL_CHECK,400.8,400.8,0,NO_SIGNAL,PAPER EVALUATION: no trade signal,
17:55.5,BTC,SIGNAL_CHECK,80774.83,80750,-0.03,NO_SIGNAL,PAPER EVALUATION: no trade signal,
17:55.8,ETH,SIGNAL_CHECK,2330.31,2328.93,-0.06,NO_SIGNAL,PAPER EVALUATION: no trade signal,
18:26.1,AAPL,SIGNAL_CHECK,293.32,293.32,0,NO_SIGNAL,PAPER EVALUATION: no trade signal,
18:26.4,MSFT,SIGNAL_CHECK,415.12,415.12,0,NO_SIGNAL,PAPER EVALUATION: no trade signal,
18:26.7,TSLA,SIGNAL_CHECK,428.35,428.35,0,NO_SIGNAL,PAPER EVALUATION: no trade signal,
18:27.0,NVDA,SIGNAL_CHECK,215.2,215.2,0,NO_SIGNAL,PAPER EVALUATION: no trade signal,
18:27.3,META,SIGNAL_CHECK,609.63,609.63,0,NO_SIGNAL,PAPER EVALUATION: no trade signal,
18:33.0,AAPL,BASE_PRICE_SAVED,293.32,,,,,Base price saved for strategy comparison.
18:33.3,MSFT,BASE_PRICE_SAVED,415.12,,,,,Base price saved for strategy comparison.
18:33.6,TSLA,BASE_PRICE_SAVED,428.35,,,,,Base price saved for strategy comparison.
18:33.9,NVDA,BASE_PRICE_SAVED,215.2,,,,,Base price saved for strategy comparison.
18:34.2,META,BASE_PRICE_SAVED,609.63,,,,,Base price saved for strategy comparison.
18:34.5,AMZN,BASE_PRICE_SAVED,272.68,,,,,Base price saved for strategy comparison.
18:34.8,GOOGL,BASE_PRICE_SAVED,400.8,,,,,Base price saved for strategy comparison.
18:35.1,BTC,BASE_PRICE_SAVED,80768.51,,,,,Base price saved for strategy comparison.
18:35.3,ETH,BASE_PRICE_SAVED,2329.14,,,,,Base price saved for strategy comparison.
19:25.6,AAPL,SIGNAL_CHECK,293.32,293.32,0,NO_SIGNAL,PAPER EVALUATION: no trade signal,
19:26.0,MSFT,SIGNAL_CHECK,415.12,415.12,0,NO_SIGNAL,PAPER EVALUATION: no trade signal,
19:26.3,TSLA,SIGNAL_CHECK,428.35,428.35,0,NO_SIGNAL,PAPER EVALUATION: no trade signal,
19:26.6,NVDA,SIGNAL_CHECK,215.2,215.2,0,NO_SIGNAL,PAPER EVALUATION: no trade signal,
19:26.9,META,SIGNAL_CHECK,609.63,609.63,0,NO_SIGNAL,PAPER EVALUATION: no trade signal,
19:27.2,AMZN,SIGNAL_CHECK,272.68,272.68,0,NO_SIGNAL,PAPER EVALUATION: no trade signal,
19:27.5,GOOGL,SIGNAL_CHECK,400.8,400.8,0,NO_SIGNAL,PAPER EVALUATION: no trade signal,
19:27.8,BTC,SIGNAL_CHECK,80768.51,80783.77,0.02,POP_FADE,PAPER IDEA: watch for pop-and-fade setup,
19:28.1,ETH,SIGNAL_CHECK,2329.14,2330.59,0.06,POP_FADE,PAPER IDEA: watch for pop-and-fade setup,
20:18.9,AAPL,SIGNAL_CHECK,293.32,293.32,0,NO_SIGNAL,PAPER EVALUATION: no trade signal,
20:19.2,MSFT,SIGNAL_CHECK,415.12,415.12,0,NO_SIGNAL,PAPER EVALUATION: no trade signal,
20:19.6,TSLA,SIGNAL_CHECK,428.35,428.35,0,NO_SIGNAL,PAPER EVALUATION: no trade signal,
20:19.9,NVDA,SIGNAL_CHECK,215.2,215.2,0,NO_SIGNAL,PAPER EVALUATION: no trade signal,
20:20.2,META,SIGNAL_CHECK,609.63,609.63,0,NO_SIGNAL,PAPER EVALUATION: no trade signal,
20:20.5,AMZN,SIGNAL_CHECK,272.68,272.68,0,NO_SIGNAL,PAPER EVALUATION: no trade signal,
20:20.8,GOOGL,SIGNAL_CHECK,400.8,400.8,0,NO_SIGNAL,PAPER EVALUATION: no trade signal,
20:21.3,BTC,SIGNAL_CHECK,80768.51,80797.83,0.04,POP_FADE,PAPER IDEA: watch for pop-and-fade setup,
20:21.7,ETH,SIGNAL_CHECK,2329.14,2331.53,0.1,POP_FADE,PAPER IDEA: watch for pop-and-fade setup,
21:12.7,AAPL,SIGNAL_CHECK,293.32,293.32,0,NO_SIGNAL,PAPER EVALUATION: no trade signal,
21:13.0,MSFT,SIGNAL_CHECK,415.12,415.12,0,NO_SIGNAL,PAPER EVALUATION: no trade signal,
21:13.3,TSLA,SIGNAL_CHECK,428.35,428.35,0,NO_SIGNAL,PAPER EVALUATION: no trade signal,
21:13.6,NVDA,SIGNAL_CHECK,215.2,215.2,0,NO_SIGNAL,PAPER EVALUATION: no trade signal,
21:13.9,META,SIGNAL_CHECK,609.63,609.63,0,NO_SIGNAL,PAPER EVALUATION: no trade signal,
21:14.2,AMZN,SIGNAL_CHECK,272.68,272.68,0,NO_SIGNAL,PAPER EVALUATION: no trade signal,
21:14.5,GOOGL,SIGNAL_CHECK,400.8,400.8,0,NO_SIGNAL,PAPER EVALUATION: no trade signal,
21:14.8,BTC,SIGNAL_CHECK,80768.51,80773.38,0.01,POP_FADE,PAPER IDEA: watch for pop-and-fade setup,
21:15.1,ETH,SIGNAL_CHECK,2329.14,2330.58,0.06,POP_FADE,PAPER IDEA: watch for pop-and-fade setup,
22:06.1,AAPL,SIGNAL_CHECK,293.32,293.32,0,NO_SIGNAL,PAPER EVALUATION: no trade signal,
22:06.4,MSFT,SIGNAL_CHECK,415.12,415.12,0,NO_SIGNAL,PAPER EVALUATION: no trade signal,
22:06.7,TSLA,SIGNAL_CHECK,428.35,428.35,0,NO_SIGNAL,PAPER EVALUATION: no trade signal,
22:07.0,NVDA,SIGNAL_CHECK,215.2,215.2,0,NO_SIGNAL,PAPER EVALUATION: no trade signal,
22:07.3,META,SIGNAL_CHECK,609.63,609.63,0,NO_SIGNAL,PAPER EVALUATION: no trade signal,
22:07.6,AMZN,SIGNAL_CHECK,272.68,272.68,0,NO_SIGNAL,PAPER EVALUATION: no trade signal,
22:07.9,GOOGL,SIGNAL_CHECK,400.8,400.8,0,NO_SIGNAL,PAPER EVALUATION: no trade signal,
22:08.2,BTC,SIGNAL_CHECK,80768.51,80764.68,0,NO_SIGNAL,PAPER EVALUATION: no trade signal,
22:08.5,ETH,SIGNAL_CHECK,2329.14,2330.58,0.06,POP_FADE,PAPER IDEA: watch for pop-and-fade setup,
22:40.3,AAPL,SIGNAL_CHECK,293.32,293.32,0,NO_SIGNAL,PAPER EVALUATION: no trade signal,
22:40.5,MSFT,SIGNAL_CHECK,415.12,415.12,0,NO_SIGNAL,PAPER EVALUATION: no trade signal,
22:40.8,TSLA,SIGNAL_CHECK,428.35,428.35,0,NO_SIGNAL,PAPER EVALUATION: no trade signal,
22:41.1,NVDA,SIGNAL_CHECK,215.2,215.2,0,NO_SIGNAL,PAPER EVALUATION: no trade signal,
22:41.4,META,SIGNAL_CHECK,609.63,609.63,0,NO_SIGNAL,PAPER EVALUATION: no trade signal,
22:41.7,AMZN,SIGNAL_CHECK,272.68,272.68,0,NO_SIGNAL,PAPER EVALUATION: no trade signal,
22:42.0,GOOGL,SIGNAL_CHECK,400.8,400.8,0,NO_SIGNAL,PAPER EVALUATION: no trade signal,
22:42.3,BTC,SIGNAL_CHECK,80768.51,80760.94,-0.01,NO_SIGNAL,PAPER EVALUATION: no trade signal,
22:42.5,ETH,SIGNAL_CHECK,2329.14,2330.58,0.06,POP_FADE,PAPER IDEA: watch for pop-and-fade setup,
23:32.9,AAPL,SIGNAL_CHECK,293.32,293.32,0,NO_SIGNAL,PAPER EVALUATION: no trade signal,
23:33.1,MSFT,SIGNAL_CHECK,415.12,415.12,0,NO_SIGNAL,PAPER EVALUATION: no trade signal,
23:33.4,TSLA,SIGNAL_CHECK,428.35,428.35,0,NO_SIGNAL,PAPER EVALUATION: no trade signal,
23:33.7,NVDA,SIGNAL_CHECK,215.2,215.2,0,NO_SIGNAL,PAPER EVALUATION: no trade signal,
23:34.0,META,SIGNAL_CHECK,609.63,609.63,0,NO_SIGNAL,PAPER EVALUATION: no trade signal,
23:34.3,AMZN,SIGNAL_CHECK,272.68,272.68,0,NO_SIGNAL,PAPER EVALUATION: no trade signal,
23:34.6,GOOGL,SIGNAL_CHECK,400.8,400.8,0,NO_SIGNAL,PAPER EVALUATION: no trade signal,
23:34.9,BTC,SIGNAL_CHECK,80768.51,80760.94,-0.01,NO_SIGNAL,PAPER EVALUATION: no trade signal,
23:35.2,ETH,SIGNAL_CHECK,2329.14,2330.11,0.04,POP_FADE,PAPER IDEA: watch for pop-and-fade setup,
24:07.3,AAPL,SIGNAL_CHECK,293.32,293.32,0,NO_SIGNAL,PAPER EVALUATION: no trade signal,
24:07.6,MSFT,SIGNAL_CHECK,415.12,415.12,0,NO_SIGNAL,PAPER EVALUATION: no trade signal,
24:07.9,TSLA,SIGNAL_CHECK,428.35,428.35,0,NO_SIGNAL,PAPER EVALUATION: no trade signal,
24:08.2,NVDA,SIGNAL_CHECK,215.2,215.2,0,NO_SIGNAL,PAPER EVALUATION: no trade signal,
24:08.5,META,SIGNAL_CHECK,609.63,609.63,0,NO_SIGNAL,PAPER EVALUATION: no trade signal,
24:08.8,AMZN,SIGNAL_CHECK,272.68,272.68,0,NO_SIGNAL,PAPER EVALUATION: no trade signal,
24:09.1,GOOGL,SIGNAL_CHECK,400.8,400.8,0,NO_SIGNAL,PAPER EVALUATION: no trade signal,
24:09.4,BTC,SIGNAL_CHECK,80768.51,80799.05,0.04,POP_FADE,PAPER IDEA: watch for pop-and-fade setup,
24:09.7,ETH,SIGNAL_CHECK,2329.14,2331.55,0.1,POP_FADE,PAPER IDEA: watch for pop-and-fade setup,
24:40.8,AAPL,SIGNAL_CHECK,293.32,293.32,0,NO_SIGNAL,PAPER EVALUATION: no trade signal,
24:41.1,MSFT,SIGNAL_CHECK,415.12,415.12,0,NO_SIGNAL,PAPER EVALUATION: no trade signal,
24:41.5,TSLA,SIGNAL_CHECK,428.35,428.35,0,NO_SIGNAL,PAPER EVALUATION: no trade signal,
24:41.7,NVDA,SIGNAL_CHECK,215.2,215.2,0,NO_SIGNAL,PAPER EVALUATION: no trade signal,
24:42.0,META,SIGNAL_CHECK,609.63,609.63,0,NO_SIGNAL,PAPER EVALUATION: no trade signal,
24:42.3,AMZN,SIGNAL_CHECK,272.68,272.68,0,NO_SIGNAL,PAPER EVALUATION: no trade signal,
24:42.7,GOOGL,SIGNAL_CHECK,400.8,400.8,0,NO_SIGNAL,PAPER EVALUATION: no trade signal,
24:42.9,BTC,SIGNAL_CHECK,80768.51,80810.56,0.05,POP_FADE,PAPER IDEA: watch for pop-and-fade setup,
24:43.2,ETH,SIGNAL_CHECK,2329.14,2331.55,0.1,POP_FADE,PAPER IDEA: watch for pop-and-fade setup,
25:15.2,AAPL,SIGNAL_CHECK,293.32,293.32,0,NO_SIGNAL,PAPER EVALUATION: no trade signal,
25:15.5,MSFT,SIGNAL_CHECK,415.12,415.12,0,NO_SIGNAL,PAPER EVALUATION: no trade signal,
25:15.8,TSLA,SIGNAL_CHECK,428.35,428.35,0,NO_SIGNAL,PAPER EVALUATION: no trade signal,
25:16.0,NVDA,SIGNAL_CHECK,215.2,215.2,0,NO_SIGNAL,PAPER EVALUATION: no trade signal,
25:16.3,META,SIGNAL_CHECK,609.63,609.63,0,NO_SIGNAL,PAPER EVALUATION: no trade signal,
25:16.6,AMZN,SIGNAL_CHECK,272.68,272.68,0,NO_SIGNAL,PAPER EVALUATION: no trade signal,
25:16.9,GOOGL,SIGNAL_CHECK,400.8,400.8,0,NO_SIGNAL,PAPER EVALUATION: no trade signal,
25:17.3,BTC,SIGNAL_CHECK,80768.51,80795.29,0.03,POP_FADE,PAPER IDEA: watch for pop-and-fade setup,
25:17.6,ETH,SIGNAL_CHECK,2329.14,2330.94,0.08,POP_FADE,PAPER IDEA: watch for pop-and-fade setup,
25:48.8,AAPL,SIGNAL_CHECK,293.32,293.32,0,NO_SIGNAL,PAPER EVALUATION: no trade signal,
25:49.1,MSFT,SIGNAL_CHECK,415.12,415.12,0,NO_SIGNAL,PAPER EVALUATION: no trade signal,
25:49.4,TSLA,SIGNAL_CHECK,428.35,428.35,0,NO_SIGNAL,PAPER EVALUATION: no trade signal,
25:49.7,NVDA,SIGNAL_CHECK,215.2,215.2,0,NO_SIGNAL,PAPER EVALUATION: no trade signal,
25:50.0,META,SIGNAL_CHECK,609.63,609.63,0,NO_SIGNAL,PAPER EVALUATION: no trade signal,
25:50.3,AMZN,SIGNAL_CHECK,272.68,272.68,0,NO_SIGNAL,PAPER EVALUATION: no trade signal,
25:50.6,GOOGL,SIGNAL_CHECK,400.8,400.8,0,NO_SIGNAL,PAPER EVALUATION: no trade signal,
25:50.9,BTC,SIGNAL_CHECK,80768.51,80783.67,0.02,POP_FADE,PAPER IDEA: watch for pop-and-fade setup,
25:51.3,ETH,SIGNAL_CHECK,2329.14,2330.84,0.07,POP_FADE,PAPER IDEA: watch for pop-and-fade setup,
26:22.6,AAPL,SIGNAL_CHECK,293.32,293.32,0,NO_SIGNAL,PAPER EVALUATION: no trade signal,
26:22.9,MSFT,SIGNAL_CHECK,415.12,415.12,0,NO_SIGNAL,PAPER EVALUATION: no trade signal,
26:23.2,TSLA,SIGNAL_CHECK,428.35,428.35,0,NO_SIGNAL,PAPER EVALUATION: no trade signal,
26:23.5,NVDA,SIGNAL_CHECK,215.2,215.2,0,NO_SIGNAL,PAPER EVALUATION: no trade signal,
26:23.7,META,SIGNAL_CHECK,609.63,609.63,0,NO_SIGNAL,PAPER EVALUATION: no trade signal,
26:24.1,AMZN,SIGNAL_CHECK,272.68,272.68,0,NO_SIGNAL,PAPER EVALUATION: no trade signal,
26:24.3,GOOGL,SIGNAL_CHECK,400.8,400.8,0,NO_SIGNAL,PAPER EVALUATION: no trade signal,
26:24.6,BTC,SIGNAL_CHECK,80768.51,80783.68,0.02,POP_FADE,PAPER IDEA: watch for pop-and-fade setup,
26:24.9,ETH,SIGNAL_CHECK,2329.14,2330.84,0.07,POP_FADE,PAPER IDEA: watch for pop-and-fade setup,
26:56.3,AAPL,SIGNAL_CHECK,293.32,293.32,0,NO_SIGNAL,PAPER EVALUATION: no trade signal,
26:56.6,MSFT,SIGNAL_CHECK,415.12,415.12,0,NO_SIGNAL,PAPER EVALUATION: no trade signal,
26:57.0,TSLA,SIGNAL_CHECK,428.35,428.35,0,NO_SIGNAL,PAPER EVALUATION: no trade signal,
26:57.3,NVDA,SIGNAL_CHECK,215.2,215.2,0,NO_SIGNAL,PAPER EVALUATION: no trade signal,
26:57.6,META,SIGNAL_CHECK,609.63,609.63,0,NO_SIGNAL,PAPER EVALUATION: no trade signal,
26:57.8,AMZN,SIGNAL_CHECK,272.68,272.68,0,NO_SIGNAL,PAPER EVALUATION: no trade signal,
26:58.1,GOOGL,SIGNAL_CHECK,400.8,400.8,0,NO_SIGNAL,PAPER EVALUATION: no trade signal,
26:58.4,BTC,SIGNAL_CHECK,80768.51,80783.67,0.02,POP_FADE,PAPER IDEA: watch for pop-and-fade setup,
26:58.7,ETH,SIGNAL_CHECK,2329.14,2330.83,0.07,POP_FADE,PAPER IDEA: watch for pop-and-fade setup,
27:31.2,AAPL,SIGNAL_CHECK,293.32,293.32,0,NO_SIGNAL,PAPER EVALUATION: no trade signal,
27:31.5,MSFT,SIGNAL_CHECK,415.12,415.12,0,NO_SIGNAL,PAPER EVALUATION: no trade signal,
27:31.8,TSLA,SIGNAL_CHECK,428.35,428.35,0,NO_SIGNAL,PAPER EVALUATION: no trade signal,
27:32.1,NVDA,SIGNAL_CHECK,215.2,215.2,0,NO_SIGNAL,PAPER EVALUATION: no trade signal,
27:32.4,META,SIGNAL_CHECK,609.63,609.63,0,NO_SIGNAL,PAPER EVALUATION: no trade signal,
27:32.7,AMZN,SIGNAL_CHECK,272.68,272.68,0,NO_SIGNAL,PAPER EVALUATION: no trade signal,
27:32.9,GOOGL,SIGNAL_CHECK,400.8,400.8,0,NO_SIGNAL,PAPER EVALUATION: no trade signal,
27:33.2,BTC,SIGNAL_CHECK,80768.51,80812,0.05,POP_FADE,PAPER IDEA: watch for pop-and-fade setup,
27:33.5,ETH,SIGNAL_CHECK,2329.14,2331.54,0.1,POP_FADE,PAPER IDEA: watch for pop-and-fade setup,
28:05.0,AAPL,SIGNAL_CHECK,293.32,293.32,0,NO_SIGNAL,PAPER EVALUATION: no trade signal,
28:05.3,MSFT,SIGNAL_CHECK,415.12,415.12,0,NO_SIGNAL,PAPER EVALUATION: no trade signal,
28:05.6,TSLA,SIGNAL_CHECK,428.35,428.35,0,NO_SIGNAL,PAPER EVALUATION: no trade signal,
28:05.9,NVDA,SIGNAL_CHECK,215.2,215.2,0,NO_SIGNAL,PAPER EVALUATION: no trade signal,
28:06.2,META,SIGNAL_CHECK,609.63,609.63,0,NO_SIGNAL,PAPER EVALUATION: no trade signal,
28:06.4,AMZN,SIGNAL_CHECK,272.68,272.68,0,NO_SIGNAL,PAPER EVALUATION: no trade signal,
28:06.8,GOOGL,SIGNAL_CHECK,400.8,400.8,0,NO_SIGNAL,PAPER EVALUATION: no trade signal,
28:07.1,BTC,SIGNAL_CHECK,80768.51,80805.51,0.05,POP_FADE,PAPER IDEA: watch for pop-and-fade setup,
28:07.4,ETH,SIGNAL_CHECK,2329.14,2331.32,0.09,POP_FADE,PAPER IDEA: watch for pop-and-fade setup,
28:48.6,AAPL,SIGNAL_CHECK,293.32,293.32,0,NO_SIGNAL,PAPER EVALUATION: no trade signal,
28:48.9,MSFT,SIGNAL_CHECK,415.12,415.12,0,NO_SIGNAL,PAPER EVALUATION: no trade signal,
28:49.2,TSLA,SIGNAL_CHECK,428.35,428.35,0,NO_SIGNAL,PAPER EVALUATION: no trade signal,
28:49.5,NVDA,SIGNAL_CHECK,215.2,215.2,0,NO_SIGNAL,PAPER EVALUATION: no trade signal,
28:49.7,META,SIGNAL_CHECK,609.63,609.63,0,NO_SIGNAL,PAPER EVALUATION: no trade signal,
28:50.1,AMZN,SIGNAL_CHECK,272.68,272.68,0,NO_SIGNAL,PAPER EVALUATION: no trade signal,
28:50.4,GOOGL,SIGNAL_CHECK,400.8,400.8,0,NO_SIGNAL,PAPER EVALUATION: no trade signal,
28:50.7,BTC,SIGNAL_CHECK,80768.51,80805.5,0.05,POP_FADE,PAPER IDEA: watch for pop-and-fade setup,
28:51.0,ETH,SIGNAL_CHECK,2329.14,2331.32,0.09,POP_FADE,PAPER IDEA: watch for pop-and-fade setup,
29:25.0,AAPL,BASE_PRICE_SAVED,293.32,,,,,Base price saved for strategy comparison.
29:25.3,MSFT,BASE_PRICE_SAVED,415.12,,,,,Base price saved for strategy comparison.
29:25.6,TSLA,BASE_PRICE_SAVED,428.35,,,,,Base price saved for strategy comparison.
29:25.9,NVDA,BASE_PRICE_SAVED,215.2,,,,,Base price saved for strategy comparison.
29:26.2,META,BASE_PRICE_SAVED,609.63,,,,,Base price saved for strategy comparison.
29:26.4,AMZN,BASE_PRICE_SAVED,272.68,,,,,Base price saved for strategy comparison.
29:26.7,GOOGL,BASE_PRICE_SAVED,400.8,,,,,Base price saved for strategy comparison.
29:27.0,BTC,BASE_PRICE_SAVED,80784.17,,,,,Base price saved for strategy comparison.
29:27.3,ETH,BASE_PRICE_SAVED,2331,,,,,Base price saved for strategy comparison.
29:58.4,AAPL,SIGNAL_CHECK,293.32,293.32,0,NO_SIGNAL,PAPER EVALUATION: no trade signal,
29:58.7,MSFT,SIGNAL_CHECK,415.12,415.12,0,NO_SIGNAL,PAPER EVALUATION: no trade signal,
29:59.0,TSLA,SIGNAL_CHECK,428.35,428.35,0,NO_SIGNAL,PAPER EVALUATION: no trade signal,
29:59.4,NVDA,SIGNAL_CHECK,215.2,215.2,0,NO_SIGNAL,PAPER EVALUATION: no trade signal,
29:59.7,META,SIGNAL_CHECK,609.63,609.63,0,NO_SIGNAL,PAPER EVALUATION: no trade signal,
30:00.0,AMZN,SIGNAL_CHECK,272.68,272.68,0,NO_SIGNAL,PAPER EVALUATION: no trade signal,
30:00.3,GOOGL,SIGNAL_CHECK,400.8,400.8,0,NO_SIGNAL,PAPER EVALUATION: no trade signal,
30:00.6,BTC,SIGNAL_CHECK,80784.17,80780.82,0,NO_SIGNAL,PAPER EVALUATION: no trade signal,
30:01.0,ETH,SIGNAL_CHECK,2331,2330.81,-0.01,NO_SIGNAL,PAPER EVALUATION: no trade signal,
30:32.9,AAPL,SIGNAL_CHECK,293.32,293.32,0,NO_SIGNAL,PAPER EVALUATION: no trade signal,
30:33.2,MSFT,SIGNAL_CHECK,415.12,415.12,0,NO_SIGNAL,PAPER EVALUATION: no trade signal,
30:33.5,TSLA,SIGNAL_CHECK,428.35,428.35,0,NO_SIGNAL,PAPER EVALUATION: no trade signal,
30:33.8,NVDA,SIGNAL_CHECK,215.2,215.2,0,NO_SIGNAL,PAPER EVALUATION: no trade signal,
30:34.1,META,SIGNAL_CHECK,609.63,609.63,0,NO_SIGNAL,PAPER EVALUATION: no trade signal,
30:34.4,AMZN,SIGNAL_CHECK,272.68,272.68,0,NO_SIGNAL,PAPER EVALUATION: no trade signal,
30:34.7,GOOGL,SIGNAL_CHECK,400.8,400.8,0,NO_SIGNAL,PAPER EVALUATION: no trade signal,
30:35.1,BTC,SIGNAL_CHECK,80784.17,80797.32,0.02,POP_FADE,PAPER IDEA: watch for pop-and-fade setup,
30:35.4,ETH,SIGNAL_CHECK,2331,2331.37,0.02,POP_FADE,PAPER IDEA: watch for pop-and-fade setup,
31:06.6,AAPL,SIGNAL_CHECK,293.32,293.32,0,NO_SIGNAL,PAPER EVALUATION: no trade signal,
31:06.9,MSFT,SIGNAL_CHECK,415.12,415.12,0,NO_SIGNAL,PAPER EVALUATION: no trade signal,
31:07.1,TSLA,SIGNAL_CHECK,428.35,428.35,0,NO_SIGNAL,PAPER EVALUATION: no trade signal,
31:07.4,NVDA,SIGNAL_CHECK,215.2,215.2,0,NO_SIGNAL,PAPER EVALUATION: no trade signal,
31:07.7,META,SIGNAL_CHECK,609.63,609.63,0,NO_SIGNAL,PAPER EVALUATION: no trade signal,
31:08.0,AMZN,SIGNAL_CHECK,272.68,272.68,0,NO_SIGNAL,PAPER EVALUATION: no trade signal,
31:08.3,GOOGL,SIGNAL_CHECK,400.8,400.8,0,NO_SIGNAL,PAPER EVALUATION: no trade signal,
31:08.6,BTC,SIGNAL_CHECK,80784.17,80797.32,0.02,POP_FADE,PAPER IDEA: watch for pop-and-fade setup,
31:08.9,ETH,SIGNAL_CHECK,2331,2331.19,0.01,POP_FADE,PAPER IDEA: watch for pop-and-fade setup,
31:40.1,AAPL,SIGNAL_CHECK,293.32,293.32,0,NO_SIGNAL,PAPER EVALUATION: no trade signal,
31:40.4,MSFT,SIGNAL_CHECK,415.12,415.12,0,NO_SIGNAL,PAPER EVALUATION: no trade signal,
31:40.7,TSLA,SIGNAL_CHECK,428.35,428.35,0,NO_SIGNAL,PAPER EVALUATION: no trade signal,
31:41.0,NVDA,SIGNAL_CHECK,215.2,215.2,0,NO_SIGNAL,PAPER EVALUATION: no trade signal,
31:41.3,META,SIGNAL_CHECK,609.63,609.63,0,NO_SIGNAL,PAPER EVALUATION: no trade signal,
31:41.5,AMZN,SIGNAL_CHECK,272.68,272.68,0,NO_SIGNAL,PAPER EVALUATION: no trade signal,
31:41.8,GOOGL,SIGNAL_CHECK,400.8,400.8,0,NO_SIGNAL,PAPER EVALUATION: no trade signal,
31:42.1,BTC,SIGNAL_CHECK,80784.17,80797.32,0.02,POP_FADE,PAPER IDEA: watch for pop-and-fade setup,
31:42.5,ETH,SIGNAL_CHECK,2331,2331.2,0.01,POP_FADE,PAPER IDEA: watch for pop-and-fade setup,
32:14.5,AAPL,SIGNAL_CHECK,293.32,293.32,0,NO_SIGNAL,PAPER EVALUATION: no trade signal,
32:14.8,MSFT,SIGNAL_CHECK,415.12,415.12,0,NO_SIGNAL,PAPER EVALUATION: no trade signal,
32:15.1,TSLA,SIGNAL_CHECK,428.35,428.35,0,NO_SIGNAL,PAPER EVALUATION: no trade signal,
32:15.4,NVDA,SIGNAL_CHECK,215.2,215.2,0,NO_SIGNAL,PAPER EVALUATION: no trade signal,
32:15.7,META,SIGNAL_CHECK,609.63,609.63,0,NO_SIGNAL,PAPER EVALUATION: no trade signal,
32:16.0,AMZN,SIGNAL_CHECK,272.68,272.68,0,NO_SIGNAL,PAPER EVALUATION: no trade signal,
32:16.3,GOOGL,SIGNAL_CHECK,400.8,400.8,0,NO_SIGNAL,PAPER EVALUATION: no trade signal,
32:16.6,BTC,SIGNAL_CHECK,80784.17,80788.4,0.01,POP_FADE,PAPER IDEA: watch for pop-and-fade setup,
32:16.9,ETH,SIGNAL_CHECK,2331,2330.97,0,NO_SIGNAL,PAPER EVALUATION: no trade signal,
32:48.2,AAPL,SIGNAL_CHECK,293.32,293.32,0,NO_SIGNAL,PAPER EVALUATION: no trade signal,
32:48.5,MSFT,SIGNAL_CHECK,415.12,415.12,0,NO_SIGNAL,PAPER EVALUATION: no trade signal,
32:48.9,TSLA,SIGNAL_CHECK,428.35,428.35,0,NO_SIGNAL,PAPER EVALUATION: no trade signal,
32:49.1,NVDA,SIGNAL_CHECK,215.2,215.2,0,NO_SIGNAL,PAPER EVALUATION: no trade signal,
32:49.4,META,SIGNAL_CHECK,609.63,609.63,0,NO_SIGNAL,PAPER EVALUATION: no trade signal,
32:49.7,AMZN,SIGNAL_CHECK,272.68,272.68,0,NO_SIGNAL,PAPER EVALUATION: no trade signal,
32:50.0,GOOGL,SIGNAL_CHECK,400.8,400.8,0,NO_SIGNAL,PAPER EVALUATION: no trade signal,
32:50.3,BTC,SIGNAL_CHECK,80784.17,80788.39,0.01,POP_FADE,PAPER IDEA: watch for pop-and-fade setup,
32:50.6,ETH,SIGNAL_CHECK,2331,2331.11,0,POP_FADE,PAPER IDEA: watch for pop-and-fade setup,
33:24.1,AAPL,SIGNAL_CHECK,293.32,293.32,0,NO_SIGNAL,PAPER EVALUATION: no trade signal,
33:24.4,MSFT,SIGNAL_CHECK,415.12,415.12,0,NO_SIGNAL,PAPER EVALUATION: no trade signal,
33:24.7,TSLA,SIGNAL_CHECK,428.35,428.35,0,NO_SIGNAL,PAPER EVALUATION: no trade signal,
33:25.0,NVDA,SIGNAL_CHECK,215.2,215.2,0,NO_SIGNAL,PAPER EVALUATION: no trade signal,
33:25.3,META,SIGNAL_CHECK,609.63,609.63,0,NO_SIGNAL,PAPER EVALUATION: no trade signal,
33:25.6,AMZN,SIGNAL_CHECK,272.68,272.68,0,NO_SIGNAL,PAPER EVALUATION: no trade signal,
33:25.9,GOOGL,SIGNAL_CHECK,400.8,400.8,0,NO_SIGNAL,PAPER EVALUATION: no trade signal,
33:26.1,BTC,SIGNAL_CHECK,80784.17,80785.18,0,POP_FADE,PAPER IDEA: watch for pop-and-fade setup,
33:26.4,ETH,SIGNAL_CHECK,2331,2331.42,0.02,POP_FADE,PAPER IDEA: watch for pop-and-fade setup,
33:57.8,AAPL,SIGNAL_CHECK,293.32,293.32,0,NO_SIGNAL,PAPER EVALUATION: no trade signal,
33:58.1,MSFT,SIGNAL_CHECK,415.12,415.12,0,NO_SIGNAL,PAPER EVALUATION: no trade signal,
33:58.4,TSLA,SIGNAL_CHECK,428.35,428.35,0,NO_SIGNAL,PAPER EVALUATION: no trade signal,
33:58.7,NVDA,SIGNAL_CHECK,215.2,215.2,0,NO_SIGNAL,PAPER EVALUATION: no trade signal,
33:59.0,META,SIGNAL_CHECK,609.63,609.63,0,NO_SIGNAL,PAPER EVALUATION: no trade signal,
33:59.3,AMZN,SIGNAL_CHECK,272.68,272.68,0,NO_SIGNAL,PAPER EVALUATION: no trade signal,
33:59.6,GOOGL,SIGNAL_CHECK,400.8,400.8,0,NO_SIGNAL,PAPER EVALUATION: no trade signal,
33:59.9,BTC,SIGNAL_CHECK,80784.17,80764,-0.02,NO_SIGNAL,PAPER EVALUATION: no trade signal,
34:00.2,ETH,SIGNAL_CHECK,2331,2330.72,-0.01,NO_SIGNAL,PAPER EVALUATION: no trade signal,
34:31.3,AAPL,SIGNAL_CHECK,293.32,293.32,0,NO_SIGNAL,PAPER EVALUATION: no trade signal,
34:31.6,MSFT,SIGNAL_CHECK,415.12,415.12,0,NO_SIGNAL,PAPER EVALUATION: no trade signal,
34:31.9,TSLA,SIGNAL_CHECK,428.35,428.35,0,NO_SIGNAL,PAPER EVALUATION: no trade signal,
34:32.2,NVDA,SIGNAL_CHECK,215.2,215.2,0,NO_SIGNAL,PAPER EVALUATION: no trade signal,
34:32.5,META,SIGNAL_CHECK,609.63,609.63,0,NO_SIGNAL,PAPER EVALUATION: no trade signal,
34:32.8,AMZN,SIGNAL_CHECK,272.68,272.68,0,NO_SIGNAL,PAPER EVALUATION: no trade signal,
34:33.1,GOOGL,SIGNAL_CHECK,400.8,400.8,0,NO_SIGNAL,PAPER EVALUATION: no trade signal,
34:33.4,BTC,SIGNAL_CHECK,80784.17,80760.96,-0.03,NO_SIGNAL,PAPER EVALUATION: no trade signal,
34:33.7,ETH,SIGNAL_CHECK,2331,2330.14,-0.04,NO_SIGNAL,PAPER EVALUATION: no trade signal,
35:05.8,AAPL,SIGNAL_CHECK,293.32,293.32,0,NO_SIGNAL,PAPER EVALUATION: no trade signal,
35:06.1,MSFT,SIGNAL_CHECK,415.12,415.12,0,NO_SIGNAL,PAPER EVALUATION: no trade signal,
35:06.5,TSLA,SIGNAL_CHECK,428.35,428.35,0,NO_SIGNAL,PAPER EVALUATION: no trade signal,
35:06.8,NVDA,SIGNAL_CHECK,215.2,215.2,0,NO_SIGNAL,PAPER EVALUATION: no trade signal,
35:07.1,META,SIGNAL_CHECK,609.63,609.63,0,NO_SIGNAL,PAPER EVALUATION: no trade signal,
35:07.4,AMZN,SIGNAL_CHECK,272.68,272.68,0,NO_SIGNAL,PAPER EVALUATION: no trade signal,
35:07.7,GOOGL,SIGNAL_CHECK,400.8,400.8,0,NO_SIGNAL,PAPER EVALUATION: no trade signal,
35:08.0,BTC,SIGNAL_CHECK,80784.17,80768.93,-0.02,NO_SIGNAL,PAPER EVALUATION: no trade signal,
35:08.3,ETH,SIGNAL_CHECK,2331,2331.06,0,POP_FADE,PAPER IDEA: watch for pop-and-fade setup,
35:39.6,AAPL,SIGNAL_CHECK,293.32,293.32,0,NO_SIGNAL,PAPER EVALUATION: no trade signal,
35:39.9,MSFT,SIGNAL_CHECK,415.12,415.12,0,NO_SIGNAL,PAPER EVALUATION: no trade signal,
35:40.2,TSLA,SIGNAL_CHECK,428.35,428.35,0,NO_SIGNAL,PAPER EVALUATION: no trade signal,
35:40.5,NVDA,SIGNAL_CHECK,215.2,215.2,0,NO_SIGNAL,PAPER EVALUATION: no trade signal,
35:40.8,META,SIGNAL_CHECK,609.63,609.63,0,NO_SIGNAL,PAPER EVALUATION: no trade signal,
35:41.1,AMZN,SIGNAL_CHECK,272.68,272.68,0,NO_SIGNAL,PAPER EVALUATION: no trade signal,
35:41.4,GOOGL,SIGNAL_CHECK,400.8,400.8,0,NO_SIGNAL,PAPER EVALUATION: no trade signal,
35:42.2,BTC,SIGNAL_CHECK,80784.17,80768.93,-0.02,NO_SIGNAL,PAPER EVALUATION: no trade signal,
35:42.5,ETH,SIGNAL_CHECK,2331,2331.06,0,POP_FADE,PAPER IDEA: watch for pop-and-fade setup,
36:21.6,AAPL,BASE_PRICE_SAVED,293.32,,,,,Base price saved for strategy comparison.
36:21.9,MSFT,BASE_PRICE_SAVED,415.12,,,,,Base price saved for strategy comparison.
36:22.2,TSLA,BASE_PRICE_SAVED,428.35,,,,,Base price saved for strategy comparison.
36:23.0,NVDA,BASE_PRICE_SAVED,215.2,,,,,Base price saved for strategy comparison.
36:23.3,META,BASE_PRICE_SAVED,609.63,,,,,Base price saved for strategy comparison.
36:23.6,AMZN,BASE_PRICE_SAVED,272.68,,,,,Base price saved for strategy comparison.
36:23.9,GOOGL,BASE_PRICE_SAVED,400.8,,,,,Base price saved for strategy comparison.
36:24.2,BTC,BASE_PRICE_SAVED,80760.54,,,,,Base price saved for strategy comparison.
36:24.5,ETH,BASE_PRICE_SAVED,2330.65,,,,,Base price saved for strategy comparison.
36:32.9,AAPL,SIGNAL_CHECK,293.32,293.32,0,NO_SIGNAL,PAPER EVALUATION: no trade signal,
36:33.3,MSFT,SIGNAL_CHECK,415.12,415.12,0,NO_SIGNAL,PAPER EVALUATION: no trade signal,
36:33.6,TSLA,SIGNAL_CHECK,428.35,428.35,0,NO_SIGNAL,PAPER EVALUATION: no trade signal,
36:33.8,NVDA,SIGNAL_CHECK,215.2,215.2,0,NO_SIGNAL,PAPER EVALUATION: no trade signal,
36:34.1,META,SIGNAL_CHECK,609.63,609.63,0,NO_SIGNAL,PAPER EVALUATION: no trade signal,
36:34.4,AMZN,SIGNAL_CHECK,272.68,272.68,0,NO_SIGNAL,PAPER EVALUATION: no trade signal,
36:34.7,GOOGL,SIGNAL_CHECK,400.8,400.8,0,NO_SIGNAL,PAPER EVALUATION: no trade signal,
36:35.1,BTC,SIGNAL_CHECK,80784.17,80760.54,-0.03,NO_SIGNAL,PAPER EVALUATION: no trade signal,
36:35.4,ETH,SIGNAL_CHECK,2331,2330.65,-0.02,NO_SIGNAL,PAPER EVALUATION: no trade signal,
36:54.8,AAPL,SIGNAL_CHECK,293.32,293.32,0,NO_SIGNAL,PAPER EVALUATION: no trade signal,
36:55.1,MSFT,SIGNAL_CHECK,415.12,415.12,0,NO_SIGNAL,PAPER EVALUATION: no trade signal,
36:55.3,TSLA,SIGNAL_CHECK,428.35,428.35,0,NO_SIGNAL,PAPER EVALUATION: no trade signal,
36:55.7,NVDA,SIGNAL_CHECK,215.2,215.2,0,NO_SIGNAL,PAPER EVALUATION: no trade signal,
36:56.0,META,SIGNAL_CHECK,609.63,609.63,0,NO_SIGNAL,PAPER EVALUATION: no trade signal,
36:56.3,AMZN,SIGNAL_CHECK,272.68,272.68,0,NO_SIGNAL,PAPER EVALUATION: no trade signal,
36:56.6,GOOGL,SIGNAL_CHECK,400.8,400.8,0,NO_SIGNAL,PAPER EVALUATION: no trade signal,
36:56.9,BTC,SIGNAL_CHECK,80760.54,80756.83,0,NO_SIGNAL,PAPER EVALUATION: no trade signal,
36:57.1,ETH,SIGNAL_CHECK,2330.65,2330.16,-0.02,NO_SIGNAL,PAPER EVALUATION: no trade signal,
37:07.8,AAPL,SIGNAL_CHECK,293.32,293.32,0,NO_SIGNAL,PAPER EVALUATION: no trade signal,
37:08.1,MSFT,SIGNAL_CHECK,415.12,415.12,0,NO_SIGNAL,PAPER EVALUATION: no trade signal,
37:08.4,TSLA,SIGNAL_CHECK,428.35,428.35,0,NO_SIGNAL,PAPER EVALUATION: no trade signal,
37:08.7,NVDA,SIGNAL_CHECK,215.2,215.2,0,NO_SIGNAL,PAPER EVALUATION: no trade signal,
37:09.0,META,SIGNAL_CHECK,609.63,609.63,0,NO_SIGNAL,PAPER EVALUATION: no trade signal,
37:09.3,AMZN,SIGNAL_CHECK,272.68,272.68,0,NO_SIGNAL,PAPER EVALUATION: no trade signal,
37:09.5,GOOGL,SIGNAL_CHECK,400.8,400.8,0,NO_SIGNAL,PAPER EVALUATION: no trade signal,
37:09.8,BTC,SIGNAL_CHECK,80784.17,80769.98,-0.02,NO_SIGNAL,PAPER EVALUATION: no trade signal,
37:10.1,ETH,SIGNAL_CHECK,2331,2330.53,-0.02,NO_SIGNAL,PAPER EVALUATION: no trade signal,
37:41.7,AAPL,SIGNAL_CHECK,293.32,293.32,0,NO_SIGNAL,PAPER EVALUATION: no trade signal,
37:42.0,MSFT,SIGNAL_CHECK,415.12,415.12,0,NO_SIGNAL,PAPER EVALUATION: no trade signal,
37:53.6,AAPL,BASE_PRICE_SAVED,293.32,,,,,Base price saved for strategy comparison.
37:53.9,MSFT,BASE_PRICE_SAVED,415.12,,,,,Base price saved for strategy comparison.
37:54.1,TSLA,BASE_PRICE_SAVED,428.35,,,,,Base price saved for strategy comparison.
37:54.4,NVDA,BASE_PRICE_SAVED,215.2,,,,,Base price saved for strategy comparison.
37:54.7,META,BASE_PRICE_SAVED,609.63,,,,,Base price saved for strategy comparison.
37:55.0,AMZN,BASE_PRICE_SAVED,272.68,,,,,Base price saved for strategy comparison.
37:55.3,GOOGL,BASE_PRICE_SAVED,400.8,,,,,Base price saved for strategy comparison.
37:55.6,BTC,BASE_PRICE_SAVED,80758.99,,,,,Base price saved for strategy comparison.
37:55.9,ETH,BASE_PRICE_SAVED,2330.65,,,,,Base price saved for strategy comparison.
38:27.5,AAPL,SIGNAL_CHECK,293.32,293.32,0,NO_SIGNAL,PAPER EVALUATION: no trade signal,
38:27.8,MSFT,SIGNAL_CHECK,415.12,415.12,0,NO_SIGNAL,PAPER EVALUATION: no trade signal,
38:28.1,TSLA,SIGNAL_CHECK,428.35,428.35,0,NO_SIGNAL,PAPER EVALUATION: no trade signal,
38:28.4,NVDA,SIGNAL_CHECK,215.2,215.2,0,NO_SIGNAL,PAPER EVALUATION: no trade signal,
38:28.7,META,SIGNAL_CHECK,609.63,609.63,0,NO_SIGNAL,PAPER EVALUATION: no trade signal,
38:29.0,AMZN,SIGNAL_CHECK,272.68,272.68,0,NO_SIGNAL,PAPER EVALUATION: no trade signal,
38:29.3,GOOGL,SIGNAL_CHECK,400.8,400.8,0,NO_SIGNAL,PAPER EVALUATION: no trade signal,
38:29.6,BTC,SIGNAL_CHECK,80758.99,80753.58,-0.01,NO_SIGNAL,PAPER EVALUATION: no trade signal,
38:29.9,ETH,SIGNAL_CHECK,2330.65,2330.16,-0.02,NO_SIGNAL,PAPER EVALUATION: no trade signal,
39:01.6,AAPL,SIGNAL_CHECK,293.32,293.32,0,NO_SIGNAL,PAPER EVALUATION: no trade signal,
39:01.9,MSFT,SIGNAL_CHECK,415.12,415.12,0,NO_SIGNAL,PAPER EVALUATION: no trade signal,
39:02.2,TSLA,SIGNAL_CHECK,428.35,428.35,0,NO_SIGNAL,PAPER EVALUATION: no trade signal,
39:02.5,NVDA,SIGNAL_CHECK,215.2,215.2,0,NO_SIGNAL,PAPER EVALUATION: no trade signal,
39:02.8,META,SIGNAL_CHECK,609.63,609.63,0,NO_SIGNAL,PAPER EVALUATION: no trade signal,
39:03.1,AMZN,SIGNAL_CHECK,272.68,272.68,0,NO_SIGNAL,PAPER EVALUATION: no trade signal,
39:03.4,GOOGL,SIGNAL_CHECK,400.8,400.8,0,NO_SIGNAL,PAPER EVALUATION: no trade signal,
39:03.8,BTC,SIGNAL_CHECK,80758.99,80744.98,-0.02,NO_SIGNAL,PAPER EVALUATION: no trade signal,
39:04.1,ETH,SIGNAL_CHECK,2330.65,2329.76,-0.04,NO_SIGNAL,PAPER EVALUATION: no trade signal,
39:35.4,AAPL,SIGNAL_CHECK,293.32,293.32,0,NO_SIGNAL,PAPER EVALUATION: no trade signal,
39:35.7,MSFT,SIGNAL_CHECK,415.12,415.12,0,NO_SIGNAL,PAPER EVALUATION: no trade signal,
39:36.0,TSLA,SIGNAL_CHECK,428.35,428.35,0,NO_SIGNAL,PAPER EVALUATION: no trade signal,
39:36.3,NVDA,SIGNAL_CHECK,215.2,215.2,0,NO_SIGNAL,PAPER EVALUATION: no trade signal,
39:36.6,META,SIGNAL_CHECK,609.63,609.63,0,NO_SIGNAL,PAPER EVALUATION: no trade signal,
39:37.0,AMZN,SIGNAL_CHECK,272.68,272.68,0,NO_SIGNAL,PAPER EVALUATION: no trade signal,
39:37.3,GOOGL,SIGNAL_CHECK,400.8,400.8,0,NO_SIGNAL,PAPER EVALUATION: no trade signal,
39:37.6,BTC,SIGNAL_CHECK,80758.99,80744.81,-0.02,NO_SIGNAL,PAPER EVALUATION: no trade signal,
39:37.9,ETH,SIGNAL_CHECK,2330.65,2329.87,-0.03,NO_SIGNAL,PAPER EVALUATION: no trade signal,
40:09.9,AAPL,SIGNAL_CHECK,293.32,293.32,0,NO_SIGNAL,PAPER EVALUATION: no trade signal,
40:10.2,MSFT,SIGNAL_CHECK,415.12,415.12,0,NO_SIGNAL,PAPER EVALUATION: no trade signal,
40:10.5,TSLA,SIGNAL_CHECK,428.35,428.35,0,NO_SIGNAL,PAPER EVALUATION: no trade signal,
40:10.8,NVDA,SIGNAL_CHECK,215.2,215.2,0,NO_SIGNAL,PAPER EVALUATION: no trade signal,
40:11.1,META,SIGNAL_CHECK,609.63,609.63,0,NO_SIGNAL,PAPER EVALUATION: no trade signal,
40:11.4,AMZN,SIGNAL_CHECK,272.68,272.68,0,NO_SIGNAL,PAPER EVALUATION: no trade signal,
40:11.7,GOOGL,SIGNAL_CHECK,400.8,400.8,0,NO_SIGNAL,PAPER EVALUATION: no trade signal,
40:12.0,BTC,SIGNAL_CHECK,80758.99,80744.81,-0.02,NO_SIGNAL,PAPER EVALUATION: no trade signal,
40:12.3,ETH,SIGNAL_CHECK,2330.65,2330.05,-0.03,NO_SIGNAL,PAPER EVALUATION: no trade signal,
40:43.6,AAPL,SIGNAL_CHECK,293.32,293.32,0,NO_SIGNAL,PAPER EVALUATION: no trade signal,
40:43.9,MSFT,SIGNAL_CHECK,415.12,415.12,0,NO_SIGNAL,PAPER EVALUATION: no trade signal,
40:44.2,TSLA,SIGNAL_CHECK,428.35,428.35,0,NO_SIGNAL,PAPER EVALUATION: no trade signal,
40:44.5,NVDA,SIGNAL_CHECK,215.2,215.2,0,NO_SIGNAL,PAPER EVALUATION: no trade signal,
40:44.8,META,SIGNAL_CHECK,609.63,609.63,0,NO_SIGNAL,PAPER EVALUATION: no trade signal,
40:45.1,AMZN,SIGNAL_CHECK,272.68,272.68,0,NO_SIGNAL,PAPER EVALUATION: no trade signal,
40:45.4,GOOGL,SIGNAL_CHECK,400.8,400.8,0,NO_SIGNAL,PAPER EVALUATION: no trade signal,
40:45.7,BTC,SIGNAL_CHECK,80758.99,80744.81,-0.02,NO_SIGNAL,PAPER EVALUATION: no trade signal,
40:46.0,ETH,SIGNAL_CHECK,2330.65,2329.88,-0.03,NO_SIGNAL,PAPER EVALUATION: no trade signal,
41:17.3,AAPL,SIGNAL_CHECK,293.32,293.32,0,NO_SIGNAL,PAPER EVALUATION: no trade signal,
41:17.6,MSFT,SIGNAL_CHECK,415.12,415.12,0,NO_SIGNAL,PAPER EVALUATION: no trade signal,
41:17.9,TSLA,SIGNAL_CHECK,428.35,428.35,0,NO_SIGNAL,PAPER EVALUATION: no trade signal,
41:18.2,NVDA,SIGNAL_CHECK,215.2,215.2,0,NO_SIGNAL,PAPER EVALUATION: no trade signal,
41:18.5,META,SIGNAL_CHECK,609.63,609.63,0,NO_SIGNAL,PAPER EVALUATION: no trade signal,
41:18.8,AMZN,SIGNAL_CHECK,272.68,272.68,0,NO_SIGNAL,PAPER EVALUATION: no trade signal,
41:19.1,GOOGL,SIGNAL_CHECK,400.8,400.8,0,NO_SIGNAL,PAPER EVALUATION: no trade signal,
41:19.4,BTC,SIGNAL_CHECK,80758.99,80744.81,-0.02,NO_SIGNAL,PAPER EVALUATION: no trade signal,
41:19.7,ETH,SIGNAL_CHECK,2330.65,2329.8,-0.04,NO_SIGNAL,PAPER EVALUATION: no trade signal,
41:50.9,AAPL,SIGNAL_CHECK,293.32,293.32,0,NO_SIGNAL,PAPER EVALUATION: no trade signal,
41:51.2,MSFT,SIGNAL_CHECK,415.12,415.12,0,NO_SIGNAL,PAPER EVALUATION: no trade signal,
41:51.5,TSLA,SIGNAL_CHECK,428.35,428.35,0,NO_SIGNAL,PAPER EVALUATION: no trade signal,
41:51.8,NVDA,SIGNAL_CHECK,215.2,215.2,0,NO_SIGNAL,PAPER EVALUATION: no trade signal,
41:52.1,META,SIGNAL_CHECK,609.63,609.63,0,NO_SIGNAL,PAPER EVALUATION: no trade signal,
41:52.4,AMZN,SIGNAL_CHECK,272.68,272.68,0,NO_SIGNAL,PAPER EVALUATION: no trade signal,
41:52.7,GOOGL,SIGNAL_CHECK,400.8,400.8,0,NO_SIGNAL,PAPER EVALUATION: no trade signal,
41:53.0,BTC,SIGNAL_CHECK,80758.99,80758.19,0,NO_SIGNAL,PAPER EVALUATION: no trade signal,
41:53.2,ETH,SIGNAL_CHECK,2330.65,2330.26,-0.02,NO_SIGNAL,PAPER EVALUATION: no trade signal,
42:24.4,AAPL,SIGNAL_CHECK,293.32,293.32,0,NO_SIGNAL,PAPER EVALUATION: no trade signal,
42:24.7,MSFT,SIGNAL_CHECK,415.12,415.12,0,NO_SIGNAL,PAPER EVALUATION: no trade signal,
42:25.0,TSLA,SIGNAL_CHECK,428.35,428.35,0,NO_SIGNAL,PAPER EVALUATION: no trade signal,
42:25.3,NVDA,SIGNAL_CHECK,215.2,215.2,0,NO_SIGNAL,PAPER EVALUATION: no trade signal,
42:25.6,META,SIGNAL_CHECK,609.63,609.63,0,NO_SIGNAL,PAPER EVALUATION: no trade signal,
42:25.9,AMZN,SIGNAL_CHECK,272.68,272.68,0,NO_SIGNAL,PAPER EVALUATION: no trade signal,
42:26.2,GOOGL,SIGNAL_CHECK,400.8,400.8,0,NO_SIGNAL,PAPER EVALUATION: no trade signal,
42:26.6,BTC,SIGNAL_CHECK,80758.99,80762.05,0,POP_FADE,PAPER IDEA: watch for pop-and-fade setup,
42:26.9,ETH,SIGNAL_CHECK,2330.65,2330.65,0,NO_SIGNAL,PAPER EVALUATION: no trade signal,
42:58.0,AAPL,SIGNAL_CHECK,293.32,293.32,0,NO_SIGNAL,PAPER EVALUATION: no trade signal,
42:58.3,MSFT,SIGNAL_CHECK,415.12,415.12,0,NO_SIGNAL,PAPER EVALUATION: no trade signal,
42:58.6,TSLA,SIGNAL_CHECK,428.35,428.35,0,NO_SIGNAL,PAPER EVALUATION: no trade signal,
42:58.9,NVDA,SIGNAL_CHECK,215.2,215.2,0,NO_SIGNAL,PAPER EVALUATION: no trade signal,
42:59.2,META,SIGNAL_CHECK,609.63,609.63,0,NO_SIGNAL,PAPER EVALUATION: no trade signal,
42:59.5,AMZN,SIGNAL_CHECK,272.68,272.68,0,NO_SIGNAL,PAPER EVALUATION: no trade signal,
42:59.8,GOOGL,SIGNAL_CHECK,400.8,400.8,0,NO_SIGNAL,PAPER EVALUATION: no trade signal,
43:00.1,BTC,SIGNAL_CHECK,80758.99,80744.8,-0.02,NO_SIGNAL,PAPER EVALUATION: no trade signal,
43:00.4,ETH,SIGNAL_CHECK,2330.65,2329.81,-0.04,NO_SIGNAL,PAPER EVALUATION: no trade signal,
43:31.6,AAPL,SIGNAL_CHECK,293.32,293.32,0,NO_SIGNAL,PAPER EVALUATION: no trade signal,
43:31.9,MSFT,SIGNAL_CHECK,415.12,415.12,0,NO_SIGNAL,PAPER EVALUATION: no trade signal,
43:32.2,TSLA,SIGNAL_CHECK,428.35,428.35,0,NO_SIGNAL,PAPER EVALUATION: no trade signal,
43:32.5,NVDA,SIGNAL_CHECK,215.2,215.2,0,NO_SIGNAL,PAPER EVALUATION: no trade signal,
43:32.8,META,SIGNAL_CHECK,609.63,609.63,0,NO_SIGNAL,PAPER EVALUATION: no trade signal,
43:33.1,AMZN,SIGNAL_CHECK,272.68,272.68,0,NO_SIGNAL,PAPER EVALUATION: no trade signal,
43:33.4,GOOGL,SIGNAL_CHECK,400.8,400.8,0,NO_SIGNAL,PAPER EVALUATION: no trade signal,
43:33.7,BTC,SIGNAL_CHECK,80758.99,80740,-0.02,NO_SIGNAL,PAPER EVALUATION: no trade signal,
43:34.0,ETH,SIGNAL_CHECK,2330.65,2329.66,-0.04,NO_SIGNAL,PAPER EVALUATION: no trade signal,
44:05.2,AAPL,SIGNAL_CHECK,293.32,293.32,0,NO_SIGNAL,PAPER EVALUATION: no trade signal,
44:05.5,MSFT,SIGNAL_CHECK,415.12,415.12,0,NO_SIGNAL,PAPER EVALUATION: no trade signal,
44:05.8,TSLA,SIGNAL_CHECK,428.35,428.35,0,NO_SIGNAL,PAPER EVALUATION: no trade signal,
44:06.1,NVDA,SIGNAL_CHECK,215.2,215.2,0,NO_SIGNAL,PAPER EVALUATION: no trade signal,
44:06.3,META,SIGNAL_CHECK,609.63,609.63,0,NO_SIGNAL,PAPER EVALUATION: no trade signal,
44:06.6,AMZN,SIGNAL_CHECK,272.68,272.68,0,NO_SIGNAL,PAPER EVALUATION: no trade signal,
44:06.9,GOOGL,SIGNAL_CHECK,400.8,400.8,0,NO_SIGNAL,PAPER EVALUATION: no trade signal,
44:07.2,BTC,SIGNAL_CHECK,80758.99,80735.61,-0.03,NO_SIGNAL,PAPER EVALUATION: no trade signal,
44:07.5,ETH,SIGNAL_CHECK,2330.65,2329.76,-0.04,NO_SIGNAL,PAPER EVALUATION: no trade signal,
44:39.1,AAPL,SIGNAL_CHECK,293.32,293.32,0,NO_SIGNAL,PAPER EVALUATION: no trade signal,
44:39.4,MSFT,SIGNAL_CHECK,415.12,415.12,0,NO_SIGNAL,PAPER EVALUATION: no trade signal,
44:39.7,TSLA,SIGNAL_CHECK,428.35,428.35,0,NO_SIGNAL,PAPER EVALUATION: no trade signal,
44:40.0,NVDA,SIGNAL_CHECK,215.2,215.2,0,NO_SIGNAL,PAPER EVALUATION: no trade signal,
44:40.3,META,SIGNAL_CHECK,609.63,609.63,0,NO_SIGNAL,PAPER EVALUATION: no trade signal,
44:40.5,AMZN,SIGNAL_CHECK,272.68,272.68,0,NO_SIGNAL,PAPER EVALUATION: no trade signal,
44:40.8,GOOGL,SIGNAL_CHECK,400.8,400.8,0,NO_SIGNAL,PAPER EVALUATION: no trade signal,
44:41.1,BTC,SIGNAL_CHECK,80758.99,80747.4,-0.01,NO_SIGNAL,PAPER EVALUATION: no trade signal,
44:41.4,ETH,SIGNAL_CHECK,2330.65,2329.97,-0.03,NO_SIGNAL,PAPER EVALUATION: no trade signal,
45:37.0,AAPL,BASE_PRICE_SAVED,293.32,,,,,Base price saved for strategy comparison.
45:37.3,MSFT,BASE_PRICE_SAVED,415.12,,,,,Base price saved for strategy comparison.
45:37.6,TSLA,BASE_PRICE_SAVED,428.35,,,,,Base price saved for strategy comparison.
45:37.9,NVDA,BASE_PRICE_SAVED,215.2,,,,,Base price saved for strategy comparison.
45:38.2,META,BASE_PRICE_SAVED,609.63,,,,,Base price saved for strategy comparison.
45:38.4,AMZN,BASE_PRICE_SAVED,272.68,,,,,Base price saved for strategy comparison.
45:38.7,GOOGL,BASE_PRICE_SAVED,400.8,,,,,Base price saved for strategy comparison.
45:39.0,BTC,BASE_PRICE_SAVED,80753.17,,,,,Base price saved for strategy comparison.
45:39.3,ETH,BASE_PRICE_SAVED,2330.21,,,,,Base price saved for strategy comparison.
46:09.6,AAPL,SIGNAL_CHECK,293.32,293.32,0,NO_SIGNAL,PAPER EVALUATION: no trade signal,
46:09.9,MSFT,SIGNAL_CHECK,415.12,415.12,0,NO_SIGNAL,PAPER EVALUATION: no trade signal,
46:10.2,TSLA,SIGNAL_CHECK,428.35,428.35,0,NO_SIGNAL,PAPER EVALUATION: no trade signal,
46:10.5,NVDA,SIGNAL_CHECK,215.2,215.2,0,NO_SIGNAL,PAPER EVALUATION: no trade signal,
46:10.8,META,SIGNAL_CHECK,609.63,609.63,0,NO_SIGNAL,PAPER EVALUATION: no trade signal,
46:11.2,AMZN,SIGNAL_CHECK,272.68,272.68,0,NO_SIGNAL,PAPER EVALUATION: no trade signal,
46:11.5,GOOGL,SIGNAL_CHECK,400.8,400.8,0,NO_SIGNAL,PAPER EVALUATION: no trade signal,
46:11.8,BTC,SIGNAL_CHECK,80753.17,80759.78,0.01,POP_FADE,PAPER IDEA: watch for pop-and-fade setup,
46:12.1,ETH,SIGNAL_CHECK,2330.21,2330.57,0.02,POP_FADE,PAPER IDEA: watch for pop-and-fade setup,
46:42.4,AAPL,SIGNAL_CHECK,293.32,293.32,0,NO_SIGNAL,PAPER EVALUATION: no trade signal,
46:42.7,MSFT,SIGNAL_CHECK,415.12,415.12,0,NO_SIGNAL,PAPER EVALUATION: no trade signal,
46:43.0,TSLA,SIGNAL_CHECK,428.35,428.35,0,NO_SIGNAL,PAPER EVALUATION: no trade signal,
46:43.3,NVDA,SIGNAL_CHECK,215.2,215.2,0,NO_SIGNAL,PAPER EVALUATION: no trade signal,
46:43.6,META,SIGNAL_CHECK,609.63,609.63,0,NO_SIGNAL,PAPER EVALUATION: no trade signal,
46:43.9,AMZN,SIGNAL_CHECK,272.68,272.68,0,NO_SIGNAL,PAPER EVALUATION: no trade signal,
46:44.2,GOOGL,SIGNAL_CHECK,400.8,400.8,0,NO_SIGNAL,PAPER EVALUATION: no trade signal,
46:44.4,BTC,SIGNAL_CHECK,80753.17,80771.67,0.02,POP_FADE,PAPER IDEA: watch for pop-and-fade setup,
46:44.7,ETH,SIGNAL_CHECK,2330.21,2331.62,0.06,POP_FADE,PAPER IDEA: watch for pop-and-fade setup,
47:15.0,AAPL,SIGNAL_CHECK,293.32,293.32,0,NO_SIGNAL,PAPER EVALUATION: no trade signal,
47:15.4,MSFT,SIGNAL_CHECK,415.12,415.12,0,NO_SIGNAL,PAPER EVALUATION: no trade signal,
47:15.7,TSLA,SIGNAL_CHECK,428.35,428.35,0,NO_SIGNAL,PAPER EVALUATION: no trade signal,
47:16.0,NVDA,SIGNAL_CHECK,215.2,215.2,0,NO_SIGNAL,PAPER EVALUATION: no trade signal,
47:16.3,META,SIGNAL_CHECK,609.63,609.63,0,NO_SIGNAL,PAPER EVALUATION: no trade signal,
47:16.5,AMZN,SIGNAL_CHECK,272.68,272.68,0,NO_SIGNAL,PAPER EVALUATION: no trade signal,
47:16.8,GOOGL,SIGNAL_CHECK,400.8,400.8,0,NO_SIGNAL,PAPER EVALUATION: no trade signal,
47:17.1,BTC,SIGNAL_CHECK,80753.17,80771.68,0.02,POP_FADE,PAPER IDEA: watch for pop-and-fade setup,
47:17.4,ETH,SIGNAL_CHECK,2330.21,2331.54,0.06,POP_FADE,PAPER IDEA: watch for pop-and-fade setup,
47:47.7,AAPL,SIGNAL_CHECK,293.32,293.32,0,NO_SIGNAL,PAPER EVALUATION: no trade signal,
47:48.0,MSFT,SIGNAL_CHECK,415.12,415.12,0,NO_SIGNAL,PAPER EVALUATION: no trade signal,
47:48.3,TSLA,SIGNAL_CHECK,428.35,428.35,0,NO_SIGNAL,PAPER EVALUATION: no trade signal,
47:48.6,NVDA,SIGNAL_CHECK,215.2,215.2,0,NO_SIGNAL,PAPER EVALUATION: no trade signal,
47:48.9,META,SIGNAL_CHECK,609.63,609.63,0,NO_SIGNAL,PAPER EVALUATION: no trade signal,
47:49.2,AMZN,SIGNAL_CHECK,272.68,272.68,0,NO_SIGNAL,PAPER EVALUATION: no trade signal,
47:49.5,GOOGL,SIGNAL_CHECK,400.8,400.8,0,NO_SIGNAL,PAPER EVALUATION: no trade signal,
47:49.8,BTC,SIGNAL_CHECK,80753.17,80771.68,0.02,POP_FADE,PAPER IDEA: watch for pop-and-fade setup,
47:50.1,ETH,SIGNAL_CHECK,2330.21,2331.59,0.06,POP_FADE,PAPER IDEA: watch for pop-and-fade setup,
48:20.4,AAPL,SIGNAL_CHECK,293.32,293.32,0,NO_SIGNAL,PAPER EVALUATION: no trade signal,
48:20.7,MSFT,SIGNAL_CHECK,415.12,415.12,0,NO_SIGNAL,PAPER EVALUATION: no trade signal,
48:21.0,TSLA,SIGNAL_CHECK,428.35,428.35,0,NO_SIGNAL,PAPER EVALUATION: no trade signal,
48:21.3,NVDA,SIGNAL_CHECK,215.2,215.2,0,NO_SIGNAL,PAPER EVALUATION: no trade signal,
48:21.6,META,SIGNAL_CHECK,609.63,609.63,0,NO_SIGNAL,PAPER EVALUATION: no trade signal,
48:21.9,AMZN,SIGNAL_CHECK,272.68,272.68,0,NO_SIGNAL,PAPER EVALUATION: no trade signal,
48:22.2,GOOGL,SIGNAL_CHECK,400.8,400.8,0,NO_SIGNAL,PAPER EVALUATION: no trade signal,
48:22.4,BTC,SIGNAL_CHECK,80753.17,80786,0.04,POP_FADE,PAPER IDEA: watch for pop-and-fade setup,
48:22.7,ETH,SIGNAL_CHECK,2330.21,2331.81,0.07,POP_FADE,PAPER IDEA: watch for pop-and-fade setup,
48:53.0,AAPL,SIGNAL_CHECK,293.32,293.32,0,NO_SIGNAL,PAPER EVALUATION: no trade signal,
48:53.3,MSFT,SIGNAL_CHECK,415.12,415.12,0,NO_SIGNAL,PAPER EVALUATION: no trade signal,
48:53.6,TSLA,SIGNAL_CHECK,428.35,428.35,0,NO_SIGNAL,PAPER EVALUATION: no trade signal,
48:53.9,NVDA,SIGNAL_CHECK,215.2,215.2,0,NO_SIGNAL,PAPER EVALUATION: no trade signal,
48:54.2,META,SIGNAL_CHECK,609.63,609.63,0,NO_SIGNAL,PAPER EVALUATION: no trade signal,
48:54.5,AMZN,SIGNAL_CHECK,272.68,272.68,0,NO_SIGNAL,PAPER EVALUATION: no trade signal,
48:54.8,GOOGL,SIGNAL_CHECK,400.8,400.8,0,NO_SIGNAL,PAPER EVALUATION: no trade signal,
48:55.1,BTC,SIGNAL_CHECK,80753.17,80786.01,0.04,POP_FADE,PAPER IDEA: watch for pop-and-fade setup,
48:55.4,ETH,SIGNAL_CHECK,2330.21,2331.82,0.07,POP_FADE,PAPER IDEA: watch for pop-and-fade setup,
49:25.7,AAPL,SIGNAL_CHECK,293.32,293.32,0,NO_SIGNAL,PAPER EVALUATION: no trade signal,
49:26.0,MSFT,SIGNAL_CHECK,415.12,415.12,0,NO_SIGNAL,PAPER EVALUATION: no trade signal,
49:26.3,TSLA,SIGNAL_CHECK,428.35,428.35,0,NO_SIGNAL,PAPER EVALUATION: no trade signal,
49:26.6,NVDA,SIGNAL_CHECK,215.2,215.2,0,NO_SIGNAL,PAPER EVALUATION: no trade signal,
49:26.9,META,SIGNAL_CHECK,609.63,609.63,0,NO_SIGNAL,PAPER EVALUATION: no trade signal,
49:27.2,AMZN,SIGNAL_CHECK,272.68,272.68,0,NO_SIGNAL,PAPER EVALUATION: no trade signal,
49:27.5,GOOGL,SIGNAL_CHECK,400.8,400.8,0,NO_SIGNAL,PAPER EVALUATION: no trade signal,
49:27.8,BTC,SIGNAL_CHECK,80753.17,80773.69,0.03,POP_FADE,PAPER IDEA: watch for pop-and-fade setup,
49:28.1,ETH,SIGNAL_CHECK,2330.21,2331.22,0.04,POP_FADE,PAPER IDEA: watch for pop-and-fade setup,
50:00.3,AAPL,BASE_PRICE_SAVED,293.32,,,,,Base price saved for strategy comparison.
50:00.6,MSFT,BASE_PRICE_SAVED,415.12,,,,,Base price saved for strategy comparison.
50:00.9,TSLA,BASE_PRICE_SAVED,428.35,,,,,Base price saved for strategy comparison.
50:01.2,NVDA,BASE_PRICE_SAVED,215.2,,,,,Base price saved for strategy comparison.
50:01.5,META,BASE_PRICE_SAVED,609.63,,,,,Base price saved for strategy comparison.
50:01.8,AMZN,BASE_PRICE_SAVED,272.68,,,,,Base price saved for strategy comparison.
50:02.1,GOOGL,BASE_PRICE_SAVED,400.8,,,,,Base price saved for strategy comparison.
50:02.4,BTC,BASE_PRICE_SAVED,80773.69,,,,,Base price saved for strategy comparison.
50:02.7,ETH,BASE_PRICE_SAVED,2331.23,,,,,Base price saved for strategy comparison.
50:34.2,AAPL,SIGNAL_CHECK,293.32,293.32,0,NO_SIGNAL,PAPER EVALUATION: no trade signal,
50:34.5,MSFT,SIGNAL_CHECK,415.12,415.12,0,NO_SIGNAL,PAPER EVALUATION: no trade signal,
50:34.8,TSLA,SIGNAL_CHECK,428.35,428.35,0,NO_SIGNAL,PAPER EVALUATION: no trade signal,
50:35.1,NVDA,SIGNAL_CHECK,215.2,215.2,0,NO_SIGNAL,PAPER EVALUATION: no trade signal,
50:35.4,META,SIGNAL_CHECK,609.63,609.63,0,NO_SIGNAL,PAPER EVALUATION: no trade signal,
50:35.7,AMZN,SIGNAL_CHECK,272.68,272.68,0,NO_SIGNAL,PAPER EVALUATION: no trade signal,
50:36.0,GOOGL,SIGNAL_CHECK,400.8,400.8,0,NO_SIGNAL,PAPER EVALUATION: no trade signal,
50:36.3,BTC,SIGNAL_CHECK,80773.69,80773.68,0,NO_SIGNAL,PAPER EVALUATION: no trade signal,
50:36.6,ETH,SIGNAL_CHECK,2331.23,2331.36,0.01,POP_FADE,PAPER IDEA: watch for pop-and-fade setup,
51:07.7,AAPL,SIGNAL_CHECK,293.32,293.32,0,NO_SIGNAL,PAPER EVALUATION: no trade signal,
51:08.0,MSFT,SIGNAL_CHECK,415.12,415.12,0,NO_SIGNAL,PAPER EVALUATION: no trade signal,
51:08.3,TSLA,SIGNAL_CHECK,428.35,428.35,0,NO_SIGNAL,PAPER EVALUATION: no trade signal,
51:08.6,NVDA,SIGNAL_CHECK,215.2,215.2,0,NO_SIGNAL,PAPER EVALUATION: no trade signal,
51:08.9,META,SIGNAL_CHECK,609.63,609.63,0,NO_SIGNAL,PAPER EVALUATION: no trade signal,
51:09.2,AMZN,SIGNAL_CHECK,272.68,272.68,0,NO_SIGNAL,PAPER EVALUATION: no trade signal,
51:09.5,GOOGL,SIGNAL_CHECK,400.8,400.8,0,NO_SIGNAL,PAPER EVALUATION: no trade signal,
51:09.8,BTC,SIGNAL_CHECK,80773.69,80773.69,0,NO_SIGNAL,PAPER EVALUATION: no trade signal,
51:10.1,ETH,SIGNAL_CHECK,2331.23,2331.47,0.01,POP_FADE,PAPER IDEA: watch for pop-and-fade setup,
51:41.2,AAPL,SIGNAL_CHECK,293.32,293.32,0,NO_SIGNAL,PAPER EVALUATION: no trade signal,
51:41.5,MSFT,SIGNAL_CHECK,415.12,415.12,0,NO_SIGNAL,PAPER EVALUATION: no trade signal,
51:41.8,TSLA,SIGNAL_CHECK,428.35,428.35,0,NO_SIGNAL,PAPER EVALUATION: no trade signal,
51:42.1,NVDA,SIGNAL_CHECK,215.2,215.2,0,NO_SIGNAL,PAPER EVALUATION: no trade signal,
51:42.4,META,SIGNAL_CHECK,609.63,609.63,0,NO_SIGNAL,PAPER EVALUATION: no trade signal,
51:42.7,AMZN,SIGNAL_CHECK,272.68,272.68,0,NO_SIGNAL,PAPER EVALUATION: no trade signal,
51:43.0,GOOGL,SIGNAL_CHECK,400.8,400.8,0,NO_SIGNAL,PAPER EVALUATION: no trade signal,
51:43.3,BTC,SIGNAL_CHECK,80773.69,80773.69,0,NO_SIGNAL,PAPER EVALUATION: no trade signal,
51:43.6,ETH,SIGNAL_CHECK,2331.23,2331.66,0.02,POP_FADE,PAPER IDEA: watch for pop-and-fade setup,
52:15.1,AAPL,SIGNAL_CHECK,293.32,293.32,0,NO_SIGNAL,PAPER EVALUATION: no trade signal,
52:15.4,MSFT,SIGNAL_CHECK,415.12,415.12,0,NO_SIGNAL,PAPER EVALUATION: no trade signal,
52:15.8,TSLA,SIGNAL_CHECK,428.35,428.35,0,NO_SIGNAL,PAPER EVALUATION: no trade signal,
52:16.0,NVDA,SIGNAL_CHECK,215.2,215.2,0,NO_SIGNAL,PAPER EVALUATION: no trade signal,
52:16.3,META,SIGNAL_CHECK,609.63,609.63,0,NO_SIGNAL,PAPER EVALUATION: no trade signal,
52:16.6,AMZN,SIGNAL_CHECK,272.68,272.68,0,NO_SIGNAL,PAPER EVALUATION: no trade signal,
52:16.9,GOOGL,SIGNAL_CHECK,400.8,400.8,0,NO_SIGNAL,PAPER EVALUATION: no trade signal,
52:17.2,BTC,SIGNAL_CHECK,80773.69,80756.49,-0.02,NO_SIGNAL,PAPER EVALUATION: no trade signal,
52:17.5,ETH,SIGNAL_CHECK,2331.23,2331.36,0.01,POP_FADE,PAPER IDEA: watch for pop-and-fade setup,
52:48.8,AAPL,SIGNAL_CHECK,293.32,293.32,0,NO_SIGNAL,PAPER EVALUATION: no trade signal,
52:49.1,MSFT,SIGNAL_CHECK,415.12,415.12,0,NO_SIGNAL,PAPER EVALUATION: no trade signal,
52:49.4,TSLA,SIGNAL_CHECK,428.35,428.35,0,NO_SIGNAL,PAPER EVALUATION: no trade signal,
52:49.7,NVDA,SIGNAL_CHECK,215.2,215.2,0,NO_SIGNAL,PAPER EVALUATION: no trade signal,
52:50.0,META,SIGNAL_CHECK,609.63,609.63,0,NO_SIGNAL,PAPER EVALUATION: no trade signal,
52:50.3,AMZN,SIGNAL_CHECK,272.68,272.68,0,NO_SIGNAL,PAPER EVALUATION: no trade signal,
52:50.6,GOOGL,SIGNAL_CHECK,400.8,400.8,0,NO_SIGNAL,PAPER EVALUATION: no trade signal,
52:50.9,BTC,SIGNAL_CHECK,80773.69,80756.49,-0.02,NO_SIGNAL,PAPER EVALUATION: no trade signal,
52:51.2,ETH,SIGNAL_CHECK,2331.23,2331.21,0,NO_SIGNAL,PAPER EVALUATION: no trade signal,
53:22.5,AAPL,SIGNAL_CHECK,293.32,293.32,0,NO_SIGNAL,PAPER EVALUATION: no trade signal,
53:22.8,MSFT,SIGNAL_CHECK,415.12,415.12,0,NO_SIGNAL,PAPER EVALUATION: no trade signal,
53:23.1,TSLA,SIGNAL_CHECK,428.35,428.35,0,NO_SIGNAL,PAPER EVALUATION: no trade signal,
53:23.4,NVDA,SIGNAL_CHECK,215.2,215.2,0,NO_SIGNAL,PAPER EVALUATION: no trade signal,
53:23.7,META,SIGNAL_CHECK,609.63,609.63,0,NO_SIGNAL,PAPER EVALUATION: no trade signal,
53:24.0,AMZN,SIGNAL_CHECK,272.68,272.68,0,NO_SIGNAL,PAPER EVALUATION: no trade signal,
53:24.4,GOOGL,SIGNAL_CHECK,400.8,400.8,0,NO_SIGNAL,PAPER EVALUATION: no trade signal,
53:24.7,BTC,SIGNAL_CHECK,80773.69,80761.35,-0.02,NO_SIGNAL,PAPER EVALUATION: no trade signal,
53:25.0,ETH,SIGNAL_CHECK,2331.23,2330.87,-0.02,NO_SIGNAL,PAPER EVALUATION: no trade signal,
55:02.8,AAPL,BASE_PRICE_SAVED,293.32,,,,,Base price saved for strategy comparison.
55:03.1,MSFT,BASE_PRICE_SAVED,415.12,,,,,Base price saved for strategy comparison.
55:03.5,TSLA,BASE_PRICE_SAVED,428.35,,,,,Base price saved for strategy comparison.
55:03.8,NVDA,BASE_PRICE_SAVED,215.2,,,,,Base price saved for strategy comparison.
55:04.1,META,BASE_PRICE_SAVED,609.63,,,,,Base price saved for strategy comparison.
55:04.3,AMZN,BASE_PRICE_SAVED,272.68,,,,,Base price saved for strategy comparison.
55:04.7,GOOGL,BASE_PRICE_SAVED,400.8,,,,,Base price saved for strategy comparison.
55:05.0,BTC,BASE_PRICE_SAVED,80772.89,,,,,Base price saved for strategy comparison.
55:05.3,ETH,BASE_PRICE_SAVED,2331.05,,,,,Base price saved for strategy comparison.
55:35.6,AAPL,SIGNAL_CHECK,293.32,293.32,0,NO_SIGNAL,PAPER EVALUATION: no trade signal,
55:35.8,MSFT,SIGNAL_CHECK,415.12,415.12,0,NO_SIGNAL,PAPER EVALUATION: no trade signal,
55:36.1,TSLA,SIGNAL_CHECK,428.35,428.35,0,NO_SIGNAL,PAPER EVALUATION: no trade signal,
55:36.4,NVDA,SIGNAL_CHECK,215.2,215.2,0,NO_SIGNAL,PAPER EVALUATION: no trade signal,
55:36.7,META,SIGNAL_CHECK,609.63,609.63,0,NO_SIGNAL,PAPER EVALUATION: no trade signal,
55:37.0,AMZN,SIGNAL_CHECK,272.68,272.68,0,NO_SIGNAL,PAPER EVALUATION: no trade signal,
55:37.3,GOOGL,SIGNAL_CHECK,400.8,400.8,0,NO_SIGNAL,PAPER EVALUATION: no trade signal,
55:37.6,BTC,SIGNAL_CHECK,80772.89,80772.89,0,NO_SIGNAL,PAPER EVALUATION: no trade signal,
55:37.9,ETH,SIGNAL_CHECK,2331.05,2331.17,0.01,POP_FADE,PAPER IDEA: watch for pop-and-fade setup (Low confidence: 50.0%),
56:08.2,AAPL,SIGNAL_CHECK,293.32,293.32,0,NO_SIGNAL,PAPER EVALUATION: no trade signal,
56:08.5,MSFT,SIGNAL_CHECK,415.12,415.12,0,NO_SIGNAL,PAPER EVALUATION: no trade signal,
56:08.8,TSLA,SIGNAL_CHECK,428.35,428.35,0,NO_SIGNAL,PAPER EVALUATION: no trade signal,
56:09.1,NVDA,SIGNAL_CHECK,215.2,215.2,0,NO_SIGNAL,PAPER EVALUATION: no trade signal,
56:09.4,META,SIGNAL_CHECK,609.63,609.63,0,NO_SIGNAL,PAPER EVALUATION: no trade signal,
56:09.7,AMZN,SIGNAL_CHECK,272.68,272.68,0,NO_SIGNAL,PAPER EVALUATION: no trade signal,
56:10.1,GOOGL,SIGNAL_CHECK,400.8,400.8,0,NO_SIGNAL,PAPER EVALUATION: no trade signal,
56:10.3,BTC,SIGNAL_CHECK,80772.89,80772.9,0,POP_FADE,PAPER IDEA: watch for pop-and-fade setup (Low confidence: 50.0%),
56:10.6,ETH,SIGNAL_CHECK,2331.05,2331.06,0,POP_FADE,PAPER IDEA: watch for pop-and-fade setup (Low confidence: 50.0%),
56:40.9,AAPL,SIGNAL_CHECK,293.32,293.32,0,NO_SIGNAL,PAPER EVALUATION: no trade signal,
56:41.2,MSFT,SIGNAL_CHECK,415.12,415.12,0,NO_SIGNAL,PAPER EVALUATION: no trade signal,
56:41.5,TSLA,SIGNAL_CHECK,428.35,428.35,0,NO_SIGNAL,PAPER EVALUATION: no trade signal,
56:41.8,NVDA,SIGNAL_CHECK,215.2,215.2,0,NO_SIGNAL,PAPER EVALUATION: no trade signal,
56:42.1,META,SIGNAL_CHECK,609.63,609.63,0,NO_SIGNAL,PAPER EVALUATION: no trade signal,
56:42.4,AMZN,SIGNAL_CHECK,272.68,272.68,0,NO_SIGNAL,PAPER EVALUATION: no trade signal,
56:42.7,GOOGL,SIGNAL_CHECK,400.8,400.8,0,NO_SIGNAL,PAPER EVALUATION: no trade signal,
56:43.0,BTC,SIGNAL_CHECK,80772.89,80772.9,0,POP_FADE,PAPER IDEA: watch for pop-and-fade setup (Low confidence: 50.0%),
56:43.3,ETH,SIGNAL_CHECK,2331.05,2331.06,0,POP_FADE,PAPER IDEA: watch for pop-and-fade setup (Low confidence: 50.0%),
57:13.6,AAPL,SIGNAL_CHECK,293.32,293.32,0,NO_SIGNAL,PAPER EVALUATION: no trade signal,
57:13.9,MSFT,SIGNAL_CHECK,415.12,415.12,0,NO_SIGNAL,PAPER EVALUATION: no trade signal,
57:14.2,TSLA,SIGNAL_CHECK,428.35,428.35,0,NO_SIGNAL,PAPER EVALUATION: no trade signal,
57:14.4,NVDA,SIGNAL_CHECK,215.2,215.2,0,NO_SIGNAL,PAPER EVALUATION: no trade signal,
57:14.7,META,SIGNAL_CHECK,609.63,609.63,0,NO_SIGNAL,PAPER EVALUATION: no trade signal,
57:15.0,AMZN,SIGNAL_CHECK,272.68,272.68,0,NO_SIGNAL,PAPER EVALUATION: no trade signal,
57:15.3,GOOGL,SIGNAL_CHECK,400.8,400.8,0,NO_SIGNAL,PAPER EVALUATION: no trade signal,
57:15.7,BTC,SIGNAL_CHECK,80772.89,80772.9,0,POP_FADE,PAPER IDEA: watch for pop-and-fade setup (Low confidence: 50.0%),
57:16.0,ETH,SIGNAL_CHECK,2331.05,2331.05,0,NO_SIGNAL,PAPER EVALUATION: no trade signal,
57:18.4,AAPL,BASE_PRICE_SAVED,293.32,,,,,Base price saved for strategy comparison.
57:18.7,MSFT,BASE_PRICE_SAVED,415.12,,,,,Base price saved for strategy comparison.
57:19.0,TSLA,BASE_PRICE_SAVED,428.35,,,,,Base price saved for strategy comparison.
57:19.3,NVDA,BASE_PRICE_SAVED,215.2,,,,,Base price saved for strategy comparison.
57:19.6,META,BASE_PRICE_SAVED,609.63,,,,,Base price saved for strategy comparison.
57:19.9,AMZN,BASE_PRICE_SAVED,272.68,,,,,Base price saved for strategy comparison.
57:20.2,GOOGL,BASE_PRICE_SAVED,400.8,,,,,Base price saved for strategy comparison.
57:20.5,BTC,BASE_PRICE_SAVED,80772.9,,,,,Base price saved for strategy comparison.
57:20.8,ETH,BASE_PRICE_SAVED,2331.05,,,,,Base price saved for strategy comparison.
57:50.6,AAPL,BASE_PRICE_SAVED,293.32,,,,,Base price saved for strategy comparison.
57:50.9,MSFT,BASE_PRICE_SAVED,415.12,,,,,Base price saved for strategy comparison.
57:51.1,TSLA,BASE_PRICE_SAVED,428.35,,,,,Base price saved for strategy comparison.
57:51.4,NVDA,BASE_PRICE_SAVED,215.2,,,,,Base price saved for strategy comparison.
57:51.7,META,BASE_PRICE_SAVED,609.63,,,,,Base price saved for strategy comparison.
57:51.9,AAPL,SIGNAL_CHECK,293.32,293.32,0,NO_SIGNAL,PAPER EVALUATION: no trade signal,
57:52.0,AMZN,BASE_PRICE_SAVED,272.68,,,,,Base price saved for strategy comparison.
57:52.3,MSFT,SIGNAL_CHECK,415.12,415.12,0,NO_SIGNAL,PAPER EVALUATION: no trade signal,
57:52.3,GOOGL,BASE_PRICE_SAVED,400.8,,,,,Base price saved for strategy comparison.
57:52.6,TSLA,SIGNAL_CHECK,428.35,428.35,0,NO_SIGNAL,PAPER EVALUATION: no trade signal,
57:52.7,BTC,BASE_PRICE_SAVED,80772.89,,,,,Base price saved for strategy comparison.
57:52.9,NVDA,SIGNAL_CHECK,215.2,215.2,0,NO_SIGNAL,PAPER EVALUATION: no trade signal,
57:52.9,ETH,BASE_PRICE_SAVED,2331.05,,,,,Base price saved for strategy comparison.
57:53.2,META,SIGNAL_CHECK,609.63,609.63,0,NO_SIGNAL,PAPER EVALUATION: no trade signal,
57:53.4,AMZN,SIGNAL_CHECK,272.68,272.68,0,NO_SIGNAL,PAPER EVALUATION: no trade signal,
57:53.7,GOOGL,SIGNAL_CHECK,400.8,400.8,0,NO_SIGNAL,PAPER EVALUATION: no trade signal,
57:54.0,BTC,SIGNAL_CHECK,80772.9,80772.89,0,NO_SIGNAL,PAPER EVALUATION: no trade signal,
57:54.4,ETH,SIGNAL_CHECK,2331.05,2331.05,0,NO_SIGNAL,PAPER EVALUATION: no trade signal,
58:25.0,AAPL,SIGNAL_CHECK,293.32,293.32,0,NO_SIGNAL,PAPER EVALUATION: no trade signal,
58:25.3,MSFT,SIGNAL_CHECK,415.12,415.12,0,NO_SIGNAL,PAPER EVALUATION: no trade signal,
58:25.6,TSLA,SIGNAL_CHECK,428.35,428.35,0,NO_SIGNAL,PAPER EVALUATION: no trade signal,
58:25.9,NVDA,SIGNAL_CHECK,215.2,215.2,0,NO_SIGNAL,PAPER EVALUATION: no trade signal,
58:26.3,META,SIGNAL_CHECK,609.63,609.63,0,NO_SIGNAL,PAPER EVALUATION: no trade signal,
58:26.7,AMZN,SIGNAL_CHECK,272.68,272.68,0,NO_SIGNAL,PAPER EVALUATION: no trade signal,
58:27.1,GOOGL,SIGNAL_CHECK,400.8,400.8,0,NO_SIGNAL,PAPER EVALUATION: no trade signal,
58:27.9,BTC,SIGNAL_CHECK,80772.89,80781.15,0.01,POP_FADE,PAPER IDEA: watch for pop-and-fade setup (Low confidence: 50.0%),
58:28.1,ETH,SIGNAL_CHECK,2331.05,2331.1,0,POP_FADE,PAPER IDEA: watch for pop-and-fade setup (Low confidence: 50.0%),
58:59.7,AAPL,SIGNAL_CHECK,293.32,293.32,0,NO_SIGNAL,PAPER EVALUATION: no trade signal,
59:00.0,MSFT,SIGNAL_CHECK,415.12,415.12,0,NO_SIGNAL,PAPER EVALUATION: no trade signal,
59:00.3,TSLA,SIGNAL_CHECK,428.35,428.35,0,NO_SIGNAL,PAPER EVALUATION: no trade signal,
59:00.6,NVDA,SIGNAL_CHECK,215.2,215.2,0,NO_SIGNAL,PAPER EVALUATION: no trade signal,
59:00.9,META,SIGNAL_CHECK,609.63,609.63,0,NO_SIGNAL,PAPER EVALUATION: no trade signal,
59:01.2,AMZN,SIGNAL_CHECK,272.68,272.68,0,NO_SIGNAL,PAPER EVALUATION: no trade signal,
59:01.5,GOOGL,SIGNAL_CHECK,400.8,400.8,0,NO_SIGNAL,PAPER EVALUATION: no trade signal,
59:01.8,BTC,SIGNAL_CHECK,80772.89,80781.16,0.01,POP_FADE,PAPER IDEA: watch for pop-and-fade setup (Low confidence: 50.0%),
59:02.1,ETH,SIGNAL_CHECK,2331.05,2331.1,0,POP_FADE,PAPER IDEA: watch for pop-and-fade setup (Low confidence: 50.0%),
59:18.5,AAPL,BASE_PRICE_SAVED,293.32,,,,,Base price saved for strategy comparison.
59:18.8,MSFT,BASE_PRICE_SAVED,415.12,,,,,Base price saved for strategy comparison.
59:19.1,TSLA,BASE_PRICE_SAVED,428.35,,,,,Base price saved for strategy comparison.
59:19.4,NVDA,BASE_PRICE_SAVED,215.2,,,,,Base price saved for strategy comparison.
59:19.7,META,BASE_PRICE_SAVED,609.63,,,,,Base price saved for strategy comparison.
59:19.9,AMZN,BASE_PRICE_SAVED,272.68,,,,,Base price saved for strategy comparison.
59:20.2,GOOGL,BASE_PRICE_SAVED,400.8,,,,,Base price saved for strategy comparison.
59:20.5,BTC,BASE_PRICE_SAVED,80781.16,,,,,Base price saved for strategy comparison.
59:20.8,ETH,BASE_PRICE_SAVED,2331.1,,,,,Base price saved for strategy comparison.
59:52.1,AAPL,SIGNAL_CHECK,293.32,293.32,0,NO_SIGNAL,PAPER EVALUATION: no trade signal,
59:52.4,MSFT,SIGNAL_CHECK,415.12,415.12,0,NO_SIGNAL,PAPER EVALUATION: no trade signal,
59:52.7,TSLA,SIGNAL_CHECK,428.35,428.35,0,NO_SIGNAL,PAPER EVALUATION: no trade signal,
59:53.0,NVDA,SIGNAL_CHECK,215.2,215.2,0,NO_SIGNAL,PAPER EVALUATION: no trade signal,
59:53.3,META,SIGNAL_CHECK,609.63,609.63,0,NO_SIGNAL,PAPER EVALUATION: no trade signal,
59:53.7,AMZN,SIGNAL_CHECK,272.68,272.68,0,NO_SIGNAL,PAPER EVALUATION: no trade signal,
59:53.9,GOOGL,SIGNAL_CHECK,400.8,400.8,0,NO_SIGNAL,PAPER EVALUATION: no trade signal,
59:54.2,BTC,SIGNAL_CHECK,80781.16,80781.16,0,NO_SIGNAL,PAPER EVALUATION: no trade signal,
59:54.5,ETH,SIGNAL_CHECK,2331.1,2331.1,0,NO_SIGNAL,PAPER EVALUATION: no trade signal,
00:25.7,AAPL,SIGNAL_CHECK,293.32,293.32,0,NO_SIGNAL,PAPER EVALUATION: no trade signal,
00:26.0,MSFT,SIGNAL_CHECK,415.12,415.12,0,NO_SIGNAL,PAPER EVALUATION: no trade signal,
00:26.2,TSLA,SIGNAL_CHECK,428.35,428.35,0,NO_SIGNAL,PAPER EVALUATION: no trade signal,
00:26.5,NVDA,SIGNAL_CHECK,215.2,215.2,0,NO_SIGNAL,PAPER EVALUATION: no trade signal,
00:26.8,META,SIGNAL_CHECK,609.63,609.63,0,NO_SIGNAL,PAPER EVALUATION: no trade signal,
00:27.1,AMZN,SIGNAL_CHECK,272.68,272.68,0,NO_SIGNAL,PAPER EVALUATION: no trade signal,
00:27.5,GOOGL,SIGNAL_CHECK,400.8,400.8,0,NO_SIGNAL,PAPER EVALUATION: no trade signal,
00:27.8,BTC,SIGNAL_CHECK,80781.16,80733.96,-0.06,NO_SIGNAL,PAPER EVALUATION: no trade signal,
00:28.1,ETH,SIGNAL_CHECK,2331.1,2330.06,-0.04,NO_SIGNAL,PAPER EVALUATION: no trade signal,
00:59.4,AAPL,SIGNAL_CHECK,293.32,293.32,0,NO_SIGNAL,PAPER EVALUATION: no trade signal,
00:59.6,MSFT,SIGNAL_CHECK,415.12,415.12,0,NO_SIGNAL,PAPER EVALUATION: no trade signal,
00:59.9,TSLA,SIGNAL_CHECK,428.35,428.35,0,NO_SIGNAL,PAPER EVALUATION: no trade signal,
01:00.2,NVDA,SIGNAL_CHECK,215.2,215.2,0,NO_SIGNAL,PAPER EVALUATION: no trade signal,
01:00.9,META,SIGNAL_CHECK,609.63,609.63,0,NO_SIGNAL,PAPER EVALUATION: no trade signal,
01:01.1,AMZN,SIGNAL_CHECK,272.68,272.68,0,NO_SIGNAL,PAPER EVALUATION: no trade signal,
01:01.4,GOOGL,SIGNAL_CHECK,400.8,400.8,0,NO_SIGNAL,PAPER EVALUATION: no trade signal,
01:01.7,BTC,SIGNAL_CHECK,80781.16,80697.2,-0.1,NO_SIGNAL,PAPER EVALUATION: no trade signal,
01:02.0,ETH,SIGNAL_CHECK,2331.1,2328.28,-0.12,NO_SIGNAL,PAPER EVALUATION: no trade signal,
01:33.3,AAPL,SIGNAL_CHECK,293.32,293.32,0,NO_SIGNAL,PAPER EVALUATION: no trade signal,
01:33.6,MSFT,SIGNAL_CHECK,415.12,415.12,0,NO_SIGNAL,PAPER EVALUATION: no trade signal,
01:33.9,TSLA,SIGNAL_CHECK,428.35,428.35,0,NO_SIGNAL,PAPER EVALUATION: no trade signal,
01:34.2,NVDA,SIGNAL_CHECK,215.2,215.2,0,NO_SIGNAL,PAPER EVALUATION: no trade signal,
01:34.5,META,SIGNAL_CHECK,609.63,609.63,0,NO_SIGNAL,PAPER EVALUATION: no trade signal,
01:34.8,AMZN,SIGNAL_CHECK,272.68,272.68,0,NO_SIGNAL,PAPER EVALUATION: no trade signal,
01:35.1,GOOGL,SIGNAL_CHECK,400.8,400.8,0,NO_SIGNAL,PAPER EVALUATION: no trade signal,
01:35.4,BTC,SIGNAL_CHECK,80781.16,80717.83,-0.08,NO_SIGNAL,PAPER EVALUATION: no trade signal,
01:35.7,ETH,SIGNAL_CHECK,2331.1,2329.22,-0.08,NO_SIGNAL,PAPER EVALUATION: no trade signal,
02:07.2,AAPL,SIGNAL_CHECK,293.32,293.32,0,NO_SIGNAL,PAPER EVALUATION: no trade signal,
02:07.5,MSFT,SIGNAL_CHECK,415.12,415.12,0,NO_SIGNAL,PAPER EVALUATION: no trade signal,
02:07.7,TSLA,SIGNAL_CHECK,428.35,428.35,0,NO_SIGNAL,PAPER EVALUATION: no trade signal,
02:08.0,NVDA,SIGNAL_CHECK,215.2,215.2,0,NO_SIGNAL,PAPER EVALUATION: no trade signal,
02:08.3,META,SIGNAL_CHECK,609.63,609.63,0,NO_SIGNAL,PAPER EVALUATION: no trade signal,
02:08.6,AMZN,SIGNAL_CHECK,272.68,272.68,0,NO_SIGNAL,PAPER EVALUATION: no trade signal,
02:08.9,GOOGL,SIGNAL_CHECK,400.8,400.8,0,NO_SIGNAL,PAPER EVALUATION: no trade signal,
02:09.2,BTC,SIGNAL_CHECK,80781.16,80715.39,-0.08,NO_SIGNAL,PAPER EVALUATION: no trade signal,
02:09.4,ETH,SIGNAL_CHECK,2331.1,2328.58,-0.11,NO_SIGNAL,PAPER EVALUATION: no trade signal,
02:40.9,AAPL,SIGNAL_CHECK,293.32,293.32,0,NO_SIGNAL,PAPER EVALUATION: no trade signal,
02:41.2,MSFT,SIGNAL_CHECK,415.12,415.12,0,NO_SIGNAL,PAPER EVALUATION: no trade signal,
02:41.5,TSLA,SIGNAL_CHECK,428.35,428.35,0,NO_SIGNAL,PAPER EVALUATION: no trade signal,
02:41.8,NVDA,SIGNAL_CHECK,215.2,215.2,0,NO_SIGNAL,PAPER EVALUATION: no trade signal,
02:42.1,META,SIGNAL_CHECK,609.63,609.63,0,NO_SIGNAL,PAPER EVALUATION: no trade signal,
02:42.4,AMZN,SIGNAL_CHECK,272.68,272.68,0,NO_SIGNAL,PAPER EVALUATION: no trade signal,
02:42.7,GOOGL,SIGNAL_CHECK,400.8,400.8,0,NO_SIGNAL,PAPER EVALUATION: no trade signal,
02:43.0,BTC,SIGNAL_CHECK,80781.16,80680.01,-0.13,NO_SIGNAL,PAPER EVALUATION: no trade signal,
02:43.3,ETH,SIGNAL_CHECK,2331.1,2327.41,-0.16,NO_SIGNAL,PAPER EVALUATION: no trade signal,
03:43.7,AAPL,SIGNAL_CHECK,293.32,293.32,0,NO_SIGNAL,PAPER EVALUATION: no trade signal,
03:43.9,MSFT,SIGNAL_CHECK,415.12,415.12,0,NO_SIGNAL,PAPER EVALUATION: no trade signal,
03:44.2,TSLA,SIGNAL_CHECK,428.35,428.35,0,NO_SIGNAL,PAPER EVALUATION: no trade signal,
03:44.5,NVDA,SIGNAL_CHECK,215.2,215.2,0,NO_SIGNAL,PAPER EVALUATION: no trade signal,
03:44.8,META,SIGNAL_CHECK,609.63,609.63,0,NO_SIGNAL,PAPER EVALUATION: no trade signal,
03:45.2,AMZN,SIGNAL_CHECK,272.68,272.68,0,NO_SIGNAL,PAPER EVALUATION: no trade signal,
03:45.5,GOOGL,SIGNAL_CHECK,400.8,400.8,0,NO_SIGNAL,PAPER EVALUATION: no trade signal,
03:45.7,BTC,SIGNAL_CHECK,80781.16,80692.88,-0.11,NO_SIGNAL,PAPER EVALUATION: no trade signal,
03:46.0,ETH,SIGNAL_CHECK,2331.1,2328.22,-0.12,NO_SIGNAL,PAPER EVALUATION: no trade signal,
04:18.6,AAPL,SIGNAL_CHECK,293.32,293.32,0,NO_SIGNAL,PAPER EVALUATION: no trade signal,
04:18.9,MSFT,SIGNAL_CHECK,415.12,415.12,0,NO_SIGNAL,PAPER EVALUATION: no trade signal,
04:19.2,TSLA,SIGNAL_CHECK,428.35,428.35,0,NO_SIGNAL,PAPER EVALUATION: no trade signal,
04:19.6,NVDA,SIGNAL_CHECK,215.2,215.2,0,NO_SIGNAL,PAPER EVALUATION: no trade signal,
04:19.9,META,SIGNAL_CHECK,609.63,609.63,0,NO_SIGNAL,PAPER EVALUATION: no trade signal,
04:20.1,AMZN,SIGNAL_CHECK,272.68,272.68,0,NO_SIGNAL,PAPER EVALUATION: no trade signal,
04:20.4,GOOGL,SIGNAL_CHECK,400.8,400.8,0,NO_SIGNAL,PAPER EVALUATION: no trade signal,
04:20.7,BTC,SIGNAL_CHECK,80781.16,80697.56,-0.1,NO_SIGNAL,PAPER EVALUATION: no trade signal,
04:21.0,ETH,SIGNAL_CHECK,2331.1,2329.07,-0.09,NO_SIGNAL,PAPER EVALUATION: no trade signal,
04:52.7,AAPL,SIGNAL_CHECK,293.32,293.32,0,NO_SIGNAL,PAPER EVALUATION: no trade signal,
04:53.0,MSFT,SIGNAL_CHECK,415.12,415.12,0,NO_SIGNAL,PAPER EVALUATION: no trade signal,
04:53.3,TSLA,SIGNAL_CHECK,428.35,428.35,0,NO_SIGNAL,PAPER EVALUATION: no trade signal,
04:53.7,NVDA,SIGNAL_CHECK,215.2,215.2,0,NO_SIGNAL,PAPER EVALUATION: no trade signal,
04:54.0,META,SIGNAL_CHECK,609.63,609.63,0,NO_SIGNAL,PAPER EVALUATION: no trade signal,
04:54.3,AMZN,SIGNAL_CHECK,272.68,272.68,0,NO_SIGNAL,PAPER EVALUATION: no trade signal,
04:54.6,GOOGL,SIGNAL_CHECK,400.8,400.8,0,NO_SIGNAL,PAPER EVALUATION: no trade signal,
04:54.9,BTC,SIGNAL_CHECK,80781.16,80758.5,-0.03,NO_SIGNAL,PAPER EVALUATION: no trade signal,
04:55.2,ETH,SIGNAL_CHECK,2331.1,2330.63,-0.02,NO_SIGNAL,PAPER EVALUATION: no trade signal,
05:26.9,AAPL,SIGNAL_CHECK,293.32,293.32,0,NO_SIGNAL,PAPER EVALUATION: no trade signal,
05:27.2,MSFT,SIGNAL_CHECK,415.12,415.12,0,NO_SIGNAL,PAPER EVALUATION: no trade signal,
05:27.5,TSLA,SIGNAL_CHECK,428.35,428.35,0,NO_SIGNAL,PAPER EVALUATION: no trade signal,
05:27.8,NVDA,SIGNAL_CHECK,215.2,215.2,0,NO_SIGNAL,PAPER EVALUATION: no trade signal,
05:28.1,META,SIGNAL_CHECK,609.63,609.63,0,NO_SIGNAL,PAPER EVALUATION: no trade signal,
05:28.3,AMZN,SIGNAL_CHECK,272.68,272.68,0,NO_SIGNAL,PAPER EVALUATION: no trade signal,
05:28.6,GOOGL,SIGNAL_CHECK,400.8,400.8,0,NO_SIGNAL,PAPER EVALUATION: no trade signal,
05:28.9,BTC,SIGNAL_CHECK,80781.16,80749.33,-0.04,NO_SIGNAL,PAPER EVALUATION: no trade signal,
05:29.2,ETH,SIGNAL_CHECK,2331.1,2331.05,0,NO_SIGNAL,PAPER EVALUATION: no trade signal,
06:00.8,AAPL,SIGNAL_CHECK,293.32,293.32,0,NO_SIGNAL,PAPER EVALUATION: no trade signal,
06:01.1,MSFT,SIGNAL_CHECK,415.12,415.12,0,NO_SIGNAL,PAPER EVALUATION: no trade signal,
06:01.4,TSLA,SIGNAL_CHECK,428.35,428.35,0,NO_SIGNAL,PAPER EVALUATION: no trade signal,
06:01.7,NVDA,SIGNAL_CHECK,215.2,215.2,0,NO_SIGNAL,PAPER EVALUATION: no trade signal,
06:02.1,META,SIGNAL_CHECK,609.63,609.63,0,NO_SIGNAL,PAPER EVALUATION: no trade signal,
06:02.3,AMZN,SIGNAL_CHECK,272.68,272.68,0,NO_SIGNAL,PAPER EVALUATION: no trade signal,
06:02.6,GOOGL,SIGNAL_CHECK,400.8,400.8,0,NO_SIGNAL,PAPER EVALUATION: no trade signal,
06:03.0,BTC,SIGNAL_CHECK,80781.16,80749.33,-0.04,NO_SIGNAL,PAPER EVALUATION: no trade signal,
06:03.3,ETH,SIGNAL_CHECK,2331.1,2330.92,-0.01,NO_SIGNAL,PAPER EVALUATION: no trade signal,
06:35.0,AAPL,SIGNAL_CHECK,293.32,293.32,0,NO_SIGNAL,PAPER EVALUATION: no trade signal,
06:35.3,MSFT,SIGNAL_CHECK,415.12,415.12,0,NO_SIGNAL,PAPER EVALUATION: no trade signal,
06:35.6,TSLA,SIGNAL_CHECK,428.35,428.35,0,NO_SIGNAL,PAPER EVALUATION: no trade signal,
06:35.9,NVDA,SIGNAL_CHECK,215.2,215.2,0,NO_SIGNAL,PAPER EVALUATION: no trade signal,
06:36.2,META,SIGNAL_CHECK,609.63,609.63,0,NO_SIGNAL,PAPER EVALUATION: no trade signal,
06:36.5,AMZN,SIGNAL_CHECK,272.68,272.68,0,NO_SIGNAL,PAPER EVALUATION: no trade signal,
06:36.8,GOOGL,SIGNAL_CHECK,400.8,400.8,0,NO_SIGNAL,PAPER EVALUATION: no trade signal,
06:37.1,BTC,SIGNAL_CHECK,80781.16,80749.34,-0.04,NO_SIGNAL,PAPER EVALUATION: no trade signal,
06:37.5,ETH,SIGNAL_CHECK,2331.1,2330.51,-0.03,NO_SIGNAL,PAPER EVALUATION: no trade signal,
07:08.9,AAPL,SIGNAL_CHECK,293.32,293.32,0,NO_SIGNAL,PAPER EVALUATION: no trade signal,
07:09.2,MSFT,SIGNAL_CHECK,415.12,415.12,0,NO_SIGNAL,PAPER EVALUATION: no trade signal,
07:09.6,TSLA,SIGNAL_CHECK,428.35,428.35,0,NO_SIGNAL,PAPER EVALUATION: no trade signal,
07:09.9,NVDA,SIGNAL_CHECK,215.2,215.2,0,NO_SIGNAL,PAPER EVALUATION: no trade signal,
07:10.1,META,SIGNAL_CHECK,609.63,609.63,0,NO_SIGNAL,PAPER EVALUATION: no trade signal,
07:10.4,AMZN,SIGNAL_CHECK,272.68,272.68,0,NO_SIGNAL,PAPER EVALUATION: no trade signal,
07:10.7,GOOGL,SIGNAL_CHECK,400.8,400.8,0,NO_SIGNAL,PAPER EVALUATION: no trade signal,
07:11.0,BTC,SIGNAL_CHECK,80781.16,80745.3,-0.04,NO_SIGNAL,PAPER EVALUATION: no trade signal,
07:11.3,ETH,SIGNAL_CHECK,2331.1,2330.38,-0.03,NO_SIGNAL,PAPER EVALUATION: no trade signal,
07:42.7,AAPL,SIGNAL_CHECK,293.32,293.32,0,NO_SIGNAL,PAPER EVALUATION: no trade signal,
07:43.0,MSFT,SIGNAL_CHECK,415.12,415.12,0,NO_SIGNAL,PAPER EVALUATION: no trade signal,
07:43.4,TSLA,SIGNAL_CHECK,428.35,428.35,0,NO_SIGNAL,PAPER EVALUATION: no trade signal,
07:43.7,NVDA,SIGNAL_CHECK,215.2,215.2,0,NO_SIGNAL,PAPER EVALUATION: no trade signal,
07:44.0,META,SIGNAL_CHECK,609.63,609.63,0,NO_SIGNAL,PAPER EVALUATION: no trade signal,
07:44.3,AMZN,SIGNAL_CHECK,272.68,272.68,0,NO_SIGNAL,PAPER EVALUATION: no trade signal,
07:44.6,GOOGL,SIGNAL_CHECK,400.8,400.8,0,NO_SIGNAL,PAPER EVALUATION: no trade signal,
07:44.9,BTC,SIGNAL_CHECK,80781.16,80735.71,-0.06,NO_SIGNAL,PAPER EVALUATION: no trade signal,
07:45.2,ETH,SIGNAL_CHECK,2331.1,2330.17,-0.04,NO_SIGNAL,PAPER EVALUATION: no trade signal,
07:55.4,AAPL,BASE_PRICE_SAVED,293.32,,,,,Base price saved for strategy comparison.
07:55.7,MSFT,BASE_PRICE_SAVED,415.12,,,,,Base price saved for strategy comparison.
07:56.0,TSLA,BASE_PRICE_SAVED,428.35,,,,,Base price saved for strategy comparison.
07:56.2,NVDA,BASE_PRICE_SAVED,215.2,,,,,Base price saved for strategy comparison.
07:56.6,META,BASE_PRICE_SAVED,609.63,,,,,Base price saved for strategy comparison.
07:56.9,AMZN,BASE_PRICE_SAVED,272.68,,,,,Base price saved for strategy comparison.
07:57.2,GOOGL,BASE_PRICE_SAVED,400.8,,,,,Base price saved for strategy comparison.
07:57.4,BTC,BASE_PRICE_SAVED,80743.25,,,,,Base price saved for strategy comparison.
07:57.7,ETH,BASE_PRICE_SAVED,2330.89,,,,,Base price saved for strategy comparison.
08:29.8,AAPL,SIGNAL_CHECK,293.32,293.32,0,NO_SIGNAL,PAPER EVALUATION: no trade signal,
08:30.1,MSFT,SIGNAL_CHECK,415.12,415.12,0,NO_SIGNAL,PAPER EVALUATION: no trade signal,
08:30.4,TSLA,SIGNAL_CHECK,428.35,428.35,0,NO_SIGNAL,PAPER EVALUATION: no trade signal,
08:30.7,NVDA,SIGNAL_CHECK,215.2,215.2,0,NO_SIGNAL,PAPER EVALUATION: no trade signal,
08:31.0,META,SIGNAL_CHECK,609.63,609.63,0,NO_SIGNAL,PAPER EVALUATION: no trade signal,
08:31.3,AMZN,SIGNAL_CHECK,272.68,272.68,0,NO_SIGNAL,PAPER EVALUATION: no trade signal,
08:31.6,GOOGL,SIGNAL_CHECK,400.8,400.8,0,NO_SIGNAL,PAPER EVALUATION: no trade signal,
08:31.9,BTC,SIGNAL_CHECK,80743.25,80743.25,0,NO_SIGNAL,PAPER EVALUATION: no trade signal,
08:32.3,ETH,SIGNAL_CHECK,2330.89,2330.88,0,NO_SIGNAL,PAPER EVALUATION: no trade signal,
09:03.6,AAPL,SIGNAL_CHECK,293.32,293.32,0,NO_SIGNAL,PAPER EVALUATION: no trade signal,
09:03.9,MSFT,SIGNAL_CHECK,415.12,415.12,0,NO_SIGNAL,PAPER EVALUATION: no trade signal,
09:04.2,TSLA,SIGNAL_CHECK,428.35,428.35,0,NO_SIGNAL,PAPER EVALUATION: no trade signal,
09:04.5,NVDA,SIGNAL_CHECK,215.2,215.2,0,NO_SIGNAL,PAPER EVALUATION: no trade signal,
09:04.8,META,SIGNAL_CHECK,609.63,609.63,0,NO_SIGNAL,PAPER EVALUATION: no trade signal,
09:05.1,AMZN,SIGNAL_CHECK,272.68,272.68,0,NO_SIGNAL,PAPER EVALUATION: no trade signal,
09:05.4,GOOGL,SIGNAL_CHECK,400.8,400.8,0,NO_SIGNAL,PAPER EVALUATION: no trade signal,
09:05.7,BTC,SIGNAL_CHECK,80743.25,80753.73,0.01,POP_FADE,PAPER IDEA: watch for pop-and-fade setup (Low confidence: 50.0%),
09:06.0,ETH,SIGNAL_CHECK,2330.89,2331.21,0.01,POP_FADE,PAPER IDEA: watch for pop-and-fade setup (Low confidence: 50.0%),
09:37.7,AAPL,SIGNAL_CHECK,293.32,293.32,0,NO_SIGNAL,PAPER EVALUATION: no trade signal,
09:38.0,MSFT,SIGNAL_CHECK,415.12,415.12,0,NO_SIGNAL,PAPER EVALUATION: no trade signal,
09:38.4,TSLA,SIGNAL_CHECK,428.35,428.35,0,NO_SIGNAL,PAPER EVALUATION: no trade signal,
09:38.7,NVDA,SIGNAL_CHECK,215.2,215.2,0,NO_SIGNAL,PAPER EVALUATION: no trade signal,
09:39.0,META,SIGNAL_CHECK,609.63,609.63,0,NO_SIGNAL,PAPER EVALUATION: no trade signal,
09:39.3,AMZN,SIGNAL_CHECK,272.68,272.68,0,NO_SIGNAL,PAPER EVALUATION: no trade signal,
09:39.6,GOOGL,SIGNAL_CHECK,400.8,400.8,0,NO_SIGNAL,PAPER EVALUATION: no trade signal,
09:39.9,BTC,SIGNAL_CHECK,80743.25,80761.18,0.02,POP_FADE,PAPER IDEA: watch for pop-and-fade setup (Low confidence: 50.0%),
09:40.2,ETH,SIGNAL_CHECK,2330.89,2331.55,0.03,POP_FADE,PAPER IDEA: watch for pop-and-fade setup (Low confidence: 50.0%),
10:11.6,AAPL,SIGNAL_CHECK,293.32,293.32,0,NO_SIGNAL,PAPER EVALUATION: no trade signal,
10:11.8,MSFT,SIGNAL_CHECK,415.12,415.12,0,NO_SIGNAL,PAPER EVALUATION: no trade signal,
10:12.2,TSLA,SIGNAL_CHECK,428.35,428.35,0,NO_SIGNAL,PAPER EVALUATION: no trade signal,
10:12.5,NVDA,SIGNAL_CHECK,215.2,215.2,0,NO_SIGNAL,PAPER EVALUATION: no trade signal,
10:12.8,META,SIGNAL_CHECK,609.63,609.63,0,NO_SIGNAL,PAPER EVALUATION: no trade signal,
10:13.2,AMZN,SIGNAL_CHECK,272.68,272.68,0,NO_SIGNAL,PAPER EVALUATION: no trade signal,
10:13.5,GOOGL,SIGNAL_CHECK,400.8,400.8,0,NO_SIGNAL,PAPER EVALUATION: no trade signal,
10:13.8,BTC,SIGNAL_CHECK,80743.25,80761.18,0.02,POP_FADE,PAPER IDEA: watch for pop-and-fade setup (Low confidence: 50.0%),
10:14.1,ETH,SIGNAL_CHECK,2330.89,2331.54,0.03,POP_FADE,PAPER IDEA: watch for pop-and-fade setup (Low confidence: 50.0%),
10:45.9,AAPL,SIGNAL_CHECK,293.32,293.32,0,NO_SIGNAL,PAPER EVALUATION: no trade signal,
10:46.2,MSFT,SIGNAL_CHECK,415.12,415.12,0,NO_SIGNAL,PAPER EVALUATION: no trade signal,
10:46.5,TSLA,SIGNAL_CHECK,428.35,428.35,0,NO_SIGNAL,PAPER EVALUATION: no trade signal,
10:46.8,NVDA,SIGNAL_CHECK,215.2,215.2,0,NO_SIGNAL,PAPER EVALUATION: no trade signal,
10:47.1,META,SIGNAL_CHECK,609.63,609.63,0,NO_SIGNAL,PAPER EVALUATION: no trade signal,
10:47.4,AMZN,SIGNAL_CHECK,272.68,272.68,0,NO_SIGNAL,PAPER EVALUATION: no trade signal,
10:47.7,GOOGL,SIGNAL_CHECK,400.8,400.8,0,NO_SIGNAL,PAPER EVALUATION: no trade signal,
10:48.1,BTC,SIGNAL_CHECK,80743.25,80761.18,0.02,POP_FADE,PAPER IDEA: watch for pop-and-fade setup (Low confidence: 50.0%),
10:48.4,ETH,SIGNAL_CHECK,2330.89,2331.54,0.03,POP_FADE,PAPER IDEA: watch for pop-and-fade setup (Low confidence: 50.0%),
11:20.0,AAPL,SIGNAL_CHECK,293.32,293.32,0,NO_SIGNAL,PAPER EVALUATION: no trade signal,
11:20.3,MSFT,SIGNAL_CHECK,415.12,415.12,0,NO_SIGNAL,PAPER EVALUATION: no trade signal,
11:20.6,TSLA,SIGNAL_CHECK,428.35,428.35,0,NO_SIGNAL,PAPER EVALUATION: no trade signal,
11:20.9,NVDA,SIGNAL_CHECK,215.2,215.2,0,NO_SIGNAL,PAPER EVALUATION: no trade signal,
11:21.2,META,SIGNAL_CHECK,609.63,609.63,0,NO_SIGNAL,PAPER EVALUATION: no trade signal,
11:21.6,AMZN,SIGNAL_CHECK,272.68,272.68,0,NO_SIGNAL,PAPER EVALUATION: no trade signal,
11:21.9,GOOGL,SIGNAL_CHECK,400.8,400.8,0,NO_SIGNAL,PAPER EVALUATION: no trade signal,
11:22.2,BTC,SIGNAL_CHECK,80743.25,80761.17,0.02,POP_FADE,PAPER IDEA: watch for pop-and-fade setup (Low confidence: 50.0%),
11:22.5,ETH,SIGNAL_CHECK,2330.89,2331.52,0.03,POP_FADE,PAPER IDEA: watch for pop-and-fade setup (Low confidence: 50.0%),
11:55.8,AAPL,SIGNAL_CHECK,293.32,293.32,0,NO_SIGNAL,PAPER EVALUATION: no trade signal,
11:56.1,MSFT,SIGNAL_CHECK,415.12,415.12,0,NO_SIGNAL,PAPER EVALUATION: no trade signal,
11:56.4,TSLA,SIGNAL_CHECK,428.35,428.35,0,NO_SIGNAL,PAPER EVALUATION: no trade signal,
11:56.7,NVDA,SIGNAL_CHECK,215.2,215.2,0,NO_SIGNAL,PAPER EVALUATION: no trade signal,
11:57.0,META,SIGNAL_CHECK,609.63,609.63,0,NO_SIGNAL,PAPER EVALUATION: no trade signal,
11:57.3,AMZN,SIGNAL_CHECK,272.68,272.68,0,NO_SIGNAL,PAPER EVALUATION: no trade signal,
11:57.6,GOOGL,SIGNAL_CHECK,400.8,400.8,0,NO_SIGNAL,PAPER EVALUATION: no trade signal,
11:57.9,BTC,SIGNAL_CHECK,80743.25,80761.18,0.02,POP_FADE,PAPER IDEA: watch for pop-and-fade setup (Low confidence: 50.0%),
11:58.3,ETH,SIGNAL_CHECK,2330.89,2331.43,0.02,POP_FADE,PAPER IDEA: watch for pop-and-fade setup (Low confidence: 50.0%),
12:58.6,AAPL,SIGNAL_CHECK,293.32,293.32,0,NO_SIGNAL,PAPER EVALUATION: no trade signal,
12:58.9,MSFT,SIGNAL_CHECK,415.12,415.12,0,NO_SIGNAL,PAPER EVALUATION: no trade signal,
12:59.2,TSLA,SIGNAL_CHECK,428.35,428.35,0,NO_SIGNAL,PAPER EVALUATION: no trade signal,
12:59.5,NVDA,SIGNAL_CHECK,215.2,215.2,0,NO_SIGNAL,PAPER EVALUATION: no trade signal,
12:59.8,META,SIGNAL_CHECK,609.63,609.63,0,NO_SIGNAL,PAPER EVALUATION: no trade signal,
13:00.1,AMZN,SIGNAL_CHECK,272.68,272.68,0,NO_SIGNAL,PAPER EVALUATION: no trade signal,
13:00.5,GOOGL,SIGNAL_CHECK,400.8,400.8,0,NO_SIGNAL,PAPER EVALUATION: no trade signal,
13:00.8,BTC,SIGNAL_CHECK,80743.25,80799.29,0.07,POP_FADE,PAPER IDEA: watch for pop-and-fade setup (Low confidence: 50.0%),
13:01.1,ETH,SIGNAL_CHECK,2330.89,2332.69,0.08,POP_FADE,PAPER IDEA: watch for pop-and-fade setup (Low confidence: 50.0%),
13:33.2,AAPL,SIGNAL_CHECK,293.32,293.32,0,NO_SIGNAL,PAPER EVALUATION: no trade signal,
13:33.6,MSFT,SIGNAL_CHECK,415.12,415.12,0,NO_SIGNAL,PAPER EVALUATION: no trade signal,
13:33.9,TSLA,SIGNAL_CHECK,428.35,428.35,0,NO_SIGNAL,PAPER EVALUATION: no trade signal,
13:34.3,NVDA,SIGNAL_CHECK,215.2,215.2,0,NO_SIGNAL,PAPER EVALUATION: no trade signal,
13:34.6,META,SIGNAL_CHECK,609.63,609.63,0,NO_SIGNAL,PAPER EVALUATION: no trade signal,
13:34.9,AMZN,SIGNAL_CHECK,272.68,272.68,0,NO_SIGNAL,PAPER EVALUATION: no trade signal,
13:35.2,GOOGL,SIGNAL_CHECK,400.8,400.8,0,NO_SIGNAL,PAPER EVALUATION: no trade signal,
13:35.5,BTC,SIGNAL_CHECK,80743.25,80823.24,0.1,POP_FADE,PAPER IDEA: watch for pop-and-fade setup (Low confidence: 50.0%),
13:35.8,ETH,SIGNAL_CHECK,2330.89,2333.39,0.11,POP_FADE,PAPER IDEA: watch for pop-and-fade setup (Low confidence: 50.0%),
14:08.3,AAPL,SIGNAL_CHECK,293.32,293.32,0,NO_SIGNAL,PAPER EVALUATION: no trade signal,
14:08.6,MSFT,SIGNAL_CHECK,415.12,415.12,0,NO_SIGNAL,PAPER EVALUATION: no trade signal,
14:08.9,TSLA,SIGNAL_CHECK,428.35,428.35,0,NO_SIGNAL,PAPER EVALUATION: no trade signal,
14:09.2,NVDA,SIGNAL_CHECK,215.2,215.2,0,NO_SIGNAL,PAPER EVALUATION: no trade signal,
14:09.5,META,SIGNAL_CHECK,609.63,609.63,0,NO_SIGNAL,PAPER EVALUATION: no trade signal,
14:09.8,AMZN,SIGNAL_CHECK,272.68,272.68,0,NO_SIGNAL,PAPER EVALUATION: no trade signal,
14:10.1,GOOGL,SIGNAL_CHECK,400.8,400.8,0,NO_SIGNAL,PAPER EVALUATION: no trade signal,
14:10.4,BTC,SIGNAL_CHECK,80743.25,80823.24,0.1,POP_FADE,PAPER IDEA: watch for pop-and-fade setup (Low confidence: 50.0%),
14:10.7,ETH,SIGNAL_CHECK,2330.89,2333.47,0.11,POP_FADE,PAPER IDEA: watch for pop-and-fade setup (Low confidence: 50.0%),
14:42.2,AAPL,SIGNAL_CHECK,293.32,293.32,0,NO_SIGNAL,PAPER EVALUATION: no trade signal,
14:42.5,MSFT,SIGNAL_CHECK,415.12,415.12,0,NO_SIGNAL,PAPER EVALUATION: no trade signal,
14:42.9,TSLA,SIGNAL_CHECK,428.35,428.35,0,NO_SIGNAL,PAPER EVALUATION: no trade signal,
14:43.2,NVDA,SIGNAL_CHECK,215.2,215.2,0,NO_SIGNAL,PAPER EVALUATION: no trade signal,
14:43.5,META,SIGNAL_CHECK,609.63,609.63,0,NO_SIGNAL,PAPER EVALUATION: no trade signal,
14:43.7,AMZN,SIGNAL_CHECK,272.68,272.68,0,NO_SIGNAL,PAPER EVALUATION: no trade signal,
14:44.0,GOOGL,SIGNAL_CHECK,400.8,400.8,0,NO_SIGNAL,PAPER EVALUATION: no trade signal,
14:44.3,BTC,SIGNAL_CHECK,80743.25,80817.06,0.09,POP_FADE,PAPER IDEA: watch for pop-and-fade setup (Low confidence: 50.0%),
14:44.6,ETH,SIGNAL_CHECK,2330.89,2332.88,0.09,POP_FADE,PAPER IDEA: watch for pop-and-fade setup (Low confidence: 50.0%),
15:13.1,AAPL,BASE_PRICE_SAVED,293.32,,,,,Base price saved for strategy comparison.
15:13.4,MSFT,BASE_PRICE_SAVED,415.12,,,,,Base price saved for strategy comparison.
15:13.7,TSLA,BASE_PRICE_SAVED,428.35,,,,,Base price saved for strategy comparison.
15:14.0,NVDA,BASE_PRICE_SAVED,215.2,,,,,Base price saved for strategy comparison.
15:14.4,META,BASE_PRICE_SAVED,609.63,,,,,Base price saved for strategy comparison.
15:14.7,AMZN,BASE_PRICE_SAVED,272.68,,,,,Base price saved for strategy comparison.
15:15.6,GOOGL,BASE_PRICE_SAVED,400.8,,,,,Base price saved for strategy comparison.
15:15.9,BTC,BASE_PRICE_SAVED,80817.05,,,,,Base price saved for strategy comparison.
15:16.2,ETH,BASE_PRICE_SAVED,2332.43,,,,,Base price saved for strategy comparison.
,,,,,,,,
,,,,,,,,
,,,,,,,,
,,,,,,,,
2026-05-13 00:59:12+00:00,US Tech 100 Cash ($1),DEMO_AUTO_CLOSE_STOP_LOSS_SENT,,,,,Close demo position,P/L=-1323.524. 
2026-05-13 00:59:13+00:00,Oil - US Crude ($1),DEMO_AUTO_CLOSE_TAKE_PROFIT_SENT,,,,,Close demo position,P/L=7510.0. 
2026-05-13 00:59:14+00:00,Spot Silver ($1),DEMO_AUTO_CLOSE_TAKE_PROFIT_SENT,,,,,Close demo position,P/L=6192.0. 
2026-05-13 01:45:46+00:00,SYSTEM,BOT_CYCLE_COMPLETE,,,,,,Watched 109 active symbol(s); checked 0 signal candidate(s).
2026-05-13 01:49:35+00:00,SYSTEM,BOT_CYCLE_COMPLETE,,,,,,Watched 109 active symbol(s); checked 0 signal candidate(s).
2026-05-13 01:56:19+00:00,SYSTEM,BOT_CYCLE_COMPLETE,,,,,,Watched 6 active symbol(s); checked 0 signal candidate(s).
2026-05-13 01:57:02+00:00,SYSTEM,BOT_CYCLE_COMPLETE,,,,,,Watched 6 active symbol(s); checked 0 signal candidate(s).
2026-05-13 01:57:46+00:00,SYSTEM,BOT_CYCLE_COMPLETE,,,,,,Watched 6 active symbol(s); checked 0 signal candidate(s).
2026-05-13 01:58:29+00:00,SYSTEM,BOT_CYCLE_COMPLETE,,,,,,Watched 6 active symbol(s); checked 0 signal candidate(s).
2026-05-13 01:59:12+00:00,SYSTEM,BOT_CYCLE_COMPLETE,,,,,,Watched 6 active symbol(s); checked 0 signal candidate(s).
2026-05-13 01:59:56+00:00,SYSTEM,BOT_CYCLE_COMPLETE,,,,,,Watched 6 active symbol(s); checked 0 signal candidate(s).
2026-05-13 02:00:39+00:00,SYSTEM,BOT_CYCLE_COMPLETE,,,,,,Watched 6 active symbol(s); checked 0 signal candidate(s).
2026-05-13 02:01:22+00:00,SYSTEM,BOT_CYCLE_COMPLETE,,,,,,Watched 6 active symbol(s); checked 0 signal candidate(s).
2026-05-13 02:02:06+00:00,SYSTEM,BOT_CYCLE_COMPLETE,,,,,,Watched 6 active symbol(s); checked 0 signal candidate(s).
2026-05-13 02:02:50+00:00,SYSTEM,BOT_CYCLE_COMPLETE,,,,,,Watched 6 active symbol(s); checked 0 signal candidate(s).
2026-05-13 02:03:33+00:00,SYSTEM,BOT_CYCLE_COMPLETE,,,,,,Watched 6 active symbol(s); checked 0 signal candidate(s).
2026-05-13 02:04:16+00:00,SYSTEM,BOT_CYCLE_COMPLETE,,,,,,Watched 6 active symbol(s); checked 0 signal candidate(s).
2026-05-13 02:05:00+00:00,SYSTEM,BOT_CYCLE_COMPLETE,,,,,,Watched 6 active symbol(s); checked 0 signal candidate(s).
2026-05-13 02:05:43+00:00,SYSTEM,BOT_CYCLE_COMPLETE,,,,,,Watched 6 active symbol(s); checked 0 signal candidate(s).
2026-05-13 02:06:28+00:00,SYSTEM,BOT_CYCLE_COMPLETE,,,,,,Watched 6 active symbol(s); checked 0 signal candidate(s).
2026-05-13 02:07:11+00:00,SYSTEM,BOT_CYCLE_COMPLETE,,,,,,Watched 6 active symbol(s); checked 0 signal candidate(s).
2026-05-13 02:07:54+00:00,SYSTEM,BOT_CYCLE_COMPLETE,,,,,,Watched 6 active symbol(s); checked 0 signal candidate(s).
2026-05-13 02:08:38+00:00,SYSTEM,BOT_CYCLE_COMPLETE,,,,,,Watched 6 active symbol(s); checked 0 signal candidate(s).
2026-05-13 02:09:21+00:00,SYSTEM,BOT_CYCLE_COMPLETE,,,,,,Watched 6 active symbol(s); checked 0 signal candidate(s).
2026-05-13 02:10:04+00:00,SYSTEM,BOT_CYCLE_COMPLETE,,,,,,Watched 6 active symbol(s); checked 0 signal candidate(s).
2026-05-13 02:10:48+00:00,SYSTEM,BOT_CYCLE_COMPLETE,,,,,,Watched 6 active symbol(s); checked 0 signal candidate(s).
2026-05-13 02:11:32+00:00,SYSTEM,BOT_CYCLE_COMPLETE,,,,,,Watched 6 active symbol(s); checked 0 signal candidate(s).
2026-05-13 02:12:15+00:00,SYSTEM,BOT_CYCLE_COMPLETE,,,,,,Watched 6 active symbol(s); checked 0 signal candidate(s).
2026-05-13 02:12:58+00:00,SYSTEM,BOT_CYCLE_COMPLETE,,,,,,Watched 6 active symbol(s); checked 0 signal candidate(s).
2026-05-13 02:13:42+00:00,SYSTEM,BOT_CYCLE_COMPLETE,,,,,,Watched 6 active symbol(s); checked 0 signal candidate(s).
2026-05-13 02:14:25+00:00,SYSTEM,BOT_CYCLE_COMPLETE,,,,,,Watched 6 active symbol(s); checked 0 signal candidate(s).
2026-05-13 02:15:08+00:00,SYSTEM,BOT_CYCLE_COMPLETE,,,,,,Watched 6 active symbol(s); checked 0 signal candidate(s).
2026-05-13 02:15:51+00:00,SYSTEM,BOT_CYCLE_COMPLETE,,,,,,Watched 6 active symbol(s); checked 0 signal candidate(s).
2026-05-13 02:16:35+00:00,SYSTEM,BOT_CYCLE_COMPLETE,,,,,,Watched 6 active symbol(s); checked 0 signal candidate(s).
2026-05-13 02:17:18+00:00,SYSTEM,BOT_CYCLE_COMPLETE,,,,,,Watched 6 active symbol(s); checked 0 signal candidate(s).
2026-05-13 02:18:02+00:00,SYSTEM,BOT_CYCLE_COMPLETE,,,,,,Watched 6 active symbol(s); checked 0 signal candidate(s).
2026-05-13 02:18:45+00:00,SYSTEM,BOT_CYCLE_COMPLETE,,,,,,Watched 6 active symbol(s); checked 0 signal candidate(s).
2026-05-13 02:19:28+00:00,SYSTEM,BOT_CYCLE_COMPLETE,,,,,,Watched 6 active symbol(s); checked 0 signal candidate(s).
2026-05-13 02:20:11+00:00,SYSTEM,BOT_CYCLE_COMPLETE,,,,,,Watched 6 active symbol(s); checked 0 signal candidate(s).
2026-05-13 02:20:55+00:00,SYSTEM,BOT_CYCLE_COMPLETE,,,,,,Watched 6 active symbol(s); checked 0 signal candidate(s).
2026-05-13 02:21:38+00:00,SYSTEM,BOT_CYCLE_COMPLETE,,,,,,Watched 6 active symbol(s); checked 0 signal candidate(s).
2026-05-13 02:22:21+00:00,SYSTEM,BOT_CYCLE_COMPLETE,,,,,,Watched 6 active symbol(s); checked 0 signal candidate(s).
2026-05-13 02:23:05+00:00,SYSTEM,BOT_CYCLE_COMPLETE,,,,,,Watched 6 active symbol(s); checked 0 signal candidate(s).
2026-05-13 02:23:48+00:00,SYSTEM,BOT_CYCLE_COMPLETE,,,,,,Watched 6 active symbol(s); checked 0 signal candidate(s).
2026-05-13 02:24:31+00:00,SYSTEM,BOT_CYCLE_COMPLETE,,,,,,Watched 6 active symbol(s); checked 0 signal candidate(s).
2026-05-13 02:25:14+00:00,SYSTEM,BOT_CYCLE_COMPLETE,,,,,,Watched 6 active symbol(s); checked 0 signal candidate(s).
2026-05-13 02:25:58+00:00,SYSTEM,BOT_CYCLE_COMPLETE,,,,,,Watched 6 active symbol(s); checked 0 signal candidate(s).
2026-05-13 02:26:41+00:00,SYSTEM,BOT_CYCLE_COMPLETE,,,,,,Watched 6 active symbol(s); checked 0 signal candidate(s).
2026-05-13 02:27:25+00:00,SYSTEM,BOT_CYCLE_COMPLETE,,,,,,Watched 6 active symbol(s); checked 0 signal candidate(s).
2026-05-13 02:28:08+00:00,SYSTEM,BOT_CYCLE_COMPLETE,,,,,,Watched 6 active symbol(s); checked 0 signal candidate(s).
2026-05-13 02:28:51+00:00,SYSTEM,BOT_CYCLE_COMPLETE,,,,,,Watched 6 active symbol(s); checked 0 signal candidate(s).
2026-05-13 02:29:35+00:00,SYSTEM,BOT_CYCLE_COMPLETE,,,,,,Watched 6 active symbol(s); checked 0 signal candidate(s).
2026-05-13 02:30:18+00:00,SYSTEM,BOT_CYCLE_COMPLETE,,,,,,Watched 6 active symbol(s); checked 0 signal candidate(s).
2026-05-13 02:31:01+00:00,SYSTEM,BOT_CYCLE_COMPLETE,,,,,,Watched 6 active symbol(s); checked 0 signal candidate(s).
2026-05-13 02:31:44+00:00,SYSTEM,BOT_CYCLE_COMPLETE,,,,,,Watched 6 active symbol(s); checked 0 signal candidate(s).
2026-05-13 02:32:28+00:00,SYSTEM,BOT_CYCLE_COMPLETE,,,,,,Watched 6 active symbol(s); checked 0 signal candidate(s).
2026-05-13 02:33:11+00:00,SYSTEM,BOT_CYCLE_COMPLETE,,,,,,Watched 6 active symbol(s); checked 0 signal candidate(s).
2026-05-13 02:33:54+00:00,SYSTEM,BOT_CYCLE_COMPLETE,,,,,,Watched 6 active symbol(s); checked 0 signal candidate(s).
2026-05-13 02:34:38+00:00,SYSTEM,BOT_CYCLE_COMPLETE,,,,,,Watched 6 active symbol(s); checked 0 signal candidate(s).
2026-05-13 02:35:21+00:00,SYSTEM,BOT_CYCLE_COMPLETE,,,,,,Watched 6 active symbol(s); checked 0 signal candidate(s).
2026-05-13 02:36:04+00:00,SYSTEM,BOT_CYCLE_COMPLETE,,,,,,Watched 6 active symbol(s); checked 0 signal candidate(s).
2026-05-13 02:36:47+00:00,SYSTEM,BOT_CYCLE_COMPLETE,,,,,,Watched 6 active symbol(s); checked 0 signal candidate(s).
2026-05-13 02:37:31+00:00,SYSTEM,BOT_CYCLE_COMPLETE,,,,,,Watched 6 active symbol(s); checked 0 signal candidate(s).
2026-05-13 02:38:14+00:00,SYSTEM,BOT_CYCLE_COMPLETE,,,,,,Watched 6 active symbol(s); checked 0 signal candidate(s).
2026-05-13 02:38:58+00:00,SYSTEM,BOT_CYCLE_COMPLETE,,,,,,Watched 6 active symbol(s); checked 0 signal candidate(s).
2026-05-13 02:39:41+00:00,SYSTEM,BOT_CYCLE_COMPLETE,,,,,,Watched 6 active symbol(s); checked 0 signal candidate(s).
2026-05-13 02:40:24+00:00,SYSTEM,BOT_CYCLE_COMPLETE,,,,,,Watched 6 active symbol(s); checked 0 signal candidate(s).
2026-05-13 02:41:09+00:00,SYSTEM,BOT_CYCLE_COMPLETE,,,,,,Watched 6 active symbol(s); checked 0 signal candidate(s).
2026-05-13 02:41:52+00:00,SYSTEM,BOT_CYCLE_COMPLETE,,,,,,Watched 6 active symbol(s); checked 0 signal candidate(s).
2026-05-13 02:42:36+00:00,SYSTEM,BOT_CYCLE_COMPLETE,,,,,,Watched 6 active symbol(s); checked 0 signal candidate(s).
2026-05-13 02:43:19+00:00,SYSTEM,BOT_CYCLE_COMPLETE,,,,,,Watched 6 active symbol(s); checked 0 signal candidate(s).
2026-05-13 02:44:03+00:00,SYSTEM,BOT_CYCLE_COMPLETE,,,,,,Watched 6 active symbol(s); checked 0 signal candidate(s).
2026-05-13 02:44:46+00:00,SYSTEM,BOT_CYCLE_COMPLETE,,,,,,Watched 6 active symbol(s); checked 0 signal candidate(s).
2026-05-13 02:45:29+00:00,SYSTEM,BOT_CYCLE_COMPLETE,,,,,,Watched 6 active symbol(s); checked 0 signal candidate(s).
2026-05-13 02:46:12+00:00,SYSTEM,BOT_CYCLE_COMPLETE,,,,,,Watched 6 active symbol(s); checked 0 signal candidate(s).
2026-05-13 02:46:55+00:00,SYSTEM,BOT_CYCLE_COMPLETE,,,,,,Watched 6 active symbol(s); checked 0 signal candidate(s).
2026-05-13 02:47:39+00:00,SYSTEM,BOT_CYCLE_COMPLETE,,,,,,Watched 6 active symbol(s); checked 0 signal candidate(s).
2026-05-13 02:48:22+00:00,SYSTEM,BOT_CYCLE_COMPLETE,,,,,,Watched 6 active symbol(s); checked 0 signal candidate(s).
2026-05-13 02:49:05+00:00,SYSTEM,BOT_CYCLE_COMPLETE,,,,,,Watched 6 active symbol(s); checked 0 signal candidate(s).
2026-05-13 02:49:49+00:00,SYSTEM,BOT_CYCLE_COMPLETE,,,,,,Watched 6 active symbol(s); checked 0 signal candidate(s).
2026-05-13 02:50:32+00:00,SYSTEM,BOT_CYCLE_COMPLETE,,,,,,Watched 6 active symbol(s); checked 0 signal candidate(s).
2026-05-13 02:51:15+00:00,SYSTEM,BOT_CYCLE_COMPLETE,,,,,,Watched 6 active symbol(s); checked 0 signal candidate(s).
2026-05-13 02:51:58+00:00,SYSTEM,BOT_CYCLE_COMPLETE,,,,,,Watched 6 active symbol(s); checked 0 signal candidate(s).
2026-05-13 02:52:42+00:00,SYSTEM,BOT_CYCLE_COMPLETE,,,,,,Watched 6 active symbol(s); checked 0 signal candidate(s).
2026-05-13 02:53:26+00:00,SYSTEM,BOT_CYCLE_COMPLETE,,,,,,Watched 6 active symbol(s); checked 0 signal candidate(s).
2026-05-13 02:54:09+00:00,SYSTEM,BOT_CYCLE_COMPLETE,,,,,,Watched 6 active symbol(s); checked 0 signal candidate(s).
2026-05-13 02:54:52+00:00,SYSTEM,BOT_CYCLE_COMPLETE,,,,,,Watched 6 active symbol(s); checked 0 signal candidate(s).
2026-05-13 02:55:36+00:00,SYSTEM,BOT_CYCLE_COMPLETE,,,,,,Watched 6 active symbol(s); checked 0 signal candidate(s).
2026-05-13 02:56:19+00:00,SYSTEM,BOT_CYCLE_COMPLETE,,,,,,Watched 6 active symbol(s); checked 0 signal candidate(s).
2026-05-13 02:57:03+00:00,SYSTEM,BOT_CYCLE_COMPLETE,,,,,,Watched 6 active symbol(s); checked 0 signal candidate(s).
2026-05-13 02:57:47+00:00,SYSTEM,BOT_CYCLE_COMPLETE,,,,,,Watched 6 active symbol(s); checked 0 signal candidate(s).
2026-05-13 02:58:30+00:00,SYSTEM,BOT_CYCLE_COMPLETE,,,,,,Watched 6 active symbol(s); checked 0 signal candidate(s).
2026-05-13 02:59:14+00:00,SYSTEM,BOT_CYCLE_COMPLETE,,,,,,Watched 6 active symbol(s); checked 0 signal candidate(s).
2026-05-13 02:59:58+00:00,SYSTEM,BOT_CYCLE_COMPLETE,,,,,,Watched 6 active symbol(s); checked 0 signal candidate(s).
2026-05-13 03:00:41+00:00,SYSTEM,BOT_CYCLE_COMPLETE,,,,,,Watched 6 active symbol(s); checked 0 signal candidate(s).
2026-05-13 03:01:25+00:00,SYSTEM,BOT_CYCLE_COMPLETE,,,,,,Watched 6 active symbol(s); checked 0 signal candidate(s).
2026-05-13 03:02:08+00:00,SYSTEM,BOT_CYCLE_COMPLETE,,,,,,Watched 6 active symbol(s); checked 0 signal candidate(s).
2026-05-13 03:02:51+00:00,SYSTEM,BOT_CYCLE_COMPLETE,,,,,,Watched 6 active symbol(s); checked 0 signal candidate(s).
2026-05-13 03:03:35+00:00,SYSTEM,BOT_CYCLE_COMPLETE,,,,,,Watched 6 active symbol(s); checked 0 signal candidate(s).
2026-05-13 03:04:19+00:00,SYSTEM,BOT_CYCLE_COMPLETE,,,,,,Watched 6 active symbol(s); checked 0 signal candidate(s).
2026-05-13 03:05:02+00:00,SYSTEM,BOT_CYCLE_COMPLETE,,,,,,Watched 6 active symbol(s); checked 0 signal candidate(s).
2026-05-13 03:05:45+00:00,SYSTEM,BOT_CYCLE_COMPLETE,,,,,,Watched 6 active symbol(s); checked 0 signal candidate(s).
2026-05-13 03:06:29+00:00,SYSTEM,BOT_CYCLE_COMPLETE,,,,,,Watched 6 active symbol(s); checked 0 signal candidate(s).
2026-05-13 03:07:12+00:00,SYSTEM,BOT_CYCLE_COMPLETE,,,,,,Watched 6 active symbol(s); checked 0 signal candidate(s).
2026-05-13 03:07:55+00:00,SYSTEM,BOT_CYCLE_COMPLETE,,,,,,Watched 6 active symbol(s); checked 0 signal candidate(s).
2026-05-13 03:08:39+00:00,SYSTEM,BOT_CYCLE_COMPLETE,,,,,,Watched 6 active symbol(s); checked 0 signal candidate(s).
2026-05-13 03:09:22+00:00,SYSTEM,BOT_CYCLE_COMPLETE,,,,,,Watched 6 active symbol(s); checked 0 signal candidate(s).
2026-05-13 03:10:05+00:00,SYSTEM,BOT_CYCLE_COMPLETE,,,,,,Watched 6 active symbol(s); checked 0 signal candidate(s).
2026-05-13 03:10:49+00:00,SYSTEM,BOT_CYCLE_COMPLETE,,,,,,Watched 6 active symbol(s); checked 0 signal candidate(s).
2026-05-13 03:11:32+00:00,SYSTEM,BOT_CYCLE_COMPLETE,,,,,,Watched 6 active symbol(s); checked 0 signal candidate(s).
2026-05-13 03:12:16+00:00,SYSTEM,BOT_CYCLE_COMPLETE,,,,,,Watched 6 active symbol(s); checked 0 signal candidate(s).
2026-05-13 03:12:59+00:00,SYSTEM,BOT_CYCLE_COMPLETE,,,,,,Watched 6 active symbol(s); checked 0 signal candidate(s).
2026-05-13 03:13:42+00:00,SYSTEM,BOT_CYCLE_COMPLETE,,,,,,Watched 6 active symbol(s); checked 0 signal candidate(s).
2026-05-13 03:14:26+00:00,SYSTEM,BOT_CYCLE_COMPLETE,,,,,,Watched 6 active symbol(s); checked 0 signal candidate(s).
2026-05-13 03:15:09+00:00,SYSTEM,BOT_CYCLE_COMPLETE,,,,,,Watched 6 active symbol(s); checked 0 signal candidate(s).
2026-05-13 03:15:52+00:00,SYSTEM,BOT_CYCLE_COMPLETE,,,,,,Watched 6 active symbol(s); checked 0 signal candidate(s).
2026-05-13 03:16:36+00:00,SYSTEM,BOT_CYCLE_COMPLETE,,,,,,Watched 6 active symbol(s); checked 0 signal candidate(s).
2026-05-13 03:17:19+00:00,SYSTEM,BOT_CYCLE_COMPLETE,,,,,,Watched 6 active symbol(s); checked 0 signal candidate(s).
2026-05-13 03:18:03+00:00,SYSTEM,BOT_CYCLE_COMPLETE,,,,,,Watched 6 active symbol(s); checked 0 signal candidate(s).
2026-05-13 03:18:46+00:00,SYSTEM,BOT_CYCLE_COMPLETE,,,,,,Watched 6 active symbol(s); checked 0 signal candidate(s).
2026-05-13 03:19:29+00:00,SYSTEM,BOT_CYCLE_COMPLETE,,,,,,Watched 6 active symbol(s); checked 0 signal candidate(s).
2026-05-13 03:20:13+00:00,SYSTEM,BOT_CYCLE_COMPLETE,,,,,,Watched 6 active symbol(s); checked 0 signal candidate(s).
2026-05-13 03:20:57+00:00,SYSTEM,BOT_CYCLE_COMPLETE,,,,,,Watched 6 active symbol(s); checked 0 signal candidate(s).
2026-05-13 03:21:40+00:00,SYSTEM,BOT_CYCLE_COMPLETE,,,,,,Watched 6 active symbol(s); checked 0 signal candidate(s).
2026-05-13 03:22:24+00:00,SYSTEM,BOT_CYCLE_COMPLETE,,,,,,Watched 6 active symbol(s); checked 0 signal candidate(s).
2026-05-13 03:23:07+00:00,SYSTEM,BOT_CYCLE_COMPLETE,,,,,,Watched 6 active symbol(s); checked 0 signal candidate(s).
2026-05-13 03:23:51+00:00,SYSTEM,BOT_CYCLE_COMPLETE,,,,,,Watched 6 active symbol(s); checked 0 signal candidate(s).
2026-05-13 03:24:34+00:00,SYSTEM,BOT_CYCLE_COMPLETE,,,,,,Watched 6 active symbol(s); checked 0 signal candidate(s).
2026-05-13 03:25:17+00:00,SYSTEM,BOT_CYCLE_COMPLETE,,,,,,Watched 6 active symbol(s); checked 0 signal candidate(s).
2026-05-13 03:26:01+00:00,SYSTEM,BOT_CYCLE_COMPLETE,,,,,,Watched 6 active symbol(s); checked 0 signal candidate(s).
2026-05-13 03:26:44+00:00,SYSTEM,BOT_CYCLE_COMPLETE,,,,,,Watched 6 active symbol(s); checked 0 signal candidate(s).
2026-05-13 03:27:28+00:00,SYSTEM,BOT_CYCLE_COMPLETE,,,,,,Watched 6 active symbol(s); checked 0 signal candidate(s).
2026-05-13 03:28:11+00:00,SYSTEM,BOT_CYCLE_COMPLETE,,,,,,Watched 6 active symbol(s); checked 0 signal candidate(s).
2026-05-13 03:28:54+00:00,SYSTEM,BOT_CYCLE_COMPLETE,,,,,,Watched 6 active symbol(s); checked 0 signal candidate(s).
2026-05-13 03:29:38+00:00,SYSTEM,BOT_CYCLE_COMPLETE,,,,,,Watched 6 active symbol(s); checked 0 signal candidate(s).
2026-05-13 03:30:21+00:00,SYSTEM,BOT_CYCLE_COMPLETE,,,,,,Watched 6 active symbol(s); checked 0 signal candidate(s).
2026-05-13 03:31:05+00:00,SYSTEM,BOT_CYCLE_COMPLETE,,,,,,Watched 6 active symbol(s); checked 0 signal candidate(s).
2026-05-13 03:31:49+00:00,SYSTEM,BOT_CYCLE_COMPLETE,,,,,,Watched 6 active symbol(s); checked 0 signal candidate(s).
2026-05-13 03:32:32+00:00,SYSTEM,BOT_CYCLE_COMPLETE,,,,,,Watched 6 active symbol(s); checked 0 signal candidate(s).
2026-05-13 03:33:15+00:00,SYSTEM,BOT_CYCLE_COMPLETE,,,,,,Watched 6 active symbol(s); checked 0 signal candidate(s).
2026-05-13 03:33:59+00:00,SYSTEM,BOT_CYCLE_COMPLETE,,,,,,Watched 6 active symbol(s); checked 0 signal candidate(s).
2026-05-13 03:34:44+00:00,SYSTEM,BOT_CYCLE_COMPLETE,,,,,,Watched 6 active symbol(s); checked 0 signal candidate(s).
2026-05-13 03:35:28+00:00,SYSTEM,BOT_CYCLE_COMPLETE,,,,,,Watched 6 active symbol(s); checked 0 signal candidate(s).
2026-05-13 03:36:11+00:00,SYSTEM,BOT_CYCLE_COMPLETE,,,,,,Watched 6 active symbol(s); checked 0 signal candidate(s).
2026-05-13 03:36:55+00:00,SYSTEM,BOT_CYCLE_COMPLETE,,,,,,Watched 6 active symbol(s); checked 0 signal candidate(s).
2026-05-13 03:37:38+00:00,SYSTEM,BOT_CYCLE_COMPLETE,,,,,,Watched 6 active symbol(s); checked 0 signal candidate(s).
2026-05-13 03:38:22+00:00,SYSTEM,BOT_CYCLE_COMPLETE,,,,,,Watched 6 active symbol(s); checked 0 signal candidate(s).
2026-05-13 03:39:05+00:00,SYSTEM,BOT_CYCLE_COMPLETE,,,,,,Watched 6 active symbol(s); checked 0 signal candidate(s).
2026-05-13 03:39:48+00:00,SYSTEM,BOT_CYCLE_COMPLETE,,,,,,Watched 6 active symbol(s); checked 0 signal candidate(s).
2026-05-13 03:40:32+00:00,SYSTEM,BOT_CYCLE_COMPLETE,,,,,,Watched 6 active symbol(s); checked 0 signal candidate(s).
2026-05-13 03:41:15+00:00,SYSTEM,BOT_CYCLE_COMPLETE,,,,,,Watched 6 active symbol(s); checked 0 signal candidate(s).
2026-05-13 03:41:58+00:00,SYSTEM,BOT_CYCLE_COMPLETE,,,,,,Watched 6 active symbol(s); checked 0 signal candidate(s).
2026-05-13 03:42:42+00:00,SYSTEM,BOT_CYCLE_COMPLETE,,,,,,Watched 6 active symbol(s); checked 0 signal candidate(s).
2026-05-13 03:43:25+00:00,SYSTEM,BOT_CYCLE_COMPLETE,,,,,,Watched 6 active symbol(s); checked 0 signal candidate(s).
2026-05-13 03:44:08+00:00,SYSTEM,BOT_CYCLE_COMPLETE,,,,,,Watched 6 active symbol(s); checked 0 signal candidate(s).
2026-05-13 03:44:51+00:00,SYSTEM,BOT_CYCLE_COMPLETE,,,,,,Watched 6 active symbol(s); checked 0 signal candidate(s).
2026-05-13 03:45:35+00:00,SYSTEM,BOT_CYCLE_COMPLETE,,,,,,Watched 6 active symbol(s); checked 0 signal candidate(s).
2026-05-13 03:46:18+00:00,SYSTEM,BOT_CYCLE_COMPLETE,,,,,,Watched 6 active symbol(s); checked 0 signal candidate(s).
2026-05-13 03:47:01+00:00,SYSTEM,BOT_CYCLE_COMPLETE,,,,,,Watched 6 active symbol(s); checked 0 signal candidate(s).
2026-05-13 03:47:44+00:00,SYSTEM,BOT_CYCLE_COMPLETE,,,,,,Watched 6 active symbol(s); checked 0 signal candidate(s).
2026-05-13 03:48:28+00:00,SYSTEM,BOT_CYCLE_COMPLETE,,,,,,Watched 6 active symbol(s); checked 0 signal candidate(s).
2026-05-13 03:49:11+00:00,SYSTEM,BOT_CYCLE_COMPLETE,,,,,,Watched 6 active symbol(s); checked 0 signal candidate(s).
2026-05-13 03:49:54+00:00,SYSTEM,BOT_CYCLE_COMPLETE,,,,,,Watched 6 active symbol(s); checked 0 signal candidate(s).
2026-05-13 03:50:38+00:00,SYSTEM,BOT_CYCLE_COMPLETE,,,,,,Watched 6 active symbol(s); checked 0 signal candidate(s).
2026-05-13 03:51:21+00:00,SYSTEM,BOT_CYCLE_COMPLETE,,,,,,Watched 6 active symbol(s); checked 0 signal candidate(s).
2026-05-13 03:52:04+00:00,SYSTEM,BOT_CYCLE_COMPLETE,,,,,,Watched 6 active symbol(s); checked 0 signal candidate(s).
2026-05-13 03:52:47+00:00,SYSTEM,BOT_CYCLE_COMPLETE,,,,,,Watched 6 active symbol(s); checked 0 signal candidate(s).
2026-05-13 03:53:31+00:00,SYSTEM,BOT_CYCLE_COMPLETE,,,,,,Watched 6 active symbol(s); checked 0 signal candidate(s).
2026-05-13 03:54:14+00:00,SYSTEM,BOT_CYCLE_COMPLETE,,,,,,Watched 6 active symbol(s); checked 0 signal candidate(s).
2026-05-13 03:54:57+00:00,SYSTEM,BOT_CYCLE_COMPLETE,,,,,,Watched 6 active symbol(s); checked 0 signal candidate(s).
2026-05-13 03:55:41+00:00,SYSTEM,BOT_CYCLE_COMPLETE,,,,,,Watched 6 active symbol(s); checked 0 signal candidate(s).
2026-05-13 03:56:24+00:00,SYSTEM,BOT_CYCLE_COMPLETE,,,,,,Watched 6 active symbol(s); checked 0 signal candidate(s).
2026-05-13 03:57:08+00:00,SYSTEM,BOT_CYCLE_COMPLETE,,,,,,Watched 6 active symbol(s); checked 0 signal candidate(s).
2026-05-13 03:57:51+00:00,SYSTEM,BOT_CYCLE_COMPLETE,,,,,,Watched 6 active symbol(s); checked 0 signal candidate(s).
2026-05-13 03:58:34+00:00,SYSTEM,BOT_CYCLE_COMPLETE,,,,,,Watched 6 active symbol(s); checked 0 signal candidate(s).
2026-05-13 03:59:18+00:00,SYSTEM,BOT_CYCLE_COMPLETE,,,,,,Watched 6 active symbol(s); checked 0 signal candidate(s).
2026-05-13 04:00:02+00:00,SYSTEM,BOT_CYCLE_COMPLETE,,,,,,Watched 6 active symbol(s); checked 0 signal candidate(s).
2026-05-13 04:00:46+00:00,SYSTEM,BOT_CYCLE_COMPLETE,,,,,,Watched 6 active symbol(s); checked 0 signal candidate(s).
2026-05-13 04:01:29+00:00,SYSTEM,BOT_CYCLE_COMPLETE,,,,,,Watched 6 active symbol(s); checked 0 signal candidate(s).
2026-05-13 04:02:13+00:00,SYSTEM,BOT_CYCLE_COMPLETE,,,,,,Watched 6 active symbol(s); checked 0 signal candidate(s).
2026-05-14 01:01:08+00:00,SYSTEM,BOT_CYCLE_COMPLETE,,,,,,Watched 6 active symbol(s); checked 0 signal candidate(s).
2026-05-14 01:02:16+00:00,SYSTEM,BOT_CYCLE_COMPLETE,,,,,,Watched 6 active symbol(s); checked 0 signal candidate(s).
2026-05-14 01:02:58+00:00,SYSTEM,BOT_CYCLE_COMPLETE,,,,,,Watched 6 active symbol(s); checked 0 signal candidate(s).
2026-05-14 01:03:41+00:00,SYSTEM,BOT_CYCLE_COMPLETE,,,,,,Watched 6 active symbol(s); checked 0 signal candidate(s).
2026-05-14 01:04:23+00:00,SYSTEM,BOT_CYCLE_COMPLETE,,,,,,Watched 6 active symbol(s); checked 0 signal candidate(s).
2026-05-14 01:05:05+00:00,SYSTEM,BOT_CYCLE_COMPLETE,,,,,,Watched 6 active symbol(s); checked 0 signal candidate(s).
2026-05-14 01:05:48+00:00,SYSTEM,BOT_CYCLE_COMPLETE,,,,,,Watched 6 active symbol(s); checked 0 signal candidate(s).
2026-05-14 01:06:31+00:00,SYSTEM,BOT_CYCLE_COMPLETE,,,,,,Watched 6 active symbol(s); checked 0 signal candidate(s).
2026-05-14 01:07:13+00:00,SYSTEM,BOT_CYCLE_COMPLETE,,,,,,Watched 6 active symbol(s); checked 0 signal candidate(s).
2026-05-14 01:07:56+00:00,SYSTEM,BOT_CYCLE_COMPLETE,,,,,,Watched 6 active symbol(s); checked 0 signal candidate(s).
2026-05-14 01:08:38+00:00,SYSTEM,BOT_CYCLE_COMPLETE,,,,,,Watched 6 active symbol(s); checked 0 signal candidate(s).
2026-05-14 01:09:21+00:00,SYSTEM,BOT_CYCLE_COMPLETE,,,,,,Watched 6 active symbol(s); checked 0 signal candidate(s).
2026-05-14 01:10:03+00:00,SYSTEM,BOT_CYCLE_COMPLETE,,,,,,Watched 6 active symbol(s); checked 0 signal candidate(s).
2026-05-14 01:10:45+00:00,SYSTEM,BOT_CYCLE_COMPLETE,,,,,,Watched 6 active symbol(s); checked 0 signal candidate(s).
2026-05-14 01:11:28+00:00,SYSTEM,BOT_CYCLE_COMPLETE,,,,,,Watched 6 active symbol(s); checked 0 signal candidate(s).
2026-05-14 01:12:11+00:00,SYSTEM,BOT_CYCLE_COMPLETE,,,,,,Watched 6 active symbol(s); checked 0 signal candidate(s).
2026-05-14 01:12:53+00:00,SYSTEM,BOT_CYCLE_COMPLETE,,,,,,Watched 6 active symbol(s); checked 0 signal candidate(s).
2026-05-14 01:13:36+00:00,SYSTEM,BOT_CYCLE_COMPLETE,,,,,,Watched 6 active symbol(s); checked 0 signal candidate(s).
2026-05-14 01:14:18+00:00,SYSTEM,BOT_CYCLE_COMPLETE,,,,,,Watched 6 active symbol(s); checked 0 signal candidate(s).
2026-05-14 01:15:00+00:00,SYSTEM,BOT_CYCLE_COMPLETE,,,,,,Watched 6 active symbol(s); checked 0 signal candidate(s).
2026-05-14 01:15:43+00:00,SYSTEM,BOT_CYCLE_COMPLETE,,,,,,Watched 6 active symbol(s); checked 0 signal candidate(s).
2026-05-14 01:16:25+00:00,SYSTEM,BOT_CYCLE_COMPLETE,,,,,,Watched 6 active symbol(s); checked 0 signal candidate(s).
2026-05-14 01:17:08+00:00,SYSTEM,BOT_CYCLE_COMPLETE,,,,,,Watched 6 active symbol(s); checked 0 signal candidate(s).
2026-05-14 01:17:50+00:00,SYSTEM,BOT_CYCLE_COMPLETE,,,,,,Watched 6 active symbol(s); checked 0 signal candidate(s).
2026-05-14 01:18:33+00:00,SYSTEM,BOT_CYCLE_COMPLETE,,,,,,Watched 6 active symbol(s); checked 0 signal candidate(s).
2026-05-14 01:19:15+00:00,SYSTEM,BOT_CYCLE_COMPLETE,,,,,,Watched 6 active symbol(s); checked 0 signal candidate(s).
2026-05-14 01:19:57+00:00,SYSTEM,BOT_CYCLE_COMPLETE,,,,,,Watched 6 active symbol(s); checked 0 signal candidate(s).
2026-05-14 01:20:40+00:00,SYSTEM,BOT_CYCLE_COMPLETE,,,,,,Watched 6 active symbol(s); checked 0 signal candidate(s).
2026-05-14 01:21:22+00:00,SYSTEM,BOT_CYCLE_COMPLETE,,,,,,Watched 6 active symbol(s); checked 0 signal candidate(s).
2026-05-14 01:22:05+00:00,SYSTEM,BOT_CYCLE_COMPLETE,,,,,,Watched 6 active symbol(s); checked 0 signal candidate(s).
2026-05-14 01:22:47+00:00,SYSTEM,BOT_CYCLE_COMPLETE,,,,,,Watched 6 active symbol(s); checked 0 signal candidate(s).
2026-05-14 01:23:29+00:00,SYSTEM,BOT_CYCLE_COMPLETE,,,,,,Watched 6 active symbol(s); checked 0 signal candidate(s).
2026-05-14 01:24:12+00:00,SYSTEM,BOT_CYCLE_COMPLETE,,,,,,Watched 6 active symbol(s); checked 0 signal candidate(s).
2026-05-14 01:24:54+00:00,SYSTEM,BOT_CYCLE_COMPLETE,,,,,,Watched 6 active symbol(s); checked 0 signal candidate(s).
2026-05-14 01:25:37+00:00,SYSTEM,BOT_CYCLE_COMPLETE,,,,,,Watched 6 active symbol(s); checked 0 signal candidate(s).
2026-05-14 01:26:19+00:00,SYSTEM,BOT_CYCLE_COMPLETE,,,,,,Watched 6 active symbol(s); checked 0 signal candidate(s).
2026-05-14 01:27:02+00:00,SYSTEM,BOT_CYCLE_COMPLETE,,,,,,Watched 6 active symbol(s); checked 0 signal candidate(s).
2026-05-14 01:27:44+00:00,SYSTEM,BOT_CYCLE_COMPLETE,,,,,,Watched 6 active symbol(s); checked 0 signal candidate(s).
2026-05-14 01:28:26+00:00,SYSTEM,BOT_CYCLE_COMPLETE,,,,,,Watched 6 active symbol(s); checked 0 signal candidate(s).
2026-05-14 01:29:09+00:00,SYSTEM,BOT_CYCLE_COMPLETE,,,,,,Watched 6 active symbol(s); checked 0 signal candidate(s).
2026-05-14 01:29:51+00:00,SYSTEM,BOT_CYCLE_COMPLETE,,,,,,Watched 6 active symbol(s); checked 0 signal candidate(s).
2026-05-14 01:30:34+00:00,SYSTEM,BOT_CYCLE_COMPLETE,,,,,,Watched 6 active symbol(s); checked 0 signal candidate(s).
2026-05-14 01:31:16+00:00,SYSTEM,BOT_CYCLE_COMPLETE,,,,,,Watched 6 active symbol(s); checked 0 signal candidate(s).
2026-05-14 01:31:59+00:00,SYSTEM,BOT_CYCLE_COMPLETE,,,,,,Watched 6 active symbol(s); checked 0 signal candidate(s).
2026-05-14 01:32:41+00:00,SYSTEM,BOT_CYCLE_COMPLETE,,,,,,Watched 6 active symbol(s); checked 0 signal candidate(s).
2026-05-14 01:33:24+00:00,SYSTEM,BOT_CYCLE_COMPLETE,,,,,,Watched 6 active symbol(s); checked 0 signal candidate(s).
2026-05-14 01:34:28+00:00,SYSTEM,BOT_CYCLE_COMPLETE,,,,,,Watched 6 active symbol(s); checked 0 signal candidate(s).
2026-05-14 01:34:30+00:00,No Lead Gasoline ($4.20),DEMO_AUTO_CLOSE_STOP_LOSS_SENT,,,,,Close demo position,P/L=-874.0. 
2026-05-14 01:35:12+00:00,SYSTEM,BOT_CYCLE_COMPLETE,,,,,,Watched 6 active symbol(s); checked 0 signal candidate(s).
2026-05-14 01:35:55+00:00,SYSTEM,BOT_CYCLE_COMPLETE,,,,,,Watched 6 active symbol(s); checked 0 signal candidate(s).
2026-05-14 01:36:39+00:00,SYSTEM,BOT_CYCLE_COMPLETE,,,,,,Watched 6 active symbol(s); checked 0 signal candidate(s).
2026-05-14 01:37:22+00:00,SYSTEM,BOT_CYCLE_COMPLETE,,,,,,Watched 6 active symbol(s); checked 0 signal candidate(s).
2026-05-14 01:38:05+00:00,SYSTEM,BOT_CYCLE_COMPLETE,,,,,,Watched 6 active symbol(s); checked 0 signal candidate(s).
2026-05-14 01:38:48+00:00,SYSTEM,BOT_CYCLE_COMPLETE,,,,,,Watched 6 active symbol(s); checked 0 signal candidate(s).
2026-05-14 01:39:31+00:00,SYSTEM,BOT_CYCLE_COMPLETE,,,,,,Watched 6 active symbol(s); checked 0 signal candidate(s).
2026-05-14 01:40:15+00:00,SYSTEM,BOT_CYCLE_COMPLETE,,,,,,Watched 6 active symbol(s); checked 0 signal candidate(s).
2026-05-14 01:41:04+00:00,SYSTEM,BOT_CYCLE_COMPLETE,,,,,,Watched 6 active symbol(s); checked 0 signal candidate(s).
2026-05-14 01:41:53+00:00,SYSTEM,BOT_CYCLE_COMPLETE,,,,,,Watched 6 active symbol(s); checked 0 signal candidate(s).
2026-05-14 01:42:37+00:00,SYSTEM,BOT_CYCLE_COMPLETE,,,,,,Watched 6 active symbol(s); checked 0 signal candidate(s).
2026-05-14 01:43:20+00:00,SYSTEM,BOT_CYCLE_COMPLETE,,,,,,Watched 6 active symbol(s); checked 0 signal candidate(s).
2026-05-14 01:44:03+00:00,SYSTEM,BOT_CYCLE_COMPLETE,,,,,,Watched 6 active symbol(s); checked 0 signal candidate(s).
2026-05-14 01:44:47+00:00,SYSTEM,BOT_CYCLE_COMPLETE,,,,,,Watched 6 active symbol(s); checked 0 signal candidate(s).
2026-05-14 01:45:30+00:00,SYSTEM,BOT_CYCLE_COMPLETE,,,,,,Watched 6 active symbol(s); checked 0 signal candidate(s).
2026-05-14 01:46:13+00:00,SYSTEM,BOT_CYCLE_COMPLETE,,,,,,Watched 6 active symbol(s); checked 0 signal candidate(s).
2026-05-14 01:46:56+00:00,SYSTEM,BOT_CYCLE_COMPLETE,,,,,,Watched 6 active symbol(s); checked 0 signal candidate(s).
2026-05-14 01:47:39+00:00,SYSTEM,BOT_CYCLE_COMPLETE,,,,,,Watched 6 active symbol(s); checked 0 signal candidate(s).
2026-05-14 01:48:23+00:00,SYSTEM,BOT_CYCLE_COMPLETE,,,,,,Watched 6 active symbol(s); checked 0 signal candidate(s).
2026-05-14 01:49:06+00:00,SYSTEM,BOT_CYCLE_COMPLETE,,,,,,Watched 6 active symbol(s); checked 0 signal candidate(s).
2026-05-14 01:49:49+00:00,SYSTEM,BOT_CYCLE_COMPLETE,,,,,,Watched 6 active symbol(s); checked 0 signal candidate(s).
2026-05-14 01:50:32+00:00,SYSTEM,BOT_CYCLE_COMPLETE,,,,,,Watched 6 active symbol(s); checked 0 signal candidate(s).
2026-05-14 01:51:16+00:00,SYSTEM,BOT_CYCLE_COMPLETE,,,,,,Watched 6 active symbol(s); checked 0 signal candidate(s).
2026-05-14 01:51:59+00:00,SYSTEM,BOT_CYCLE_COMPLETE,,,,,,Watched 6 active symbol(s); checked 0 signal candidate(s).
2026-05-14 01:52:42+00:00,SYSTEM,BOT_CYCLE_COMPLETE,,,,,,Watched 6 active symbol(s); checked 0 signal candidate(s).
2026-05-14 01:53:25+00:00,SYSTEM,BOT_CYCLE_COMPLETE,,,,,,Watched 6 active symbol(s); checked 0 signal candidate(s).
2026-05-14 01:54:08+00:00,SYSTEM,BOT_CYCLE_COMPLETE,,,,,,Watched 6 active symbol(s); checked 0 signal candidate(s).
2026-05-14 01:54:51+00:00,SYSTEM,BOT_CYCLE_COMPLETE,,,,,,Watched 6 active symbol(s); checked 0 signal candidate(s).
2026-05-14 01:55:35+00:00,SYSTEM,BOT_CYCLE_COMPLETE,,,,,,Watched 6 active symbol(s); checked 0 signal candidate(s).
2026-05-14 01:56:18+00:00,SYSTEM,BOT_CYCLE_COMPLETE,,,,,,Watched 6 active symbol(s); checked 0 signal candidate(s).
2026-05-14 01:57:01+00:00,SYSTEM,BOT_CYCLE_COMPLETE,,,,,,Watched 6 active symbol(s); checked 0 signal candidate(s).
2026-05-14 01:57:45+00:00,SYSTEM,BOT_CYCLE_COMPLETE,,,,,,Watched 6 active symbol(s); checked 0 signal candidate(s).
2026-05-14 01:58:28+00:00,SYSTEM,BOT_CYCLE_COMPLETE,,,,,,Watched 6 active symbol(s); checked 0 signal candidate(s).
2026-05-14 01:59:11+00:00,SYSTEM,BOT_CYCLE_COMPLETE,,,,,,Watched 6 active symbol(s); checked 0 signal candidate(s).
2026-05-14 01:59:54+00:00,SYSTEM,BOT_CYCLE_COMPLETE,,,,,,Watched 6 active symbol(s); checked 0 signal candidate(s).
2026-05-14 02:00:37+00:00,SYSTEM,BOT_CYCLE_COMPLETE,,,,,,Watched 6 active symbol(s); checked 0 signal candidate(s).
2026-05-14 02:01:20+00:00,SYSTEM,BOT_CYCLE_COMPLETE,,,,,,Watched 6 active symbol(s); checked 0 signal candidate(s).
2026-05-14 02:02:04+00:00,SYSTEM,BOT_CYCLE_COMPLETE,,,,,,Watched 6 active symbol(s); checked 0 signal candidate(s).
2026-05-14 02:02:47+00:00,SYSTEM,BOT_CYCLE_COMPLETE,,,,,,Watched 6 active symbol(s); checked 0 signal candidate(s).
2026-05-14 02:03:30+00:00,SYSTEM,BOT_CYCLE_COMPLETE,,,,,,Watched 6 active symbol(s); checked 0 signal candidate(s).
2026-05-14 02:04:13+00:00,SYSTEM,BOT_CYCLE_COMPLETE,,,,,,Watched 6 active symbol(s); checked 0 signal candidate(s).
2026-05-14 02:04:56+00:00,SYSTEM,BOT_CYCLE_COMPLETE,,,,,,Watched 6 active symbol(s); checked 0 signal candidate(s).
2026-05-14 02:05:39+00:00,SYSTEM,BOT_CYCLE_COMPLETE,,,,,,Watched 6 active symbol(s); checked 0 signal candidate(s).
2026-05-14 02:06:22+00:00,SYSTEM,BOT_CYCLE_COMPLETE,,,,,,Watched 6 active symbol(s); checked 0 signal candidate(s).
2026-05-14 02:07:05+00:00,SYSTEM,BOT_CYCLE_COMPLETE,,,,,,Watched 6 active symbol(s); checked 0 signal candidate(s).
2026-05-14 02:07:48+00:00,SYSTEM,BOT_CYCLE_COMPLETE,,,,,,Watched 6 active symbol(s); checked 0 signal candidate(s).
2026-05-14 02:08:31+00:00,SYSTEM,BOT_CYCLE_COMPLETE,,,,,,Watched 6 active symbol(s); checked 0 signal candidate(s).
2026-05-14 02:09:14+00:00,SYSTEM,BOT_CYCLE_COMPLETE,,,,,,Watched 6 active symbol(s); checked 0 signal candidate(s).
2026-05-14 02:09:57+00:00,SYSTEM,BOT_CYCLE_COMPLETE,,,,,,Watched 6 active symbol(s); checked 0 signal candidate(s).
2026-05-14 02:10:40+00:00,SYSTEM,BOT_CYCLE_COMPLETE,,,,,,Watched 6 active symbol(s); checked 0 signal candidate(s).
2026-05-14 02:11:23+00:00,SYSTEM,BOT_CYCLE_COMPLETE,,,,,,Watched 6 active symbol(s); checked 0 signal candidate(s).
2026-05-14 02:12:06+00:00,SYSTEM,BOT_CYCLE_COMPLETE,,,,,,Watched 6 active symbol(s); checked 0 signal candidate(s).
2026-05-14 02:12:49+00:00,SYSTEM,BOT_CYCLE_COMPLETE,,,,,,Watched 6 active symbol(s); checked 0 signal candidate(s).
2026-05-14 02:13:32+00:00,SYSTEM,BOT_CYCLE_COMPLETE,,,,,,Watched 6 active symbol(s); checked 0 signal candidate(s).
2026-05-14 02:14:15+00:00,SYSTEM,BOT_CYCLE_COMPLETE,,,,,,Watched 6 active symbol(s); checked 0 signal candidate(s).
2026-05-14 02:14:58+00:00,SYSTEM,BOT_CYCLE_COMPLETE,,,,,,Watched 6 active symbol(s); checked 0 signal candidate(s).
2026-05-14 02:15:36+00:00,CSCO,BASE_PRICE_SAVED,101.87,,,,,
2026-05-14 02:15:42+00:00,SYSTEM,BOT_CYCLE_COMPLETE,,,,,,Watched 6 active symbol(s); checked 0 signal candidate(s).
2026-05-14 02:16:20+00:00,CSCO,BASE_PRICE_SAVED,101.87,,,,,
2026-05-14 02:16:26+00:00,SYSTEM,BOT_CYCLE_COMPLETE,,,,,,Watched 6 active symbol(s); checked 0 signal candidate(s).
2026-05-14 02:17:03+00:00,CSCO,BASE_PRICE_SAVED,101.87,,,,,
2026-05-14 02:17:09+00:00,SYSTEM,BOT_CYCLE_COMPLETE,,,,,,Watched 6 active symbol(s); checked 0 signal candidate(s).
2026-05-14 02:17:46+00:00,CSCO,BASE_PRICE_SAVED,101.87,,,,,
2026-05-14 02:17:52+00:00,SYSTEM,BOT_CYCLE_COMPLETE,,,,,,Watched 6 active symbol(s); checked 0 signal candidate(s).
2026-05-14 02:18:30+00:00,CSCO,BASE_PRICE_SAVED,101.87,,,,,
2026-05-14 02:18:36+00:00,SYSTEM,BOT_CYCLE_COMPLETE,,,,,,Watched 6 active symbol(s); checked 0 signal candidate(s).
2026-05-14 02:19:13+00:00,CSCO,BASE_PRICE_SAVED,101.87,,,,,
2026-05-14 02:19:19+00:00,SYSTEM,BOT_CYCLE_COMPLETE,,,,,,Watched 6 active symbol(s); checked 0 signal candidate(s).
2026-05-14 02:19:56+00:00,CSCO,BASE_PRICE_SAVED,101.87,,,,,
2026-05-14 02:20:02+00:00,SYSTEM,BOT_CYCLE_COMPLETE,,,,,,Watched 6 active symbol(s); checked 0 signal candidate(s).
2026-05-14 02:20:40+00:00,CSCO,BASE_PRICE_SAVED,101.87,,,,,
2026-05-14 02:20:46+00:00,SYSTEM,BOT_CYCLE_COMPLETE,,,,,,Watched 6 active symbol(s); checked 0 signal candidate(s).
2026-05-14 02:21:23+00:00,CSCO,BASE_PRICE_SAVED,101.87,,,,,
2026-05-14 02:21:29+00:00,SYSTEM,BOT_CYCLE_COMPLETE,,,,,,Watched 6 active symbol(s); checked 0 signal candidate(s).
2026-05-14 02:22:06+00:00,CSCO,BASE_PRICE_SAVED,101.87,,,,,
2026-05-14 02:22:12+00:00,SYSTEM,BOT_CYCLE_COMPLETE,,,,,,Watched 6 active symbol(s); checked 0 signal candidate(s).
2026-05-14 02:22:49+00:00,CSCO,BASE_PRICE_SAVED,101.87,,,,,
2026-05-14 02:22:55+00:00,SYSTEM,BOT_CYCLE_COMPLETE,,,,,,Watched 6 active symbol(s); checked 0 signal candidate(s).
2026-05-14 02:23:33+00:00,CSCO,BASE_PRICE_SAVED,101.87,,,,,
2026-05-14 02:23:39+00:00,SYSTEM,BOT_CYCLE_COMPLETE,,,,,,Watched 6 active symbol(s); checked 0 signal candidate(s).
2026-05-14 02:24:16+00:00,CSCO,BASE_PRICE_SAVED,101.87,,,,,
2026-05-14 02:24:22+00:00,SYSTEM,BOT_CYCLE_COMPLETE,,,,,,Watched 6 active symbol(s); checked 0 signal candidate(s).
2026-05-14 02:24:59+00:00,CSCO,BASE_PRICE_SAVED,101.87,,,,,
2026-05-14 02:25:05+00:00,SYSTEM,BOT_CYCLE_COMPLETE,,,,,,Watched 6 active symbol(s); checked 0 signal candidate(s).
2026-05-14 02:25:43+00:00,CSCO,BASE_PRICE_SAVED,101.87,,,,,
2026-05-14 02:25:49+00:00,SYSTEM,BOT_CYCLE_COMPLETE,,,,,,Watched 6 active symbol(s); checked 0 signal candidate(s).
2026-05-14 02:26:26+00:00,CSCO,BASE_PRICE_SAVED,101.87,,,,,
2026-05-14 02:26:32+00:00,SYSTEM,BOT_CYCLE_COMPLETE,,,,,,Watched 6 active symbol(s); checked 0 signal candidate(s).
2026-05-14 02:27:09+00:00,CSCO,BASE_PRICE_SAVED,101.87,,,,,
2026-05-14 02:27:15+00:00,SYSTEM,BOT_CYCLE_COMPLETE,,,,,,Watched 6 active symbol(s); checked 0 signal candidate(s).
2026-05-14 02:27:53+00:00,CSCO,BASE_PRICE_SAVED,101.87,,,,,
2026-05-14 02:27:59+00:00,SYSTEM,BOT_CYCLE_COMPLETE,,,,,,Watched 6 active symbol(s); checked 0 signal candidate(s).
2026-05-14 02:28:36+00:00,CSCO,BASE_PRICE_SAVED,101.87,,,,,
2026-05-14 02:28:42+00:00,SYSTEM,BOT_CYCLE_COMPLETE,,,,,,Watched 6 active symbol(s); checked 0 signal candidate(s).
2026-05-14 02:29:19+00:00,CSCO,BASE_PRICE_SAVED,101.87,,,,,
2026-05-14 02:29:25+00:00,SYSTEM,BOT_CYCLE_COMPLETE,,,,,,Watched 6 active symbol(s); checked 0 signal candidate(s).
2026-05-14 02:30:02+00:00,CSCO,BASE_PRICE_SAVED,101.87,,,,,
2026-05-14 02:30:08+00:00,SYSTEM,BOT_CYCLE_COMPLETE,,,,,,Watched 6 active symbol(s); checked 0 signal candidate(s).
2026-05-14 02:30:46+00:00,CSCO,BASE_PRICE_SAVED,101.87,,,,,
2026-05-14 02:30:52+00:00,SYSTEM,BOT_CYCLE_COMPLETE,,,,,,Watched 6 active symbol(s); checked 0 signal candidate(s).
2026-05-14 02:31:29+00:00,CSCO,BASE_PRICE_SAVED,101.87,,,,,
2026-05-14 02:31:35+00:00,SYSTEM,BOT_CYCLE_COMPLETE,,,,,,Watched 6 active symbol(s); checked 0 signal candidate(s).
2026-05-14 02:32:13+00:00,CSCO,BASE_PRICE_SAVED,101.87,,,,,
2026-05-14 02:32:19+00:00,SYSTEM,BOT_CYCLE_COMPLETE,,,,,,Watched 6 active symbol(s); checked 0 signal candidate(s).
2026-05-14 02:32:56+00:00,CSCO,BASE_PRICE_SAVED,101.87,,,,,
2026-05-14 02:33:02+00:00,SYSTEM,BOT_CYCLE_COMPLETE,,,,,,Watched 6 active symbol(s); checked 0 signal candidate(s).
2026-05-14 02:33:40+00:00,CSCO,BASE_PRICE_SAVED,101.87,,,,,
2026-05-14 02:33:46+00:00,SYSTEM,BOT_CYCLE_COMPLETE,,,,,,Watched 6 active symbol(s); checked 0 signal candidate(s).
2026-05-14 02:34:23+00:00,CSCO,BASE_PRICE_SAVED,101.87,,,,,
2026-05-14 02:34:29+00:00,SYSTEM,BOT_CYCLE_COMPLETE,,,,,,Watched 6 active symbol(s); checked 0 signal candidate(s).
2026-05-14 02:35:06+00:00,CSCO,BASE_PRICE_SAVED,101.87,,,,,
2026-05-14 02:35:12+00:00,SYSTEM,BOT_CYCLE_COMPLETE,,,,,,Watched 6 active symbol(s); checked 0 signal candidate(s).
2026-05-14 02:35:50+00:00,CSCO,BASE_PRICE_SAVED,101.87,,,,,
2026-05-14 02:35:56+00:00,SYSTEM,BOT_CYCLE_COMPLETE,,,,,,Watched 6 active symbol(s); checked 0 signal candidate(s).
2026-05-14 02:36:34+00:00,CSCO,BASE_PRICE_SAVED,101.87,,,,,
2026-05-14 02:36:40+00:00,SYSTEM,BOT_CYCLE_COMPLETE,,,,,,Watched 6 active symbol(s); checked 0 signal candidate(s).
2026-05-14 02:37:18+00:00,CSCO,BASE_PRICE_SAVED,101.87,,,,,
2026-05-14 02:37:24+00:00,SYSTEM,BOT_CYCLE_COMPLETE,,,,,,Watched 6 active symbol(s); checked 0 signal candidate(s).
2026-05-14 02:38:01+00:00,CSCO,BASE_PRICE_SAVED,101.87,,,,,
2026-05-14 02:38:07+00:00,SYSTEM,BOT_CYCLE_COMPLETE,,,,,,Watched 6 active symbol(s); checked 0 signal candidate(s).
2026-05-14 02:38:44+00:00,CSCO,BASE_PRICE_SAVED,101.87,,,,,
2026-05-14 02:38:50+00:00,SYSTEM,BOT_CYCLE_COMPLETE,,,,,,Watched 6 active symbol(s); checked 0 signal candidate(s).
2026-05-14 02:39:28+00:00,CSCO,BASE_PRICE_SAVED,101.87,,,,,
2026-05-14 02:39:34+00:00,SYSTEM,BOT_CYCLE_COMPLETE,,,,,,Watched 6 active symbol(s); checked 0 signal candidate(s).
2026-05-14 02:40:11+00:00,CSCO,BASE_PRICE_SAVED,101.87,,,,,
2026-05-14 02:40:17+00:00,SYSTEM,BOT_CYCLE_COMPLETE,,,,,,Watched 6 active symbol(s); checked 0 signal candidate(s).
2026-05-14 02:40:55+00:00,CSCO,BASE_PRICE_SAVED,101.87,,,,,
2026-05-14 02:41:01+00:00,SYSTEM,BOT_CYCLE_COMPLETE,,,,,,Watched 6 active symbol(s); checked 0 signal candidate(s).
2026-05-14 02:41:38+00:00,CSCO,BASE_PRICE_SAVED,101.87,,,,,
2026-05-14 02:41:44+00:00,SYSTEM,BOT_CYCLE_COMPLETE,,,,,,Watched 6 active symbol(s); checked 0 signal candidate(s).
2026-05-14 02:42:21+00:00,CSCO,BASE_PRICE_SAVED,101.87,,,,,
2026-05-14 02:42:27+00:00,SYSTEM,BOT_CYCLE_COMPLETE,,,,,,Watched 6 active symbol(s); checked 0 signal candidate(s).
2026-05-14 02:43:05+00:00,CSCO,BASE_PRICE_SAVED,101.87,,,,,
2026-05-14 02:43:11+00:00,SYSTEM,BOT_CYCLE_COMPLETE,,,,,,Watched 6 active symbol(s); checked 0 signal candidate(s).
2026-05-14 02:43:48+00:00,CSCO,BASE_PRICE_SAVED,101.87,,,,,
2026-05-14 02:43:57+00:00,SYSTEM,BOT_CYCLE_COMPLETE,,,,,,Watched 6 active symbol(s); checked 0 signal candidate(s).
2026-05-14 02:44:40+00:00,CSCO,BASE_PRICE_SAVED,101.87,,,,,
2026-05-14 02:44:46+00:00,SYSTEM,BOT_CYCLE_COMPLETE,,,,,,Watched 6 active symbol(s); checked 0 signal candidate(s).
2026-05-14 02:45:24+00:00,CSCO,SIGNAL_CHECK,101.87,101.87,0.0,NO_SIGNAL,PAPER EVALUATION: no trade signal,
2026-05-14 02:45:30+00:00,SYSTEM,BOT_CYCLE_COMPLETE,,,,,,Watched 6 active symbol(s); checked 1 signal candidate(s).
2026-05-14 02:46:08+00:00,CSCO,SIGNAL_CHECK,101.87,101.87,0.0,NO_SIGNAL,PAPER EVALUATION: no trade signal,
2026-05-14 02:46:15+00:00,SYSTEM,BOT_CYCLE_COMPLETE,,,,,,Watched 6 active symbol(s); checked 1 signal candidate(s).
2026-05-14 02:46:54+00:00,CSCO,SIGNAL_CHECK,101.87,101.87,0.0,NO_SIGNAL,PAPER EVALUATION: no trade signal,
2026-05-14 02:47:00+00:00,SYSTEM,BOT_CYCLE_COMPLETE,,,,,,Watched 6 active symbol(s); checked 1 signal candidate(s).
2026-05-14 02:47:39+00:00,CSCO,SIGNAL_CHECK,101.87,101.87,0.0,NO_SIGNAL,PAPER EVALUATION: no trade signal,
2026-05-14 02:47:45+00:00,SYSTEM,BOT_CYCLE_COMPLETE,,,,,,Watched 6 active symbol(s); checked 1 signal candidate(s).
2026-05-14 02:48:23+00:00,CSCO,SIGNAL_CHECK,101.87,101.87,0.0,NO_SIGNAL,PAPER EVALUATION: no trade signal,
2026-05-14 02:48:29+00:00,SYSTEM,BOT_CYCLE_COMPLETE,,,,,,Watched 6 active symbol(s); checked 1 signal candidate(s).
2026-05-14 02:49:07+00:00,CSCO,SIGNAL_CHECK,101.87,101.87,0.0,NO_SIGNAL,PAPER EVALUATION: no trade signal,
2026-05-14 02:49:13+00:00,SYSTEM,BOT_CYCLE_COMPLETE,,,,,,Watched 6 active symbol(s); checked 1 signal candidate(s).
2026-05-14 02:49:52+00:00,CSCO,SIGNAL_CHECK,101.87,101.87,0.0,NO_SIGNAL,PAPER EVALUATION: no trade signal,
2026-05-14 02:49:58+00:00,SYSTEM,BOT_CYCLE_COMPLETE,,,,,,Watched 6 active symbol(s); checked 1 signal candidate(s).
2026-05-14 02:50:36+00:00,CSCO,SIGNAL_CHECK,101.87,101.87,0.0,NO_SIGNAL,PAPER EVALUATION: no trade signal,
2026-05-14 02:50:42+00:00,SYSTEM,BOT_CYCLE_COMPLETE,,,,,,Watched 6 active symbol(s); checked 1 signal candidate(s).
2026-05-14 02:51:20+00:00,CSCO,SIGNAL_CHECK,101.87,101.87,0.0,NO_SIGNAL,PAPER EVALUATION: no trade signal,
2026-05-14 02:51:26+00:00,SYSTEM,BOT_CYCLE_COMPLETE,,,,,,Watched 6 active symbol(s); checked 1 signal candidate(s).
2026-05-14 02:52:03+00:00,CSCO,SIGNAL_CHECK,101.87,101.87,0.0,NO_SIGNAL,PAPER EVALUATION: no trade signal,
2026-05-14 02:52:09+00:00,SYSTEM,BOT_CYCLE_COMPLETE,,,,,,Watched 6 active symbol(s); checked 1 signal candidate(s).
2026-05-14 02:52:52+00:00,CSCO,SIGNAL_CHECK,101.87,101.87,0.0,NO_SIGNAL,PAPER EVALUATION: no trade signal,
2026-05-14 02:52:58+00:00,SYSTEM,BOT_CYCLE_COMPLETE,,,,,,Watched 6 active symbol(s); checked 1 signal candidate(s).
2026-05-14 02:53:36+00:00,CSCO,SIGNAL_CHECK,101.87,101.87,0.0,NO_SIGNAL,PAPER EVALUATION: no trade signal,
2026-05-14 02:53:42+00:00,SYSTEM,BOT_CYCLE_COMPLETE,,,,,,Watched 6 active symbol(s); checked 1 signal candidate(s).
2026-05-14 02:54:26+00:00,CSCO,SIGNAL_CHECK,101.87,101.87,0.0,NO_SIGNAL,PAPER EVALUATION: no trade signal,
2026-05-14 02:54:32+00:00,SYSTEM,BOT_CYCLE_COMPLETE,,,,,,Watched 6 active symbol(s); checked 1 signal candidate(s).
2026-05-14 02:55:10+00:00,CSCO,SIGNAL_CHECK,101.87,101.87,0.0,NO_SIGNAL,PAPER EVALUATION: no trade signal,
2026-05-14 02:55:16+00:00,SYSTEM,BOT_CYCLE_COMPLETE,,,,,,Watched 6 active symbol(s); checked 1 signal candidate(s).
2026-05-14 02:55:54+00:00,CSCO,SIGNAL_CHECK,101.87,101.87,0.0,NO_SIGNAL,PAPER EVALUATION: no trade signal,
2026-05-14 02:56:00+00:00,SYSTEM,BOT_CYCLE_COMPLETE,,,,,,Watched 6 active symbol(s); checked 1 signal candidate(s).
2026-05-14 02:56:39+00:00,CSCO,SIGNAL_CHECK,101.87,101.87,0.0,NO_SIGNAL,PAPER EVALUATION: no trade signal,
2026-05-14 02:56:45+00:00,SYSTEM,BOT_CYCLE_COMPLETE,,,,,,Watched 6 active symbol(s); checked 1 signal candidate(s).
2026-05-14 02:57:22+00:00,CSCO,SIGNAL_CHECK,101.87,101.87,0.0,NO_SIGNAL,PAPER EVALUATION: no trade signal,
2026-05-14 02:57:28+00:00,SYSTEM,BOT_CYCLE_COMPLETE,,,,,,Watched 6 active symbol(s); checked 1 signal candidate(s).
2026-05-14 02:58:11+00:00,CSCO,SIGNAL_CHECK,101.87,101.87,0.0,NO_SIGNAL,PAPER EVALUATION: no trade signal,
2026-05-14 02:58:17+00:00,SYSTEM,BOT_CYCLE_COMPLETE,,,,,,Watched 6 active symbol(s); checked 1 signal candidate(s).
2026-05-14 02:58:55+00:00,CSCO,SIGNAL_CHECK,101.87,101.87,0.0,NO_SIGNAL,PAPER EVALUATION: no trade signal,
2026-05-14 02:59:04+00:00,SYSTEM,BOT_CYCLE_COMPLETE,,,,,,Watched 6 active symbol(s); checked 1 signal candidate(s).
2026-05-14 02:59:42+00:00,CSCO,SIGNAL_CHECK,101.87,101.87,0.0,NO_SIGNAL,PAPER EVALUATION: no trade signal,
2026-05-14 02:59:49+00:00,SYSTEM,BOT_CYCLE_COMPLETE,,,,,,Watched 6 active symbol(s); checked 1 signal candidate(s).
2026-05-14 03:00:26+00:00,CSCO,SIGNAL_CHECK,101.87,101.87,0.0,NO_SIGNAL,PAPER EVALUATION: no trade signal,
2026-05-14 03:00:32+00:00,SYSTEM,BOT_CYCLE_COMPLETE,,,,,,Watched 6 active symbol(s); checked 1 signal candidate(s).
2026-05-14 03:01:16+00:00,CSCO,SIGNAL_CHECK,101.87,101.87,0.0,NO_SIGNAL,PAPER EVALUATION: no trade signal,
2026-05-14 03:01:25+00:00,SYSTEM,BOT_CYCLE_COMPLETE,,,,,,Watched 6 active symbol(s); checked 1 signal candidate(s).
2026-05-14 03:02:08+00:00,CSCO,SIGNAL_CHECK,101.87,101.87,0.0,NO_SIGNAL,PAPER EVALUATION: no trade signal,
2026-05-14 03:02:14+00:00,SYSTEM,BOT_CYCLE_COMPLETE,,,,,,Watched 6 active symbol(s); checked 1 signal candidate(s).
2026-05-14 03:02:52+00:00,CSCO,SIGNAL_CHECK,101.87,101.87,0.0,NO_SIGNAL,PAPER EVALUATION: no trade signal,
2026-05-14 03:02:58+00:00,SYSTEM,BOT_CYCLE_COMPLETE,,,,,,Watched 6 active symbol(s); checked 1 signal candidate(s).
2026-05-14 03:03:36+00:00,CSCO,SIGNAL_CHECK,101.87,101.87,0.0,NO_SIGNAL,PAPER EVALUATION: no trade signal,
2026-05-14 03:03:43+00:00,SYSTEM,BOT_CYCLE_COMPLETE,,,,,,Watched 6 active symbol(s); checked 1 signal candidate(s).
2026-05-14 03:58:32+00:00,SYSTEM,BOT_CYCLE_COMPLETE,,,,,,Checked 0 signal candidate(s).
2026-05-14 03:59:10+00:00,SYSTEM,BOT_CYCLE_COMPLETE,,,,,,Checked 0 signal candidate(s).
2026-05-14 03:59:47+00:00,SYSTEM,BOT_CYCLE_COMPLETE,,,,,,Checked 0 signal candidate(s).
2026-05-14 04:00:25+00:00,SYSTEM,BOT_CYCLE_COMPLETE,,,,,,Checked 0 signal candidate(s).
2026-05-14 04:01:02+00:00,SYSTEM,BOT_CYCLE_COMPLETE,,,,,,Checked 0 signal candidate(s).
2026-05-14 04:01:40+00:00,SYSTEM,BOT_CYCLE_COMPLETE,,,,,,Checked 0 signal candidate(s).
2026-05-14 04:02:18+00:00,SYSTEM,BOT_CYCLE_COMPLETE,,,,,,Checked 0 signal candidate(s).
2026-05-14 04:02:55+00:00,SYSTEM,BOT_CYCLE_COMPLETE,,,,,,Checked 0 signal candidate(s).
2026-05-14 04:03:33+00:00,SYSTEM,BOT_CYCLE_COMPLETE,,,,,,Checked 0 signal candidate(s).
2026-05-14 04:04:10+00:00,SYSTEM,BOT_CYCLE_COMPLETE,,,,,,Checked 0 signal candidate(s).
2026-05-14 04:04:47+00:00,SYSTEM,BOT_CYCLE_COMPLETE,,,,,,Checked 0 signal candidate(s).
2026-05-14 04:05:25+00:00,SYSTEM,BOT_CYCLE_COMPLETE,,,,,,Checked 0 signal candidate(s).
2026-05-14 04:06:02+00:00,SYSTEM,BOT_CYCLE_COMPLETE,,,,,,Checked 0 signal candidate(s).
2026-05-14 04:06:40+00:00,SYSTEM,BOT_CYCLE_COMPLETE,,,,,,Checked 0 signal candidate(s).
2026-05-14 04:07:17+00:00,SYSTEM,BOT_CYCLE_COMPLETE,,,,,,Checked 0 signal candidate(s).
2026-05-14 04:07:54+00:00,SYSTEM,BOT_CYCLE_COMPLETE,,,,,,Checked 0 signal candidate(s).
2026-05-14 04:08:32+00:00,SYSTEM,BOT_CYCLE_COMPLETE,,,,,,Checked 0 signal candidate(s).
2026-05-14 04:09:10+00:00,SYSTEM,BOT_CYCLE_COMPLETE,,,,,,Checked 0 signal candidate(s).
2026-05-14 04:09:47+00:00,SYSTEM,BOT_CYCLE_COMPLETE,,,,,,Checked 0 signal candidate(s).
2026-05-14 04:10:25+00:00,SYSTEM,BOT_CYCLE_COMPLETE,,,,,,Checked 0 signal candidate(s).
2026-05-14 04:11:02+00:00,SYSTEM,BOT_CYCLE_COMPLETE,,,,,,Checked 0 signal candidate(s).
2026-05-14 04:11:40+00:00,SYSTEM,BOT_CYCLE_COMPLETE,,,,,,Checked 0 signal candidate(s).
2026-05-14 04:12:17+00:00,SYSTEM,BOT_CYCLE_COMPLETE,,,,,,Checked 0 signal candidate(s).
2026-05-14 04:12:54+00:00,SYSTEM,BOT_CYCLE_COMPLETE,,,,,,Checked 0 signal candidate(s).
2026-05-14 04:13:32+00:00,SYSTEM,BOT_CYCLE_COMPLETE,,,,,,Checked 0 signal candidate(s).
2026-05-14 04:14:09+00:00,SYSTEM,BOT_CYCLE_COMPLETE,,,,,,Checked 0 signal candidate(s).
2026-05-14 04:14:46+00:00,SYSTEM,BOT_CYCLE_COMPLETE,,,,,,Checked 0 signal candidate(s).
2026-05-14 04:15:24+00:00,SYSTEM,BOT_CYCLE_COMPLETE,,,,,,Checked 0 signal candidate(s).
2026-05-14 04:16:01+00:00,SYSTEM,BOT_CYCLE_COMPLETE,,,,,,Checked 0 signal candidate(s).
2026-05-14 07:16:37+00:00,SYSTEM,BOT_CYCLE_COMPLETE,,,,,,Checked 0 signal candidate(s).
2026-05-16 02:13:19+00:00,SYSTEM,BOT_CYCLE_COMPLETE,,,,,,Checked 0 signal candidate(s).
2026-05-16 02:13:58+00:00,SYSTEM,BOT_CYCLE_COMPLETE,,,,,,Checked 0 signal candidate(s).
2026-05-16 02:14:35+00:00,SYSTEM,BOT_CYCLE_COMPLETE,,,,,,Checked 0 signal candidate(s).
2026-05-16 02:15:11+00:00,SYSTEM,BOT_CYCLE_COMPLETE,,,,,,Checked 0 signal candidate(s).
2026-05-16 02:15:48+00:00,SYSTEM,BOT_CYCLE_COMPLETE,,,,,,Checked 0 signal candidate(s).
2026-05-16 02:16:25+00:00,SYSTEM,BOT_CYCLE_COMPLETE,,,,,,Checked 0 signal candidate(s).
2026-05-16 02:17:02+00:00,SYSTEM,BOT_CYCLE_COMPLETE,,,,,,Checked 0 signal candidate(s).
2026-05-16 02:17:39+00:00,SYSTEM,BOT_CYCLE_COMPLETE,,,,,,Checked 0 signal candidate(s).
2026-05-16 02:18:15+00:00,SYSTEM,BOT_CYCLE_COMPLETE,,,,,,Checked 0 signal candidate(s).
2026-05-16 02:18:52+00:00,SYSTEM,BOT_CYCLE_COMPLETE,,,,,,Checked 0 signal candidate(s).
2026-05-16 02:19:28+00:00,SYSTEM,BOT_CYCLE_COMPLETE,,,,,,Checked 0 signal candidate(s).
2026-05-16 02:20:05+00:00,SYSTEM,BOT_CYCLE_COMPLETE,,,,,,Checked 0 signal candidate(s).
2026-05-16 02:20:41+00:00,SYSTEM,BOT_CYCLE_COMPLETE,,,,,,Checked 0 signal candidate(s).
2026-05-16 02:21:18+00:00,SYSTEM,BOT_CYCLE_COMPLETE,,,,,,Checked 0 signal candidate(s).
2026-05-16 02:21:55+00:00,SYSTEM,BOT_CYCLE_COMPLETE,,,,,,Checked 0 signal candidate(s).
2026-05-16 02:22:31+00:00,SYSTEM,BOT_CYCLE_COMPLETE,,,,,,Checked 0 signal candidate(s).
2026-05-16 02:23:07+00:00,SYSTEM,BOT_CYCLE_COMPLETE,,,,,,Checked 0 signal candidate(s).
2026-05-16 02:23:44+00:00,SYSTEM,BOT_CYCLE_COMPLETE,,,,,,Checked 0 signal candidate(s).
2026-05-16 02:24:20+00:00,SYSTEM,BOT_CYCLE_COMPLETE,,,,,,Checked 0 signal candidate(s).
2026-05-16 02:24:56+00:00,SYSTEM,BOT_CYCLE_COMPLETE,,,,,,Checked 0 signal candidate(s).
2026-05-16 02:25:33+00:00,SYSTEM,BOT_CYCLE_COMPLETE,,,,,,Checked 0 signal candidate(s).
2026-05-16 02:26:09+00:00,SYSTEM,BOT_CYCLE_COMPLETE,,,,,,Checked 0 signal candidate(s).
2026-05-16 02:26:45+00:00,SYSTEM,BOT_CYCLE_COMPLETE,,,,,,Checked 0 signal candidate(s).
2026-05-16 02:27:22+00:00,SYSTEM,BOT_CYCLE_COMPLETE,,,,,,Checked 0 signal candidate(s).
2026-05-16 02:27:58+00:00,SYSTEM,BOT_CYCLE_COMPLETE,,,,,,Checked 0 signal candidate(s).
2026-05-16 02:28:34+00:00,SYSTEM,BOT_CYCLE_COMPLETE,,,,,,Checked 0 signal candidate(s).
2026-05-16 02:29:11+00:00,SYSTEM,BOT_CYCLE_COMPLETE,,,,,,Checked 0 signal candidate(s).
2026-05-16 02:29:47+00:00,SYSTEM,BOT_CYCLE_COMPLETE,,,,,,Checked 0 signal candidate(s).
2026-05-16 02:30:23+00:00,SYSTEM,BOT_CYCLE_COMPLETE,,,,,,Checked 0 signal candidate(s).
2026-05-16 02:31:00+00:00,SYSTEM,BOT_CYCLE_COMPLETE,,,,,,Checked 0 signal candidate(s).
2026-05-16 02:31:36+00:00,SYSTEM,BOT_CYCLE_COMPLETE,,,,,,Checked 0 signal candidate(s).
2026-05-16 02:32:13+00:00,SYSTEM,BOT_CYCLE_COMPLETE,,,,,,Checked 0 signal candidate(s).
2026-05-16 02:32:49+00:00,SYSTEM,BOT_CYCLE_COMPLETE,,,,,,Checked 0 signal candidate(s).
2026-05-16 02:33:25+00:00,SYSTEM,BOT_CYCLE_COMPLETE,,,,,,Checked 0 signal candidate(s).
2026-05-16 02:34:02+00:00,SYSTEM,BOT_CYCLE_COMPLETE,,,,,,Checked 0 signal candidate(s).
2026-05-16 02:34:38+00:00,SYSTEM,BOT_CYCLE_COMPLETE,,,,,,Checked 0 signal candidate(s).
2026-05-16 02:35:14+00:00,SYSTEM,BOT_CYCLE_COMPLETE,,,,,,Checked 0 signal candidate(s).
2026-05-16 02:35:51+00:00,SYSTEM,BOT_CYCLE_COMPLETE,,,,,,Checked 0 signal candidate(s).
2026-05-16 02:36:27+00:00,SYSTEM,BOT_CYCLE_COMPLETE,,,,,,Checked 0 signal candidate(s).
2026-05-16 02:37:04+00:00,SYSTEM,BOT_CYCLE_COMPLETE,,,,,,Checked 0 signal candidate(s).
2026-05-16 02:37:40+00:00,SYSTEM,BOT_CYCLE_COMPLETE,,,,,,Checked 0 signal candidate(s).
2026-05-16 02:38:16+00:00,SYSTEM,BOT_CYCLE_COMPLETE,,,,,,Checked 0 signal candidate(s).
2026-05-16 02:38:53+00:00,SYSTEM,BOT_CYCLE_COMPLETE,,,,,,Checked 0 signal candidate(s).
2026-05-16 02:39:29+00:00,SYSTEM,BOT_CYCLE_COMPLETE,,,,,,Checked 0 signal candidate(s).
2026-05-16 02:40:06+00:00,SYSTEM,BOT_CYCLE_COMPLETE,,,,,,Checked 0 signal candidate(s).
2026-05-16 02:40:42+00:00,SYSTEM,BOT_CYCLE_COMPLETE,,,,,,Checked 0 signal candidate(s).
2026-05-16 02:41:18+00:00,SYSTEM,BOT_CYCLE_COMPLETE,,,,,,Checked 0 signal candidate(s).
2026-05-16 02:41:55+00:00,SYSTEM,BOT_CYCLE_COMPLETE,,,,,,Checked 0 signal candidate(s).
2026-05-16 02:42:31+00:00,SYSTEM,BOT_CYCLE_COMPLETE,,,,,,Checked 0 signal candidate(s).
2026-05-16 02:43:07+00:00,SYSTEM,BOT_CYCLE_COMPLETE,,,,,,Checked 0 signal candidate(s).
2026-05-16 02:43:44+00:00,SYSTEM,BOT_CYCLE_COMPLETE,,,,,,Checked 0 signal candidate(s).
2026-05-16 02:44:20+00:00,SYSTEM,BOT_CYCLE_COMPLETE,,,,,,Checked 0 signal candidate(s).
2026-05-16 02:44:57+00:00,SYSTEM,BOT_CYCLE_COMPLETE,,,,,,Checked 0 signal candidate(s).
2026-05-16 02:45:33+00:00,SYSTEM,BOT_CYCLE_COMPLETE,,,,,,Checked 0 signal candidate(s).
2026-05-16 02:46:10+00:00,SYSTEM,BOT_CYCLE_COMPLETE,,,,,,Checked 0 signal candidate(s).
2026-05-16 02:46:46+00:00,SYSTEM,BOT_CYCLE_COMPLETE,,,,,,Checked 0 signal candidate(s).
2026-05-16 02:47:22+00:00,SYSTEM,BOT_CYCLE_COMPLETE,,,,,,Checked 0 signal candidate(s).
2026-05-16 02:47:59+00:00,SYSTEM,BOT_CYCLE_COMPLETE,,,,,,Checked 0 signal candidate(s).
2026-05-16 02:48:35+00:00,SYSTEM,BOT_CYCLE_COMPLETE,,,,,,Checked 0 signal candidate(s).
2026-05-16 02:49:11+00:00,SYSTEM,BOT_CYCLE_COMPLETE,,,,,,Checked 0 signal candidate(s).
2026-05-16 02:49:48+00:00,SYSTEM,BOT_CYCLE_COMPLETE,,,,,,Checked 0 signal candidate(s).
2026-05-16 02:50:24+00:00,SYSTEM,BOT_CYCLE_COMPLETE,,,,,,Checked 0 signal candidate(s).
2026-05-16 02:51:01+00:00,SYSTEM,BOT_CYCLE_COMPLETE,,,,,,Checked 0 signal candidate(s).
2026-05-16 02:51:37+00:00,SYSTEM,BOT_CYCLE_COMPLETE,,,,,,Checked 0 signal candidate(s).
2026-05-16 02:52:13+00:00,SYSTEM,BOT_CYCLE_COMPLETE,,,,,,Checked 0 signal candidate(s).
2026-05-16 02:52:50+00:00,SYSTEM,BOT_CYCLE_COMPLETE,,,,,,Checked 0 signal candidate(s).
2026-05-16 02:53:26+00:00,SYSTEM,BOT_CYCLE_COMPLETE,,,,,,Checked 0 signal candidate(s).
2026-05-16 02:54:02+00:00,SYSTEM,BOT_CYCLE_COMPLETE,,,,,,Checked 0 signal candidate(s).
2026-05-16 02:54:39+00:00,SYSTEM,BOT_CYCLE_COMPLETE,,,,,,Checked 0 signal candidate(s).
2026-05-16 02:55:16+00:00,SYSTEM,BOT_CYCLE_COMPLETE,,,,,,Checked 0 signal candidate(s).
2026-05-16 02:55:52+00:00,SYSTEM,BOT_CYCLE_COMPLETE,,,,,,Checked 0 signal candidate(s).
2026-05-16 02:56:28+00:00,SYSTEM,BOT_CYCLE_COMPLETE,,,,,,Checked 0 signal candidate(s).
2026-05-16 02:57:05+00:00,SYSTEM,BOT_CYCLE_COMPLETE,,,,,,Checked 0 signal candidate(s).
2026-05-16 02:57:42+00:00,SYSTEM,BOT_CYCLE_COMPLETE,,,,,,Checked 0 signal candidate(s).
2026-05-16 02:58:18+00:00,SYSTEM,BOT_CYCLE_COMPLETE,,,,,,Checked 0 signal candidate(s).
2026-05-16 02:58:55+00:00,SYSTEM,BOT_CYCLE_COMPLETE,,,,,,Checked 0 signal candidate(s).
2026-05-16 02:59:31+00:00,SYSTEM,BOT_CYCLE_COMPLETE,,,,,,Checked 0 signal candidate(s).
2026-05-16 03:00:07+00:00,SYSTEM,BOT_CYCLE_COMPLETE,,,,,,Checked 0 signal candidate(s).
2026-05-16 03:00:44+00:00,SYSTEM,BOT_CYCLE_COMPLETE,,,,,,Checked 0 signal candidate(s).
2026-05-16 03:01:20+00:00,SYSTEM,BOT_CYCLE_COMPLETE,,,,,,Checked 0 signal candidate(s).
2026-05-16 03:01:57+00:00,SYSTEM,BOT_CYCLE_COMPLETE,,,,,,Checked 0 signal candidate(s).
2026-05-16 03:02:33+00:00,SYSTEM,BOT_CYCLE_COMPLETE,,,,,,Checked 0 signal candidate(s).
2026-05-16 03:03:09+00:00,SYSTEM,BOT_CYCLE_COMPLETE,,,,,,Checked 0 signal candidate(s).
2026-05-16 03:03:46+00:00,SYSTEM,BOT_CYCLE_COMPLETE,,,,,,Checked 0 signal candidate(s).
2026-05-16 03:04:22+00:00,SYSTEM,BOT_CYCLE_COMPLETE,,,,,,Checked 0 signal candidate(s).
2026-05-16 03:04:58+00:00,SYSTEM,BOT_CYCLE_COMPLETE,,,,,,Checked 0 signal candidate(s).
2026-05-16 03:05:35+00:00,SYSTEM,BOT_CYCLE_COMPLETE,,,,,,Checked 0 signal candidate(s).
2026-05-16 03:06:11+00:00,SYSTEM,BOT_CYCLE_COMPLETE,,,,,,Checked 0 signal candidate(s).
2026-05-16 03:06:48+00:00,SYSTEM,BOT_CYCLE_COMPLETE,,,,,,Checked 0 signal candidate(s).
2026-05-16 03:07:24+00:00,SYSTEM,BOT_CYCLE_COMPLETE,,,,,,Checked 0 signal candidate(s).
2026-05-16 03:08:00+00:00,SYSTEM,BOT_CYCLE_COMPLETE,,,,,,Checked 0 signal candidate(s).
2026-05-16 03:08:37+00:00,SYSTEM,BOT_CYCLE_COMPLETE,,,,,,Checked 0 signal candidate(s).
2026-05-16 03:09:13+00:00,SYSTEM,BOT_CYCLE_COMPLETE,,,,,,Checked 0 signal candidate(s).
2026-05-16 03:09:50+00:00,SYSTEM,BOT_CYCLE_COMPLETE,,,,,,Checked 0 signal candidate(s).
2026-05-16 03:10:26+00:00,SYSTEM,BOT_CYCLE_COMPLETE,,,,,,Checked 0 signal candidate(s).
2026-05-16 03:11:03+00:00,SYSTEM,BOT_CYCLE_COMPLETE,,,,,,Checked 0 signal candidate(s).
2026-05-16 03:11:39+00:00,SYSTEM,BOT_CYCLE_COMPLETE,,,,,,Checked 0 signal candidate(s).
2026-05-16 03:12:15+00:00,SYSTEM,BOT_CYCLE_COMPLETE,,,,,,Checked 0 signal candidate(s).
2026-05-16 03:12:52+00:00,SYSTEM,BOT_CYCLE_COMPLETE,,,,,,Checked 0 signal candidate(s).
2026-05-16 03:13:28+00:00,SYSTEM,BOT_CYCLE_COMPLETE,,,,,,Checked 0 signal candidate(s).
2026-05-16 03:14:04+00:00,SYSTEM,BOT_CYCLE_COMPLETE,,,,,,Checked 0 signal candidate(s).
2026-05-16 03:14:41+00:00,SYSTEM,BOT_CYCLE_COMPLETE,,,,,,Checked 0 signal candidate(s).
2026-05-16 03:15:17+00:00,SYSTEM,BOT_CYCLE_COMPLETE,,,,,,Checked 0 signal candidate(s).
2026-05-16 03:15:53+00:00,SYSTEM,BOT_CYCLE_COMPLETE,,,,,,Checked 0 signal candidate(s).
2026-05-16 03:16:30+00:00,SYSTEM,BOT_CYCLE_COMPLETE,,,,,,Checked 0 signal candidate(s).
2026-05-16 03:17:06+00:00,SYSTEM,BOT_CYCLE_COMPLETE,,,,,,Checked 0 signal candidate(s).
2026-05-16 03:17:43+00:00,SYSTEM,BOT_CYCLE_COMPLETE,,,,,,Checked 0 signal candidate(s).
2026-05-16 03:18:19+00:00,SYSTEM,BOT_CYCLE_COMPLETE,,,,,,Checked 0 signal candidate(s).
2026-05-16 03:18:55+00:00,SYSTEM,BOT_CYCLE_COMPLETE,,,,,,Checked 0 signal candidate(s).
2026-05-16 03:19:32+00:00,SYSTEM,BOT_CYCLE_COMPLETE,,,,,,Checked 0 signal candidate(s).
2026-05-16 03:20:13+00:00,SYSTEM,BOT_CYCLE_COMPLETE,,,,,,Checked 0 signal candidate(s).
2026-05-16 03:20:49+00:00,SYSTEM,BOT_CYCLE_COMPLETE,,,,,,Checked 0 signal candidate(s).
2026-05-16 03:21:27+00:00,SYSTEM,BOT_CYCLE_COMPLETE,,,,,,Checked 0 signal candidate(s).
2026-05-16 03:22:04+00:00,SYSTEM,BOT_CYCLE_COMPLETE,,,,,,Checked 0 signal candidate(s).
2026-05-16 03:22:40+00:00,SYSTEM,BOT_CYCLE_COMPLETE,,,,,,Checked 0 signal candidate(s).
2026-05-16 03:23:16+00:00,SYSTEM,BOT_CYCLE_COMPLETE,,,,,,Checked 0 signal candidate(s).
2026-05-16 03:23:53+00:00,SYSTEM,BOT_CYCLE_COMPLETE,,,,,,Checked 0 signal candidate(s).
2026-05-16 03:24:33+00:00,SYSTEM,BOT_CYCLE_COMPLETE,,,,,,Checked 0 signal candidate(s).
2026-05-16 03:25:13+00:00,SYSTEM,BOT_CYCLE_COMPLETE,,,,,,Checked 0 signal candidate(s).
2026-05-16 03:25:54+00:00,SYSTEM,BOT_CYCLE_COMPLETE,,,,,,Checked 0 signal candidate(s).
2026-05-16 03:26:30+00:00,SYSTEM,BOT_CYCLE_COMPLETE,,,,,,Checked 0 signal candidate(s).
2026-05-16 03:27:07+00:00,SYSTEM,BOT_CYCLE_COMPLETE,,,,,,Checked 0 signal candidate(s).
2026-05-16 03:27:48+00:00,SYSTEM,BOT_CYCLE_COMPLETE,,,,,,Checked 0 signal candidate(s).
2026-05-16 03:28:28+00:00,SYSTEM,BOT_CYCLE_COMPLETE,,,,,,Checked 0 signal candidate(s).
2026-05-16 03:29:05+00:00,SYSTEM,BOT_CYCLE_COMPLETE,,,,,,Checked 0 signal candidate(s).
2026-05-16 03:29:46+00:00,SYSTEM,BOT_CYCLE_COMPLETE,,,,,,Checked 0 signal candidate(s).
2026-05-16 03:30:24+00:00,SYSTEM,BOT_CYCLE_COMPLETE,,,,,,Checked 0 signal candidate(s).
2026-05-16 03:31:05+00:00,SYSTEM,BOT_CYCLE_COMPLETE,,,,,,Checked 0 signal candidate(s).
2026-05-16 03:31:46+00:00,SYSTEM,BOT_CYCLE_COMPLETE,,,,,,Checked 0 signal candidate(s).
2026-05-16 03:32:26+00:00,SYSTEM,BOT_CYCLE_COMPLETE,,,,,,Checked 0 signal candidate(s).
2026-05-16 03:33:07+00:00,SYSTEM,BOT_CYCLE_COMPLETE,,,,,,Checked 0 signal candidate(s).
2026-05-16 03:33:43+00:00,SYSTEM,BOT_CYCLE_COMPLETE,,,,,,Checked 0 signal candidate(s).
2026-05-16 03:34:19+00:00,SYSTEM,BOT_CYCLE_COMPLETE,,,,,,Checked 0 signal candidate(s).
2026-05-16 03:34:56+00:00,SYSTEM,BOT_CYCLE_COMPLETE,,,,,,Checked 0 signal candidate(s).
2026-05-16 03:35:32+00:00,SYSTEM,BOT_CYCLE_COMPLETE,,,,,,Checked 0 signal candidate(s).
2026-05-16 03:36:09+00:00,SYSTEM,BOT_CYCLE_COMPLETE,,,,,,Checked 0 signal candidate(s).
2026-05-16 03:36:46+00:00,SYSTEM,BOT_CYCLE_COMPLETE,,,,,,Checked 0 signal candidate(s).
2026-05-16 03:37:24+00:00,SYSTEM,BOT_CYCLE_COMPLETE,,,,,,Checked 0 signal candidate(s).
2026-05-16 03:38:00+00:00,SYSTEM,BOT_CYCLE_COMPLETE,,,,,,Checked 0 signal candidate(s).
2026-05-16 03:38:37+00:00,SYSTEM,BOT_CYCLE_COMPLETE,,,,,,Checked 0 signal candidate(s).
2026-05-16 03:39:14+00:00,SYSTEM,BOT_CYCLE_COMPLETE,,,,,,Checked 0 signal candidate(s).
2026-05-16 03:39:51+00:00,SYSTEM,BOT_CYCLE_COMPLETE,,,,,,Checked 0 signal candidate(s).
2026-05-16 03:40:28+00:00,SYSTEM,BOT_CYCLE_COMPLETE,,,,,,Checked 0 signal candidate(s).
2026-05-16 03:41:05+00:00,SYSTEM,BOT_CYCLE_COMPLETE,,,,,,Checked 0 signal candidate(s).
2026-05-16 03:41:41+00:00,SYSTEM,BOT_CYCLE_COMPLETE,,,,,,Checked 0 signal candidate(s).
2026-05-16 03:42:18+00:00,SYSTEM,BOT_CYCLE_COMPLETE,,,,,,Checked 0 signal candidate(s).
2026-05-16 03:42:54+00:00,SYSTEM,BOT_CYCLE_COMPLETE,,,,,,Checked 0 signal candidate(s).
2026-05-16 03:43:31+00:00,SYSTEM,BOT_CYCLE_COMPLETE,,,,,,Checked 0 signal candidate(s).
2026-05-16 03:44:07+00:00,SYSTEM,BOT_CYCLE_COMPLETE,,,,,,Checked 0 signal candidate(s).
2026-05-16 03:44:44+00:00,SYSTEM,BOT_CYCLE_COMPLETE,,,,,,Checked 0 signal candidate(s).
2026-05-16 03:45:20+00:00,SYSTEM,BOT_CYCLE_COMPLETE,,,,,,Checked 0 signal candidate(s).
2026-05-16 03:45:57+00:00,SYSTEM,BOT_CYCLE_COMPLETE,,,,,,Checked 0 signal candidate(s).
2026-05-16 03:46:35+00:00,SYSTEM,BOT_CYCLE_COMPLETE,,,,,,Checked 0 signal candidate(s).
2026-05-16 03:47:12+00:00,SYSTEM,BOT_CYCLE_COMPLETE,,,,,,Checked 0 signal candidate(s).
2026-05-16 03:47:48+00:00,SYSTEM,BOT_CYCLE_COMPLETE,,,,,,Checked 0 signal candidate(s).
2026-05-16 03:48:24+00:00,SYSTEM,BOT_CYCLE_COMPLETE,,,,,,Checked 0 signal candidate(s).
2026-05-16 03:49:04+00:00,SYSTEM,BOT_CYCLE_COMPLETE,,,,,,Checked 0 signal candidate(s).
2026-05-16 03:49:40+00:00,SYSTEM,BOT_CYCLE_COMPLETE,,,,,,Checked 0 signal candidate(s).
2026-05-16 03:50:17+00:00,SYSTEM,BOT_CYCLE_COMPLETE,,,,,,Checked 0 signal candidate(s).
2026-05-16 03:50:53+00:00,SYSTEM,BOT_CYCLE_COMPLETE,,,,,,Checked 0 signal candidate(s).
2026-05-16 03:51:30+00:00,SYSTEM,BOT_CYCLE_COMPLETE,,,,,,Checked 0 signal candidate(s).
2026-05-16 03:52:07+00:00,SYSTEM,BOT_CYCLE_COMPLETE,,,,,,Checked 0 signal candidate(s).
2026-05-16 03:52:44+00:00,SYSTEM,BOT_CYCLE_COMPLETE,,,,,,Checked 0 signal candidate(s).
2026-05-16 03:53:21+00:00,SYSTEM,BOT_CYCLE_COMPLETE,,,,,,Checked 0 signal candidate(s).
2026-05-16 03:53:57+00:00,SYSTEM,BOT_CYCLE_COMPLETE,,,,,,Checked 0 signal candidate(s).
2026-05-16 03:54:34+00:00,SYSTEM,BOT_CYCLE_COMPLETE,,,,,,Checked 0 signal candidate(s).
2026-05-16 03:55:10+00:00,SYSTEM,BOT_CYCLE_COMPLETE,,,,,,Checked 0 signal candidate(s).
2026-05-16 03:55:47+00:00,SYSTEM,BOT_CYCLE_COMPLETE,,,,,,Checked 0 signal candidate(s).
2026-05-16 03:56:23+00:00,SYSTEM,BOT_CYCLE_COMPLETE,,,,,,Checked 0 signal candidate(s).
2026-05-16 03:57:00+00:00,SYSTEM,BOT_CYCLE_COMPLETE,,,,,,Checked 0 signal candidate(s).
2026-05-16 03:57:40+00:00,SYSTEM,BOT_CYCLE_COMPLETE,,,,,,Checked 0 signal candidate(s).
2026-05-16 03:58:17+00:00,SYSTEM,BOT_CYCLE_COMPLETE,,,,,,Checked 0 signal candidate(s).
2026-05-16 03:58:53+00:00,SYSTEM,BOT_CYCLE_COMPLETE,,,,,,Checked 0 signal candidate(s).
2026-05-16 03:59:30+00:00,SYSTEM,BOT_CYCLE_COMPLETE,,,,,,Checked 0 signal candidate(s).
2026-05-16 04:00:07+00:00,SYSTEM,BOT_CYCLE_COMPLETE,,,,,,Checked 0 signal candidate(s).
2026-05-16 04:00:43+00:00,SYSTEM,BOT_CYCLE_COMPLETE,,,,,,Checked 0 signal candidate(s).
2026-05-16 04:01:20+00:00,SYSTEM,BOT_CYCLE_COMPLETE,,,,,,Checked 0 signal candidate(s).
2026-05-16 04:01:57+00:00,SYSTEM,BOT_CYCLE_COMPLETE,,,,,,Checked 0 signal candidate(s).
2026-05-16 04:02:33+00:00,SYSTEM,BOT_CYCLE_COMPLETE,,,,,,Checked 0 signal candidate(s).
2026-05-16 04:03:10+00:00,SYSTEM,BOT_CYCLE_COMPLETE,,,,,,Checked 0 signal candidate(s).
2026-05-16 04:03:46+00:00,SYSTEM,BOT_CYCLE_COMPLETE,,,,,,Checked 0 signal candidate(s).
2026-05-16 04:04:22+00:00,SYSTEM,BOT_CYCLE_COMPLETE,,,,,,Checked 0 signal candidate(s).
2026-05-16 04:04:59+00:00,SYSTEM,BOT_CYCLE_COMPLETE,,,,,,Checked 0 signal candidate(s).
2026-05-16 04:05:35+00:00,SYSTEM,BOT_CYCLE_COMPLETE,,,,,,Checked 0 signal candidate(s).
2026-05-16 04:06:13+00:00,SYSTEM,BOT_CYCLE_COMPLETE,,,,,,Checked 0 signal candidate(s).
2026-05-16 04:06:49+00:00,SYSTEM,BOT_CYCLE_COMPLETE,,,,,,Checked 0 signal candidate(s).
2026-05-16 04:07:27+00:00,SYSTEM,BOT_CYCLE_COMPLETE,,,,,,Checked 0 signal candidate(s).
2026-05-16 04:08:04+00:00,SYSTEM,BOT_CYCLE_COMPLETE,,,,,,Checked 0 signal candidate(s).
2026-05-16 04:08:40+00:00,SYSTEM,BOT_CYCLE_COMPLETE,,,,,,Checked 0 signal candidate(s).
2026-05-16 04:09:17+00:00,SYSTEM,BOT_CYCLE_COMPLETE,,,,,,Checked 0 signal candidate(s).
2026-05-16 04:09:54+00:00,SYSTEM,BOT_CYCLE_COMPLETE,,,,,,Checked 0 signal candidate(s).
2026-05-16 04:10:31+00:00,SYSTEM,BOT_CYCLE_COMPLETE,,,,,,Checked 0 signal candidate(s).
2026-05-16 04:11:09+00:00,SYSTEM,BOT_CYCLE_COMPLETE,,,,,,Checked 0 signal candidate(s).
2026-05-16 04:11:47+00:00,SYSTEM,BOT_CYCLE_COMPLETE,,,,,,Checked 0 signal candidate(s).
2026-05-16 04:12:24+00:00,SYSTEM,BOT_CYCLE_COMPLETE,,,,,,Checked 0 signal candidate(s).
2026-05-16 04:13:00+00:00,SYSTEM,BOT_CYCLE_COMPLETE,,,,,,Checked 0 signal candidate(s).
2026-05-16 04:13:37+00:00,SYSTEM,BOT_CYCLE_COMPLETE,,,,,,Checked 0 signal candidate(s).
2026-05-16 04:14:13+00:00,SYSTEM,BOT_CYCLE_COMPLETE,,,,,,Checked 0 signal candidate(s).
2026-05-16 04:14:50+00:00,SYSTEM,BOT_CYCLE_COMPLETE,,,,,,Checked 0 signal candidate(s).
2026-05-16 04:15:26+00:00,SYSTEM,BOT_CYCLE_COMPLETE,,,,,,Checked 0 signal candidate(s).
2026-05-16 04:16:03+00:00,SYSTEM,BOT_CYCLE_COMPLETE,,,,,,Checked 0 signal candidate(s).
2026-05-16 04:16:40+00:00,SYSTEM,BOT_CYCLE_COMPLETE,,,,,,Checked 0 signal candidate(s).
2026-05-16 04:17:16+00:00,SYSTEM,BOT_CYCLE_COMPLETE,,,,,,Checked 0 signal candidate(s).
2026-05-16 04:17:54+00:00,SYSTEM,BOT_CYCLE_COMPLETE,,,,,,Checked 0 signal candidate(s).
2026-05-16 04:18:31+00:00,SYSTEM,BOT_CYCLE_COMPLETE,,,,,,Checked 0 signal candidate(s).
2026-05-16 04:19:07+00:00,SYSTEM,BOT_CYCLE_COMPLETE,,,,,,Checked 0 signal candidate(s).
2026-05-24 23:10:37+00:00,SYSTEM,MARKET_OPEN_STAGE,,,,,,Stage=MARKET_OPEN_WINDOW_COMPLETE; watched 3 symbol(s).
2026-05-24 23:10:37+00:00,SYSTEM,BOT_CYCLE_COMPLETE,,,,,,Dashboard scheduler checked 0 signal candidate(s); sent 0 order(s).
2026-05-24 23:10:45+00:00,SYSTEM,BOT_CYCLE_COMPLETE,,,,,,Checked 0 signal candidate(s). Market stage=MARKET_OPEN_WINDOW_COMPLETE.
2026-05-24 23:11:21+00:00,SYSTEM,BOT_CYCLE_COMPLETE,,,,,,Checked 0 signal candidate(s). Market stage=MARKET_OPEN_WINDOW_COMPLETE.
2026-05-24 23:11:59+00:00,SYSTEM,BOT_CYCLE_COMPLETE,,,,,,Checked 0 signal candidate(s). Market stage=MARKET_OPEN_WINDOW_COMPLETE.
2026-05-24 23:12:37+00:00,SYSTEM,BOT_CYCLE_COMPLETE,,,,,,Checked 0 signal candidate(s). Market stage=MARKET_OPEN_WINDOW_COMPLETE.
2026-05-24 23:13:14+00:00,SYSTEM,BOT_CYCLE_COMPLETE,,,,,,Checked 0 signal candidate(s). Market stage=MARKET_OPEN_WINDOW_COMPLETE.
2026-05-24 23:13:50+00:00,SYSTEM,BOT_CYCLE_COMPLETE,,,,,,Checked 0 signal candidate(s). Market stage=MARKET_OPEN_WINDOW_COMPLETE.
2026-05-24 23:14:27+00:00,SYSTEM,BOT_CYCLE_COMPLETE,,,,,,Checked 0 signal candidate(s). Market stage=MARKET_OPEN_WINDOW_COMPLETE.
2026-05-24 23:15:04+00:00,SYSTEM,BOT_CYCLE_COMPLETE,,,,,,Checked 0 signal candidate(s). Market stage=MARKET_OPEN_WINDOW_COMPLETE.
2026-05-24 23:15:35+00:00,SYSTEM,MARKET_OPEN_STAGE,,,,,,Stage=MARKET_OPEN_WINDOW_COMPLETE; watched 3 symbol(s).
2026-05-24 23:15:35+00:00,SYSTEM,BOT_CYCLE_COMPLETE,,,,,,Dashboard scheduler checked 0 signal candidate(s); sent 0 order(s).
2026-05-24 23:15:41+00:00,SYSTEM,BOT_CYCLE_COMPLETE,,,,,,Checked 0 signal candidate(s). Market stage=MARKET_OPEN_WINDOW_COMPLETE.
2026-05-24 23:16:18+00:00,SYSTEM,BOT_CYCLE_COMPLETE,,,,,,Checked 0 signal candidate(s). Market stage=MARKET_OPEN_WINDOW_COMPLETE.
2026-05-24 23:16:55+00:00,SYSTEM,BOT_CYCLE_COMPLETE,,,,,,Checked 0 signal candidate(s). Market stage=MARKET_OPEN_WINDOW_COMPLETE.
2026-05-24 23:17:31+00:00,SYSTEM,BOT_CYCLE_COMPLETE,,,,,,Checked 0 signal candidate(s). Market stage=MARKET_OPEN_WINDOW_COMPLETE.
2026-05-24 23:18:08+00:00,SYSTEM,BOT_CYCLE_COMPLETE,,,,,,Checked 0 signal candidate(s). Market stage=MARKET_OPEN_WINDOW_COMPLETE.
2026-05-24 23:18:45+00:00,SYSTEM,BOT_CYCLE_COMPLETE,,,,,,Checked 0 signal candidate(s). Market stage=MARKET_OPEN_WINDOW_COMPLETE.
2026-05-24 23:19:22+00:00,SYSTEM,BOT_CYCLE_COMPLETE,,,,,,Checked 0 signal candidate(s). Market stage=MARKET_OPEN_WINDOW_COMPLETE.
2026-05-24 23:19:58+00:00,SYSTEM,BOT_CYCLE_COMPLETE,,,,,,Checked 0 signal candidate(s). Market stage=MARKET_OPEN_WINDOW_COMPLETE.
2026-05-24 23:20:35+00:00,SYSTEM,BOT_CYCLE_COMPLETE,,,,,,Checked 0 signal candidate(s). Market stage=MARKET_OPEN_WINDOW_COMPLETE.
2026-05-24 23:20:35+00:00,SYSTEM,MARKET_OPEN_STAGE,,,,,,Stage=MARKET_OPEN_WINDOW_COMPLETE; watched 3 symbol(s).
2026-05-24 23:20:35+00:00,SYSTEM,BOT_CYCLE_COMPLETE,,,,,,Dashboard scheduler checked 0 signal candidate(s); sent 0 order(s).
2026-05-24 23:21:12+00:00,SYSTEM,BOT_CYCLE_COMPLETE,,,,,,Checked 0 signal candidate(s). Market stage=MARKET_OPEN_WINDOW_COMPLETE.
2026-05-24 23:21:49+00:00,SYSTEM,BOT_CYCLE_COMPLETE,,,,,,Checked 0 signal candidate(s). Market stage=MARKET_OPEN_WINDOW_COMPLETE.
2026-05-24 23:22:25+00:00,SYSTEM,BOT_CYCLE_COMPLETE,,,,,,Checked 0 signal candidate(s). Market stage=MARKET_OPEN_WINDOW_COMPLETE.
2026-05-24 23:23:03+00:00,SYSTEM,BOT_CYCLE_COMPLETE,,,,,,Checked 0 signal candidate(s). Market stage=MARKET_OPEN_WINDOW_COMPLETE.
2026-05-24 23:23:40+00:00,SYSTEM,BOT_CYCLE_COMPLETE,,,,,,Checked 0 signal candidate(s). Market stage=MARKET_OPEN_WINDOW_COMPLETE.
2026-05-24 23:24:17+00:00,SYSTEM,BOT_CYCLE_COMPLETE,,,,,,Checked 0 signal candidate(s). Market stage=MARKET_OPEN_WINDOW_COMPLETE.
2026-05-24 23:24:53+00:00,SYSTEM,BOT_CYCLE_COMPLETE,,,,,,Checked 0 signal candidate(s). Market stage=MARKET_OPEN_WINDOW_COMPLETE.
2026-05-24 23:25:30+00:00,SYSTEM,BOT_CYCLE_COMPLETE,,,,,,Checked 0 signal candidate(s). Market stage=MARKET_OPEN_WINDOW_COMPLETE.
2026-05-24 23:25:35+00:00,SYSTEM,MARKET_OPEN_STAGE,,,,,,Stage=MARKET_OPEN_WINDOW_COMPLETE; watched 3 symbol(s).
2026-05-24 23:25:35+00:00,SYSTEM,BOT_CYCLE_COMPLETE,,,,,,Dashboard scheduler checked 0 signal candidate(s); sent 0 order(s).
2026-05-24 23:26:07+00:00,SYSTEM,BOT_CYCLE_COMPLETE,,,,,,Checked 0 signal candidate(s). Market stage=MARKET_OPEN_WINDOW_COMPLETE.
2026-05-24 23:26:44+00:00,SYSTEM,BOT_CYCLE_COMPLETE,,,,,,Checked 0 signal candidate(s). Market stage=MARKET_OPEN_WINDOW_COMPLETE.
2026-05-24 23:27:21+00:00,SYSTEM,BOT_CYCLE_COMPLETE,,,,,,Checked 0 signal candidate(s). Market stage=MARKET_OPEN_WINDOW_COMPLETE.
2026-05-24 23:27:58+00:00,SYSTEM,BOT_CYCLE_COMPLETE,,,,,,Checked 0 signal candidate(s). Market stage=MARKET_OPEN_WINDOW_COMPLETE.
2026-05-24 23:28:34+00:00,SYSTEM,BOT_CYCLE_COMPLETE,,,,,,Checked 0 signal candidate(s). Market stage=MARKET_OPEN_WINDOW_COMPLETE.
2026-05-24 23:29:11+00:00,SYSTEM,BOT_CYCLE_COMPLETE,,,,,,Checked 0 signal candidate(s). Market stage=MARKET_OPEN_WINDOW_COMPLETE.
2026-05-24 23:29:48+00:00,SYSTEM,BOT_CYCLE_COMPLETE,,,,,,Checked 0 signal candidate(s). Market stage=MARKET_OPEN_WINDOW_COMPLETE.
2026-05-24 23:30:25+00:00,SYSTEM,BOT_CYCLE_COMPLETE,,,,,,Checked 0 signal candidate(s). Market stage=MARKET_OPEN_WINDOW_COMPLETE.
2026-05-24 23:30:35+00:00,SYSTEM,MARKET_OPEN_STAGE,,,,,,Stage=MARKET_OPEN_WINDOW_COMPLETE; watched 3 symbol(s).
2026-05-24 23:30:35+00:00,SYSTEM,BOT_CYCLE_COMPLETE,,,,,,Dashboard scheduler checked 0 signal candidate(s); sent 0 order(s).
2026-05-24 23:31:02+00:00,SYSTEM,BOT_CYCLE_COMPLETE,,,,,,Checked 0 signal candidate(s). Market stage=MARKET_OPEN_WINDOW_COMPLETE.
2026-05-24 23:31:39+00:00,SYSTEM,BOT_CYCLE_COMPLETE,,,,,,Checked 0 signal candidate(s). Market stage=MARKET_OPEN_WINDOW_COMPLETE.
2026-05-24 23:32:16+00:00,SYSTEM,BOT_CYCLE_COMPLETE,,,,,,Checked 0 signal candidate(s). Market stage=MARKET_OPEN_WINDOW_COMPLETE.
2026-05-24 23:32:52+00:00,SYSTEM,BOT_CYCLE_COMPLETE,,,,,,Checked 0 signal candidate(s). Market stage=MARKET_OPEN_WINDOW_COMPLETE.
2026-05-24 23:33:31+00:00,SYSTEM,BOT_CYCLE_COMPLETE,,,,,,Checked 0 signal candidate(s). Market stage=MARKET_OPEN_WINDOW_COMPLETE.
2026-05-24 23:34:08+00:00,SYSTEM,BOT_CYCLE_COMPLETE,,,,,,Checked 0 signal candidate(s). Market stage=MARKET_OPEN_WINDOW_COMPLETE.
2026-05-24 23:34:45+00:00,SYSTEM,BOT_CYCLE_COMPLETE,,,,,,Checked 0 signal candidate(s). Market stage=MARKET_OPEN_WINDOW_COMPLETE.
2026-05-24 23:35:22+00:00,SYSTEM,BOT_CYCLE_COMPLETE,,,,,,Checked 0 signal candidate(s). Market stage=MARKET_OPEN_WINDOW_COMPLETE.
2026-05-24 23:35:35+00:00,SYSTEM,MARKET_OPEN_STAGE,,,,,,Stage=MARKET_OPEN_WINDOW_COMPLETE; watched 3 symbol(s).
2026-05-24 23:35:35+00:00,SYSTEM,BOT_CYCLE_COMPLETE,,,,,,Dashboard scheduler checked 0 signal candidate(s); sent 0 order(s).
2026-05-24 23:35:58+00:00,SYSTEM,BOT_CYCLE_COMPLETE,,,,,,Checked 0 signal candidate(s). Market stage=MARKET_OPEN_WINDOW_COMPLETE.
2026-05-24 23:36:35+00:00,SYSTEM,BOT_CYCLE_COMPLETE,,,,,,Checked 0 signal candidate(s). Market stage=MARKET_OPEN_WINDOW_COMPLETE.
2026-05-24 23:37:12+00:00,SYSTEM,BOT_CYCLE_COMPLETE,,,,,,Checked 0 signal candidate(s). Market stage=MARKET_OPEN_WINDOW_COMPLETE.
2026-05-24 23:37:48+00:00,SYSTEM,BOT_CYCLE_COMPLETE,,,,,,Checked 0 signal candidate(s). Market stage=MARKET_OPEN_WINDOW_COMPLETE.
2026-05-24 23:38:25+00:00,SYSTEM,BOT_CYCLE_COMPLETE,,,,,,Checked 0 signal candidate(s). Market stage=MARKET_OPEN_WINDOW_COMPLETE.
2026-05-24 23:39:03+00:00,SYSTEM,BOT_CYCLE_COMPLETE,,,,,,Checked 0 signal candidate(s). Market stage=MARKET_OPEN_WINDOW_COMPLETE.
2026-05-24 23:39:39+00:00,SYSTEM,BOT_CYCLE_COMPLETE,,,,,,Checked 0 signal candidate(s). Market stage=MARKET_OPEN_WINDOW_COMPLETE.
2026-05-24 23:40:16+00:00,SYSTEM,BOT_CYCLE_COMPLETE,,,,,,Checked 0 signal candidate(s). Market stage=MARKET_OPEN_WINDOW_COMPLETE.
2026-05-24 23:40:35+00:00,SYSTEM,MARKET_OPEN_STAGE,,,,,,Stage=MARKET_OPEN_WINDOW_COMPLETE; watched 3 symbol(s).
2026-05-24 23:40:35+00:00,SYSTEM,BOT_CYCLE_COMPLETE,,,,,,Dashboard scheduler checked 0 signal candidate(s); sent 0 order(s).
2026-05-24 23:40:53+00:00,SYSTEM,BOT_CYCLE_COMPLETE,,,,,,Checked 0 signal candidate(s). Market stage=MARKET_OPEN_WINDOW_COMPLETE.
2026-05-24 23:41:29+00:00,SYSTEM,BOT_CYCLE_COMPLETE,,,,,,Checked 0 signal candidate(s). Market stage=MARKET_OPEN_WINDOW_COMPLETE.
2026-05-24 23:42:06+00:00,SYSTEM,BOT_CYCLE_COMPLETE,,,,,,Checked 0 signal candidate(s). Market stage=MARKET_OPEN_WINDOW_COMPLETE.
2026-05-24 23:42:43+00:00,SYSTEM,BOT_CYCLE_COMPLETE,,,,,,Checked 0 signal candidate(s). Market stage=MARKET_OPEN_WINDOW_COMPLETE.
2026-05-24 23:43:20+00:00,SYSTEM,BOT_CYCLE_COMPLETE,,,,,,Checked 0 signal candidate(s). Market stage=MARKET_OPEN_WINDOW_COMPLETE.
2026-05-24 23:43:57+00:00,SYSTEM,BOT_CYCLE_COMPLETE,,,,,,Checked 0 signal candidate(s). Market stage=MARKET_OPEN_WINDOW_COMPLETE.
2026-05-24 23:44:33+00:00,SYSTEM,BOT_CYCLE_COMPLETE,,,,,,Checked 0 signal candidate(s). Market stage=MARKET_OPEN_WINDOW_COMPLETE.
2026-05-24 23:45:10+00:00,SYSTEM,BOT_CYCLE_COMPLETE,,,,,,Checked 0 signal candidate(s). Market stage=MARKET_OPEN_WINDOW_COMPLETE.
2026-05-24 23:45:35+00:00,SYSTEM,MARKET_OPEN_STAGE,,,,,,Stage=MARKET_OPEN_WINDOW_COMPLETE; watched 3 symbol(s).
2026-05-24 23:45:35+00:00,SYSTEM,BOT_CYCLE_COMPLETE,,,,,,Dashboard scheduler checked 0 signal candidate(s); sent 0 order(s).
2026-05-24 23:45:47+00:00,SYSTEM,BOT_CYCLE_COMPLETE,,,,,,Checked 0 signal candidate(s). Market stage=MARKET_OPEN_WINDOW_COMPLETE.
2026-05-24 23:46:23+00:00,SYSTEM,BOT_CYCLE_COMPLETE,,,,,,Checked 0 signal candidate(s). Market stage=MARKET_OPEN_WINDOW_COMPLETE.
2026-05-24 23:47:04+00:00,SYSTEM,BOT_CYCLE_COMPLETE,,,,,,Checked 0 signal candidate(s). Market stage=MARKET_OPEN_WINDOW_COMPLETE.
2026-05-24 23:47:40+00:00,SYSTEM,BOT_CYCLE_COMPLETE,,,,,,Checked 0 signal candidate(s). Market stage=MARKET_OPEN_WINDOW_COMPLETE.
2026-05-24 23:48:17+00:00,SYSTEM,BOT_CYCLE_COMPLETE,,,,,,Checked 0 signal candidate(s). Market stage=MARKET_OPEN_WINDOW_COMPLETE.
2026-05-24 23:48:54+00:00,SYSTEM,BOT_CYCLE_COMPLETE,,,,,,Checked 0 signal candidate(s). Market stage=MARKET_OPEN_WINDOW_COMPLETE.
2026-05-24 23:49:30+00:00,SYSTEM,BOT_CYCLE_COMPLETE,,,,,,Checked 0 signal candidate(s). Market stage=MARKET_OPEN_WINDOW_COMPLETE.
2026-05-24 23:50:07+00:00,SYSTEM,BOT_CYCLE_COMPLETE,,,,,,Checked 0 signal candidate(s). Market stage=MARKET_OPEN_WINDOW_COMPLETE.
2026-05-24 23:50:35+00:00,SYSTEM,MARKET_OPEN_STAGE,,,,,,Stage=MARKET_OPEN_WINDOW_COMPLETE; watched 3 symbol(s).
2026-05-24 23:50:35+00:00,SYSTEM,BOT_CYCLE_COMPLETE,,,,,,Dashboard scheduler checked 0 signal candidate(s); sent 0 order(s).
2026-05-24 23:50:44+00:00,SYSTEM,BOT_CYCLE_COMPLETE,,,,,,Checked 0 signal candidate(s). Market stage=MARKET_OPEN_WINDOW_COMPLETE.
2026-05-24 23:51:21+00:00,SYSTEM,BOT_CYCLE_COMPLETE,,,,,,Checked 0 signal candidate(s). Market stage=MARKET_OPEN_WINDOW_COMPLETE.
2026-05-24 23:51:58+00:00,SYSTEM,BOT_CYCLE_COMPLETE,,,,,,Checked 0 signal candidate(s). Market stage=MARKET_OPEN_WINDOW_COMPLETE.
2026-05-24 23:52:35+00:00,SYSTEM,BOT_CYCLE_COMPLETE,,,,,,Checked 0 signal candidate(s). Market stage=MARKET_OPEN_WINDOW_COMPLETE.
2026-05-24 23:53:11+00:00,SYSTEM,BOT_CYCLE_COMPLETE,,,,,,Checked 0 signal candidate(s). Market stage=MARKET_OPEN_WINDOW_COMPLETE.
2026-05-24 23:53:48+00:00,SYSTEM,BOT_CYCLE_COMPLETE,,,,,,Checked 0 signal candidate(s). Market stage=MARKET_OPEN_WINDOW_COMPLETE.
2026-05-24 23:54:25+00:00,SYSTEM,BOT_CYCLE_COMPLETE,,,,,,Checked 0 signal candidate(s). Market stage=MARKET_OPEN_WINDOW_COMPLETE.
2026-05-24 23:55:01+00:00,SYSTEM,BOT_CYCLE_COMPLETE,,,,,,Checked 0 signal candidate(s). Market stage=MARKET_OPEN_WINDOW_COMPLETE.
2026-05-24 23:55:35+00:00,SYSTEM,MARKET_OPEN_STAGE,,,,,,Stage=MARKET_OPEN_WINDOW_COMPLETE; watched 3 symbol(s).
2026-05-24 23:55:35+00:00,SYSTEM,BOT_CYCLE_COMPLETE,,,,,,Dashboard scheduler checked 0 signal candidate(s); sent 0 order(s).
2026-05-24 23:55:39+00:00,SYSTEM,BOT_CYCLE_COMPLETE,,,,,,Checked 0 signal candidate(s). Market stage=MARKET_OPEN_WINDOW_COMPLETE.
2026-05-24 23:56:15+00:00,SYSTEM,BOT_CYCLE_COMPLETE,,,,,,Checked 0 signal candidate(s). Market stage=MARKET_OPEN_WINDOW_COMPLETE.
2026-05-24 23:56:52+00:00,SYSTEM,BOT_CYCLE_COMPLETE,,,,,,Checked 0 signal candidate(s). Market stage=MARKET_OPEN_WINDOW_COMPLETE.
2026-05-24 23:57:29+00:00,SYSTEM,BOT_CYCLE_COMPLETE,,,,,,Checked 0 signal candidate(s). Market stage=MARKET_OPEN_WINDOW_COMPLETE.
2026-05-24 23:58:06+00:00,SYSTEM,BOT_CYCLE_COMPLETE,,,,,,Checked 0 signal candidate(s). Market stage=MARKET_OPEN_WINDOW_COMPLETE.
2026-05-24 23:58:42+00:00,SYSTEM,BOT_CYCLE_COMPLETE,,,,,,Checked 0 signal candidate(s). Market stage=MARKET_OPEN_WINDOW_COMPLETE.
2026-05-24 23:59:19+00:00,SYSTEM,BOT_CYCLE_COMPLETE,,,,,,Checked 0 signal candidate(s). Market stage=MARKET_OPEN_WINDOW_COMPLETE.
2026-05-24 23:59:57+00:00,SYSTEM,BOT_CYCLE_COMPLETE,,,,,,Checked 0 signal candidate(s). Market stage=MARKET_OPEN_WINDOW_COMPLETE.
2026-05-25 00:00:33+00:00,SYSTEM,BOT_CYCLE_COMPLETE,,,,,,Checked 0 signal candidate(s). Market stage=MARKET_OPEN_WINDOW_COMPLETE.
2026-05-25 00:00:35+00:00,SYSTEM,MARKET_OPEN_STAGE,,,,,,Stage=MARKET_OPEN_WINDOW_COMPLETE; watched 3 symbol(s).
2026-05-25 00:00:35+00:00,SYSTEM,BOT_CYCLE_COMPLETE,,,,,,Dashboard scheduler checked 0 signal candidate(s); sent 0 order(s).
2026-05-25 00:01:10+00:00,SYSTEM,BOT_CYCLE_COMPLETE,,,,,,Checked 0 signal candidate(s). Market stage=MARKET_OPEN_WINDOW_COMPLETE.
2026-05-25 00:01:47+00:00,SYSTEM,BOT_CYCLE_COMPLETE,,,,,,Checked 0 signal candidate(s). Market stage=MARKET_OPEN_WINDOW_COMPLETE.
2026-05-25 00:02:24+00:00,SYSTEM,BOT_CYCLE_COMPLETE,,,,,,Checked 0 signal candidate(s). Market stage=MARKET_OPEN_WINDOW_COMPLETE.
2026-05-25 00:03:00+00:00,SYSTEM,BOT_CYCLE_COMPLETE,,,,,,Checked 0 signal candidate(s). Market stage=MARKET_OPEN_WINDOW_COMPLETE.
2026-05-25 00:03:37+00:00,SYSTEM,BOT_CYCLE_COMPLETE,,,,,,Checked 0 signal candidate(s). Market stage=MARKET_OPEN_WINDOW_COMPLETE.
2026-05-25 00:04:14+00:00,SYSTEM,BOT_CYCLE_COMPLETE,,,,,,Checked 0 signal candidate(s). Market stage=MARKET_OPEN_WINDOW_COMPLETE.
2026-05-25 00:04:51+00:00,SYSTEM,BOT_CYCLE_COMPLETE,,,,,,Checked 0 signal candidate(s). Market stage=MARKET_OPEN_WINDOW_COMPLETE.
2026-05-25 00:05:27+00:00,SYSTEM,BOT_CYCLE_COMPLETE,,,,,,Checked 0 signal candidate(s). Market stage=MARKET_OPEN_WINDOW_COMPLETE.
2026-05-25 00:05:35+00:00,SYSTEM,MARKET_OPEN_STAGE,,,,,,Stage=MARKET_OPEN_WINDOW_COMPLETE; watched 3 symbol(s).
2026-05-25 00:05:35+00:00,SYSTEM,BOT_CYCLE_COMPLETE,,,,,,Dashboard scheduler checked 0 signal candidate(s); sent 0 order(s).
2026-05-25 00:06:04+00:00,SYSTEM,BOT_CYCLE_COMPLETE,,,,,,Checked 0 signal candidate(s). Market stage=MARKET_OPEN_WINDOW_COMPLETE.
2026-05-25 00:06:41+00:00,SYSTEM,BOT_CYCLE_COMPLETE,,,,,,Checked 0 signal candidate(s). Market stage=MARKET_OPEN_WINDOW_COMPLETE.
2026-05-25 00:07:18+00:00,SYSTEM,BOT_CYCLE_COMPLETE,,,,,,Checked 0 signal candidate(s). Market stage=MARKET_OPEN_WINDOW_COMPLETE.
2026-05-25 00:07:55+00:00,SYSTEM,BOT_CYCLE_COMPLETE,,,,,,Checked 0 signal candidate(s). Market stage=MARKET_OPEN_WINDOW_COMPLETE.
2026-05-25 00:08:32+00:00,SYSTEM,BOT_CYCLE_COMPLETE,,,,,,Checked 0 signal candidate(s). Market stage=MARKET_OPEN_WINDOW_COMPLETE.
2026-05-25 00:09:09+00:00,SYSTEM,BOT_CYCLE_COMPLETE,,,,,,Checked 0 signal candidate(s). Market stage=MARKET_OPEN_WINDOW_COMPLETE.
2026-05-25 00:09:46+00:00,SYSTEM,BOT_CYCLE_COMPLETE,,,,,,Checked 0 signal candidate(s). Market stage=MARKET_OPEN_WINDOW_COMPLETE.
2026-05-25 00:10:22+00:00,SYSTEM,BOT_CYCLE_COMPLETE,,,,,,Checked 0 signal candidate(s). Market stage=MARKET_OPEN_WINDOW_COMPLETE.
2026-05-25 00:10:35+00:00,SYSTEM,MARKET_OPEN_STAGE,,,,,,Stage=MARKET_OPEN_WINDOW_COMPLETE; watched 3 symbol(s).
2026-05-25 00:10:35+00:00,SYSTEM,BOT_CYCLE_COMPLETE,,,,,,Dashboard scheduler checked 0 signal candidate(s); sent 0 order(s).
2026-05-25 00:10:59+00:00,SYSTEM,BOT_CYCLE_COMPLETE,,,,,,Checked 0 signal candidate(s). Market stage=MARKET_OPEN_WINDOW_COMPLETE.
2026-05-25 00:11:36+00:00,SYSTEM,BOT_CYCLE_COMPLETE,,,,,,Checked 0 signal candidate(s). Market stage=MARKET_OPEN_WINDOW_COMPLETE.
2026-05-25 00:12:14+00:00,SYSTEM,BOT_CYCLE_COMPLETE,,,,,,Checked 0 signal candidate(s). Market stage=MARKET_OPEN_WINDOW_COMPLETE.
2026-05-25 00:12:51+00:00,SYSTEM,BOT_CYCLE_COMPLETE,,,,,,Checked 0 signal candidate(s). Market stage=MARKET_OPEN_WINDOW_COMPLETE.
2026-05-25 00:13:28+00:00,SYSTEM,BOT_CYCLE_COMPLETE,,,,,,Checked 0 signal candidate(s). Market stage=MARKET_OPEN_WINDOW_COMPLETE.
2026-05-25 00:14:04+00:00,SYSTEM,BOT_CYCLE_COMPLETE,,,,,,Checked 0 signal candidate(s). Market stage=MARKET_OPEN_WINDOW_COMPLETE.
2026-05-25 00:14:42+00:00,SYSTEM,BOT_CYCLE_COMPLETE,,,,,,Checked 0 signal candidate(s). Market stage=MARKET_OPEN_WINDOW_COMPLETE.
2026-05-25 00:15:19+00:00,SYSTEM,BOT_CYCLE_COMPLETE,,,,,,Checked 0 signal candidate(s). Market stage=MARKET_OPEN_WINDOW_COMPLETE.
2026-05-25 00:15:35+00:00,SYSTEM,MARKET_OPEN_STAGE,,,,,,Stage=MARKET_OPEN_WINDOW_COMPLETE; watched 3 symbol(s).
2026-05-25 00:15:35+00:00,SYSTEM,BOT_CYCLE_COMPLETE,,,,,,Dashboard scheduler checked 0 signal candidate(s); sent 0 order(s).
2026-05-25 00:15:56+00:00,SYSTEM,BOT_CYCLE_COMPLETE,,,,,,Checked 0 signal candidate(s). Market stage=MARKET_OPEN_WINDOW_COMPLETE.
2026-05-25 00:16:32+00:00,SYSTEM,BOT_CYCLE_COMPLETE,,,,,,Checked 0 signal candidate(s). Market stage=MARKET_OPEN_WINDOW_COMPLETE.
2026-05-25 00:17:09+00:00,SYSTEM,BOT_CYCLE_COMPLETE,,,,,,Checked 0 signal candidate(s). Market stage=MARKET_OPEN_WINDOW_COMPLETE.
2026-05-25 00:17:46+00:00,SYSTEM,BOT_CYCLE_COMPLETE,,,,,,Checked 0 signal candidate(s). Market stage=MARKET_OPEN_WINDOW_COMPLETE.
2026-05-25 00:18:23+00:00,SYSTEM,BOT_CYCLE_COMPLETE,,,,,,Checked 0 signal candidate(s). Market stage=MARKET_OPEN_WINDOW_COMPLETE.
2026-05-25 00:19:00+00:00,SYSTEM,BOT_CYCLE_COMPLETE,,,,,,Checked 0 signal candidate(s). Market stage=MARKET_OPEN_WINDOW_COMPLETE.
2026-05-25 00:19:37+00:00,SYSTEM,BOT_CYCLE_COMPLETE,,,,,,Checked 0 signal candidate(s). Market stage=MARKET_OPEN_WINDOW_COMPLETE.
2026-05-25 00:20:13+00:00,SYSTEM,BOT_CYCLE_COMPLETE,,,,,,Checked 0 signal candidate(s). Market stage=MARKET_OPEN_WINDOW_COMPLETE.
2026-05-25 00:20:35+00:00,SYSTEM,MARKET_OPEN_STAGE,,,,,,Stage=MARKET_OPEN_WINDOW_COMPLETE; watched 3 symbol(s).
2026-05-25 00:20:35+00:00,SYSTEM,BOT_CYCLE_COMPLETE,,,,,,Dashboard scheduler checked 0 signal candidate(s); sent 0 order(s).
2026-05-25 00:20:50+00:00,SYSTEM,BOT_CYCLE_COMPLETE,,,,,,Checked 0 signal candidate(s). Market stage=MARKET_OPEN_WINDOW_COMPLETE.
2026-05-25 00:21:27+00:00,SYSTEM,BOT_CYCLE_COMPLETE,,,,,,Checked 0 signal candidate(s). Market stage=MARKET_OPEN_WINDOW_COMPLETE.
2026-05-25 00:22:04+00:00,SYSTEM,BOT_CYCLE_COMPLETE,,,,,,Checked 0 signal candidate(s). Market stage=MARKET_OPEN_WINDOW_COMPLETE.
2026-05-25 00:22:40+00:00,SYSTEM,BOT_CYCLE_COMPLETE,,,,,,Checked 0 signal candidate(s). Market stage=MARKET_OPEN_WINDOW_COMPLETE.
2026-07-05 23:29:31+00:00,SYSTEM,BOT_CYCLE_COMPLETE,,,,,,Checked 0 signal candidate(s). Market stage=MARKET_OPEN_WINDOW_COMPLETE.
2026-07-05 23:29:33+00:00,SYSTEM,MARKET_OPEN_STAGE,,,,,,Stage=MARKET_OPEN_WINDOW_COMPLETE; watched 3 symbol(s).
2026-07-05 23:29:33+00:00,SYSTEM,BOT_CYCLE_COMPLETE,,,,,,Dashboard scheduler checked 0 signal candidate(s); sent 0 order(s).
2026-07-05 23:30:07+00:00,SYSTEM,BOT_CYCLE_COMPLETE,,,,,,Checked 0 signal candidate(s). Market stage=MARKET_OPEN_WINDOW_COMPLETE.
2026-07-05 23:30:43+00:00,SYSTEM,BOT_CYCLE_COMPLETE,,,,,,Checked 0 signal candidate(s). Market stage=MARKET_OPEN_WINDOW_COMPLETE.
2026-07-05 23:31:20+00:00,SYSTEM,BOT_CYCLE_COMPLETE,,,,,,Checked 0 signal candidate(s). Market stage=MARKET_OPEN_WINDOW_COMPLETE.
2026-07-05 23:31:56+00:00,SYSTEM,BOT_CYCLE_COMPLETE,,,,,,Checked 0 signal candidate(s). Market stage=MARKET_OPEN_WINDOW_COMPLETE.
2026-07-05 23:32:02+00:00,SYSTEM,MARKET_OPEN_STAGE,,,,,,Stage=MARKET_OPEN_WINDOW_COMPLETE; watched 3 symbol(s).
2026-07-05 23:32:02+00:00,SYSTEM,BOT_CYCLE_COMPLETE,,,,,,Dashboard scheduler checked 0 signal candidate(s); sent 0 order(s).
2026-07-05 23:32:32+00:00,SYSTEM,BOT_CYCLE_COMPLETE,,,,,,Checked 0 signal candidate(s). Market stage=MARKET_OPEN_WINDOW_COMPLETE.
2026-07-05 23:33:09+00:00,SYSTEM,BOT_CYCLE_COMPLETE,,,,,,Checked 0 signal candidate(s). Market stage=MARKET_OPEN_WINDOW_COMPLETE.
2026-07-05 23:33:45+00:00,SYSTEM,BOT_CYCLE_COMPLETE,,,,,,Checked 0 signal candidate(s). Market stage=MARKET_OPEN_WINDOW_COMPLETE.
2026-07-05 23:34:22+00:00,SYSTEM,BOT_CYCLE_COMPLETE,,,,,,Checked 0 signal candidate(s). Market stage=MARKET_OPEN_WINDOW_COMPLETE.
2026-07-05 23:44:57+00:00,SYSTEM,BOT_CYCLE_COMPLETE,,,,,,Checked 0 signal candidate(s). Market stage=MARKET_OPEN_WINDOW_COMPLETE.
2026-07-05 23:45:33+00:00,SYSTEM,BOT_CYCLE_COMPLETE,,,,,,Checked 0 signal candidate(s). Market stage=MARKET_OPEN_WINDOW_COMPLETE.
2026-07-06 00:05:27+00:00,SYSTEM,BOT_CYCLE_COMPLETE,,,,,,Checked 0 signal candidate(s). Market closed for the weekend.
2026-07-06 00:05:57+00:00,SYSTEM,BOT_CYCLE_COMPLETE,,,,,,Checked 0 signal candidate(s). Market closed for the weekend.
2026-07-06 00:06:27+00:00,SYSTEM,BOT_CYCLE_COMPLETE,,,,,,Checked 0 signal candidate(s). Market closed for the weekend.
2026-07-06 00:06:58+00:00,SYSTEM,BOT_CYCLE_COMPLETE,,,,,,Checked 0 signal candidate(s). Market closed for the weekend.
2026-07-06 00:07:29+00:00,SYSTEM,BOT_CYCLE_COMPLETE,,,,,,Checked 0 signal candidate(s). Market closed for the weekend.
2026-07-06 00:07:59+00:00,SYSTEM,BOT_CYCLE_COMPLETE,,,,,,Checked 0 signal candidate(s). Market closed for the weekend.
2026-07-06 00:08:30+00:00,SYSTEM,BOT_CYCLE_COMPLETE,,,,,,Checked 0 signal candidate(s). Market closed for the weekend.
2026-07-27 00:46:25+00:00,SYSTEM,BOT_CYCLE_COMPLETE,,,,,,Checked 0 signal candidate(s). Market closed for the weekend.
2026-07-27 00:46:49+00:00,SYSTEM,MARKET_OPEN_STAGE,,,,,,Stage=MARKET_CLOSED_WEEKEND; watched 3 symbol(s).
2026-07-27 00:46:49+00:00,SYSTEM,BOT_CYCLE_COMPLETE,,,,,,Dashboard scheduler checked 0 signal candidate(s); sent 0 order(s).
2026-07-27 00:46:56+00:00,SYSTEM,BOT_CYCLE_COMPLETE,,,,,,Checked 0 signal candidate(s). Market closed for the weekend.
2026-07-27 00:47:26+00:00,SYSTEM,BOT_CYCLE_COMPLETE,,,,,,Checked 0 signal candidate(s). Market closed for the weekend.
2026-07-27 00:47:28+00:00,SYSTEM,MARKET_OPEN_STAGE,,,,,,Stage=MARKET_CLOSED_WEEKEND; watched 3 symbol(s).
2026-07-27 00:47:28+00:00,SYSTEM,BOT_CYCLE_COMPLETE,,,,,,Dashboard scheduler checked 0 signal candidate(s); sent 0 order(s).
2026-07-27 00:47:57+00:00,SYSTEM,BOT_CYCLE_COMPLETE,,,,,,Checked 0 signal candidate(s). Market closed for the weekend.
2026-07-27 00:48:28+00:00,SYSTEM,BOT_CYCLE_COMPLETE,,,,,,Checked 0 signal candidate(s). Market closed for the weekend.
2026-07-27 00:48:58+00:00,SYSTEM,BOT_CYCLE_COMPLETE,,,,,,Checked 0 signal candidate(s). Market closed for the weekend.
2026-07-27 00:49:29+00:00,SYSTEM,BOT_CYCLE_COMPLETE,,,,,,Checked 0 signal candidate(s). Market closed for the weekend.
2026-07-27 00:50:00+00:00,SYSTEM,BOT_CYCLE_COMPLETE,,,,,,Checked 0 signal candidate(s). Market closed for the weekend.
2026-07-27 00:50:30+00:00,SYSTEM,BOT_CYCLE_COMPLETE,,,,,,Checked 0 signal candidate(s). Market closed for the weekend.
2026-07-27 00:51:01+00:00,SYSTEM,BOT_CYCLE_COMPLETE,,,,,,Checked 0 signal candidate(s). Market closed for the weekend.
2026-07-27 00:51:32+00:00,SYSTEM,BOT_CYCLE_COMPLETE,,,,,,Checked 0 signal candidate(s). Market closed for the weekend.
2026-07-27 00:52:03+00:00,SYSTEM,BOT_CYCLE_COMPLETE,,,,,,Checked 0 signal candidate(s). Market closed for the weekend.
2026-07-27 00:52:26+00:00,SYSTEM,MARKET_OPEN_STAGE,,,,,,Stage=MARKET_CLOSED_WEEKEND; watched 3 symbol(s).
2026-07-27 00:52:26+00:00,SYSTEM,BOT_CYCLE_COMPLETE,,,,,,Dashboard scheduler checked 0 signal candidate(s); sent 0 order(s).
2026-07-27 00:52:33+00:00,SYSTEM,BOT_CYCLE_COMPLETE,,,,,,Checked 0 signal candidate(s). Market closed for the weekend.
